-- phpMyAdmin SQL Dump
-- version 5.2.1
-- https://www.phpmyadmin.net/
--
-- Máy chủ: db:3306
-- Thời gian đã tạo: Th9 04, 2024 lúc 02:11 AM
-- Phiên bản máy phục vụ: 8.0.38
-- Phiên bản PHP: 8.2.8

SET SQL_MODE = "NO_AUTO_VALUE_ON_ZERO";
START TRANSACTION;
SET time_zone = "+00:00";


/*!40101 SET @OLD_CHARACTER_SET_CLIENT=@@CHARACTER_SET_CLIENT */;
/*!40101 SET @OLD_CHARACTER_SET_RESULTS=@@CHARACTER_SET_RESULTS */;
/*!40101 SET @OLD_COLLATION_CONNECTION=@@COLLATION_CONNECTION */;
/*!40101 SET NAMES utf8mb4 */;

--
-- Cơ sở dữ liệu: `dongthucvat`
--

-- --------------------------------------------------------

--
-- Cấu trúc bảng cho bảng `banner`
--

CREATE TABLE `banner` (
  `id` int NOT NULL,
  `image` varchar(255) NOT NULL,
  `status` tinyint(1) NOT NULL,
  `createdAt` datetime DEFAULT NULL,
  `createdBy` int DEFAULT NULL,
  `updatedAt` datetime DEFAULT NULL,
  `updatedBy` int DEFAULT NULL
) ENGINE=InnoDB DEFAULT CHARSET=utf8mb4 COLLATE=utf8mb4_0900_ai_ci;

-- --------------------------------------------------------

--
-- Cấu trúc bảng cho bảng `bo`
--

CREATE TABLE `bo` (
  `id` int NOT NULL,
  `name` varchar(255) CHARACTER SET utf8mb4 COLLATE utf8mb4_0900_ai_ci DEFAULT NULL,
  `nameLatinh` varchar(255) CHARACTER SET utf8mb4 COLLATE utf8mb4_0900_ai_ci NOT NULL,
  `loai` tinyint(1) NOT NULL,
  `idLop` int NOT NULL,
  `status` tinyint(1) NOT NULL,
  `createdAt` datetime DEFAULT NULL,
  `createdBy` varchar(255) CHARACTER SET utf8mb4 COLLATE utf8mb4_0900_ai_ci DEFAULT NULL,
  `updatedAt` datetime DEFAULT NULL,
  `updatedBy` varchar(255) CHARACTER SET utf8mb4 COLLATE utf8mb4_0900_ai_ci DEFAULT NULL
) ENGINE=InnoDB DEFAULT CHARSET=utf8mb4 COLLATE=utf8mb4_0900_ai_ci;

--
-- Đang đổ dữ liệu cho bảng `bo`
--

INSERT INTO `bo` (`id`, `name`, `nameLatinh`, `loai`, `idLop`, `status`, `createdAt`, `createdBy`, `updatedAt`, `updatedBy`) VALUES
(1, 'Bộ Náng', 'Amaryllidales', 0, 5, 1, NULL, NULL, NULL, NULL),
(2, 'Bộ Na', 'Annanales', 0, 7, 1, NULL, NULL, NULL, NULL),
(3, 'Bộ Hoa tán', 'Apiales', 0, 7, 1, NULL, NULL, NULL, NULL),
(4, 'Bộ Nhựa ruồi', 'Aquifoliales', 0, 7, 1, NULL, NULL, NULL, NULL),
(5, 'Bộ Ráy', 'Arales', 0, 5, 1, NULL, NULL, NULL, NULL),
(6, 'Bộ Cau dừa', 'Arecales', 0, 5, 1, NULL, NULL, NULL, NULL),
(7, 'Bộ Thiên môn', 'Asparagales', 0, 5, 1, NULL, NULL, NULL, NULL),
(8, 'Bộ Cúc', 'Asterales', 0, 7, 1, NULL, NULL, NULL, NULL),
(9, 'Bộ Bóng nước', 'Balsaminales', 0, 7, 1, NULL, NULL, NULL, NULL),
(10, 'Bộ Cáng lò', 'Betulales', 0, 7, 1, NULL, NULL, NULL, NULL),
(11, 'Bộ Vòi voi', 'Boraginales', 0, 7, 1, NULL, NULL, NULL, NULL),
(12, 'Bộ Dứa', 'Bromeliales', 0, 5, 1, NULL, NULL, NULL, NULL),
(13, 'Bộ Hoa chuông', 'Campanulales', 0, 7, 1, NULL, NULL, NULL, NULL),
(14, 'Bộ Màn màn', 'Capparales', 0, 7, 1, NULL, NULL, NULL, NULL),
(15, 'Bộ Cẩm chướng', 'Caryophyllales', 0, 7, 1, NULL, NULL, NULL, NULL),
(16, 'Bộ Chân danh', 'Celastrales', 0, 7, 1, NULL, NULL, NULL, NULL),
(17, 'Bộ Hoa sói', 'Chloranthales', 0, 7, 1, NULL, NULL, NULL, NULL),
(18, 'Bộ Thài lài', 'Commelinales', 0, 5, 1, NULL, NULL, NULL, NULL),
(19, 'Bộ Thù du', 'Cornales', 0, 7, 1, NULL, NULL, NULL, NULL),
(20, 'Bộ Bí', 'Cucurbitales', 0, 7, 1, NULL, NULL, NULL, NULL),
(21, 'Bộ Dương xỉ mộc', 'Cyatheales', 0, 10, 1, NULL, NULL, NULL, NULL),
(22, 'Bộ Tuế', 'Cycadales', 0, 1, 1, NULL, NULL, NULL, NULL),
(23, 'Bộ Sổ', 'Dilleniales', 0, 7, 1, NULL, NULL, NULL, NULL),
(24, 'Bộ Củ nâu', 'Dioscoreales', 0, 5, 1, NULL, NULL, NULL, NULL),
(25, 'Bộ Tục đoạn', 'Dipsacales', 0, 7, 1, NULL, NULL, NULL, NULL),
(26, 'Bộ Côm', 'Elaeocarpales', 0, 7, 1, NULL, NULL, NULL, NULL),
(27, 'Bộ Mộc tặc', 'Equisetales', 0, 2, 1, NULL, NULL, NULL, NULL),
(28, 'Bộ Đỗ quyên', 'Ericales', 0, 7, 1, NULL, NULL, NULL, NULL),
(29, 'Bộ Thầu dầu', 'Euphorbiales', 0, 7, 1, NULL, NULL, NULL, NULL),
(30, 'Bộ Đậu', 'Fabales', 0, 7, 1, NULL, NULL, NULL, NULL),
(31, 'Bộ Dẻ', 'Fagales', 0, 7, 1, NULL, NULL, NULL, NULL),
(32, 'Bộ Guột', 'Gleicheniales', 0, 10, 1, NULL, NULL, NULL, NULL),
(33, 'Bộ Gắm', 'Gnetales', 0, 3, 1, NULL, NULL, NULL, NULL),
(34, 'Bộ Sau sau', 'Hamamelidales', 0, 7, 1, NULL, NULL, NULL, NULL),
(35, 'Bộ Ráng màng', 'Hymenophyllales', 0, 10, 1, NULL, NULL, NULL, NULL),
(36, 'Bộ Ban', 'Hypericales', 0, 7, 1, NULL, NULL, NULL, NULL),
(37, 'Bộ Hồi', 'Illiciales', 0, 7, 1, NULL, NULL, NULL, NULL),
(38, 'Bộ La dơn', 'Iridales', 0, 5, 1, NULL, NULL, NULL, NULL),
(39, 'Bộ Hồ đào', 'Juglandales', 0, 7, 1, NULL, NULL, NULL, NULL),
(40, 'Bộ Bấc', 'Juncales', 0, 5, 1, NULL, NULL, NULL, NULL),
(41, 'Bộ Hoa môi', 'Lamiales', 0, 7, 1, NULL, NULL, NULL, NULL),
(42, 'Bộ Long não', 'Laurales', 0, 7, 1, NULL, NULL, NULL, NULL),
(43, 'Bộ Lộc vừng', 'Lecythidales', 0, 7, 1, NULL, NULL, NULL, NULL),
(44, 'Bộ Loa kèn', 'Liliales', 0, 5, 1, NULL, NULL, NULL, NULL),
(45, 'Bộ Lanh', 'Linales', 0, 7, 1, NULL, NULL, NULL, NULL),
(46, 'Bộ Thường sơn', 'Loasales', 0, 7, 1, NULL, NULL, NULL, NULL),
(47, 'Bộ Thông đất', 'Lycopodiales', 0, 6, 1, NULL, NULL, NULL, NULL),
(48, 'Bộ Ngọc lan', 'Magnoliales', 0, 7, 1, NULL, NULL, NULL, NULL),
(49, 'Bộ Bông', 'Malvales', 0, 7, 1, NULL, NULL, NULL, NULL),
(50, 'Bộ Móng ngựa', 'Marattiales', 0, 8, 1, NULL, NULL, NULL, NULL),
(51, 'Bộ Tiết dê', 'Menispermales', 0, 7, 1, NULL, NULL, NULL, NULL),
(52, 'Bộ Máu chó', 'Myristicales', 0, 7, 1, NULL, NULL, NULL, NULL),
(53, 'Bộ Sim', 'Myrtales', 0, 7, 1, NULL, NULL, NULL, NULL),
(54, 'Bộ Nắp ấm', 'Nepenthales', 0, 7, 1, NULL, NULL, NULL, NULL),
(55, 'Bộ Mai', 'Ochnales', 0, 7, 1, NULL, NULL, NULL, NULL),
(56, 'Bộ Nhài', 'Oleales', 0, 7, 1, NULL, NULL, NULL, NULL),
(57, 'Bộ Lan', 'Orchidales', 0, 5, 1, NULL, NULL, NULL, NULL),
(58, 'Bộ Chua me đất', 'Oxalidales', 0, 7, 1, NULL, NULL, NULL, NULL),
(59, 'Bộ Dứa dại', 'Pandanales', 0, 5, 1, NULL, NULL, NULL, NULL),
(60, 'Bộ Thông', 'Pinales', 0, 9, 1, NULL, NULL, NULL, NULL),
(61, 'Bộ Hồ tiêu', 'Piperales', 0, 7, 1, NULL, NULL, NULL, NULL),
(62, 'Bộ Hòa thảo', 'Poales', 0, 5, 1, NULL, NULL, NULL, NULL),
(63, 'Bộ Kim giao', 'Podocarpales', 0, 9, 1, NULL, NULL, NULL, NULL),
(64, 'Bộ Viễn chí', 'Polygalales', 0, 7, 1, NULL, NULL, NULL, NULL),
(65, 'Bộ Rau răm', 'Polygonales', 0, 7, 1, NULL, NULL, NULL, NULL),
(66, 'Bộ Dương xỉ', 'Polypodiales ', 0, 10, 1, NULL, NULL, NULL, NULL),
(67, 'Bộ Anh thảo', 'Primulales', 0, 7, 1, NULL, NULL, NULL, NULL),
(68, 'Bộ Mạ sưa', 'Proteales', 0, 7, 1, NULL, NULL, NULL, NULL),
(69, 'Bộ Mao lương', 'Ranunculales', 0, 7, 1, NULL, NULL, NULL, NULL),
(70, 'Bộ Chanh lương', 'Restionales', 0, 5, 1, NULL, NULL, NULL, NULL),
(71, 'Bộ Táo ta', 'Rhamnales', 0, 7, 1, NULL, NULL, NULL, NULL),
(72, 'Bộ Hoa hồng', 'Rosales', 0, 7, 1, NULL, NULL, NULL, NULL),
(73, 'Bộ Cà phê', 'Rubiales', 0, 7, 1, NULL, NULL, NULL, NULL),
(74, 'Bộ Cam', 'Rutales', 0, 7, 1, NULL, NULL, NULL, NULL),
(75, 'Bộ Bèo ong', 'Salviniales', 0, 10, 1, NULL, NULL, NULL, NULL),
(76, 'Bộ Đàn hương', 'Santalales', 0, 7, 1, NULL, NULL, NULL, NULL),
(77, 'Bộ Bồ hòn', 'Sapindales', 0, 7, 1, NULL, NULL, NULL, NULL),
(78, 'Bộ Sến', 'Sapotales', 0, 7, 1, NULL, NULL, NULL, NULL),
(79, 'Bộ Bòng bong', 'Schizaeales', 0, 10, 1, NULL, NULL, NULL, NULL),
(80, 'Bộ Quyển bá', 'Selaginellales', 0, 4, 1, NULL, NULL, NULL, NULL),
(81, 'Bộ Kim cang', 'Smilacales', 0, 5, 1, NULL, NULL, NULL, NULL),
(82, 'Bộ Cà', 'Solanales', 0, 7, 1, NULL, NULL, NULL, NULL),
(83, 'Bộ Bách bộ', 'Stemonales', 0, 5, 1, NULL, NULL, NULL, NULL),
(84, 'Bộ Bồ đề', 'Styracales', 0, 7, 1, NULL, NULL, NULL, NULL),
(85, 'Bộ Thông đỏ', 'Taxales', 0, 9, 1, NULL, NULL, NULL, NULL),
(86, 'Bộ Chè', 'Theales', 0, 7, 1, NULL, NULL, NULL, NULL),
(87, 'Bộ Gai', 'Urticales', 0, 7, 1, NULL, NULL, NULL, NULL),
(88, 'Bộ Hoa tím', 'Violales', 0, 7, 1, NULL, NULL, '2022-11-15 16:00:12', '20'),
(89, 'Bộ Nho', 'Vitales', 0, 7, 1, NULL, NULL, '2022-11-15 16:00:12', '20'),
(90, 'Bộ Gừng', 'Zingiberales', 0, 5, 1, NULL, NULL, NULL, NULL),
(91, 'Bộ cá trình', 'Anguilliformes', 1, 11, 1, NULL, NULL, NULL, NULL),
(92, 'Bộ Không đuôi', 'Anura', 1, 12, 1, NULL, NULL, NULL, NULL),
(93, ' Bộ Yến', 'Apodiformes', 1, 13, 1, NULL, NULL, NULL, NULL),
(94, 'Bộ guốc chẵn', 'Artiodactyla', 1, 15, 1, NULL, NULL, NULL, NULL),
(95, 'Bộ cá Nhói', 'Beloniformes', 1, 11, 1, NULL, NULL, NULL, NULL),
(96, 'Bộ ăn thịt', 'Carnivora ', 1, 15, 1, NULL, NULL, NULL, NULL),
(97, 'Bộ Dơi', 'Chiroptera ', 1, 15, 1, NULL, NULL, NULL, NULL),
(98, ' Bộ Rẽ', 'Chradriiformes', 1, 13, 1, NULL, NULL, NULL, NULL),
(99, ' Bộ Bồ Câu', 'Columbiformes', 1, 13, 1, NULL, NULL, NULL, NULL),
(100, ' Bộ Sả', 'Coraciiformes', 1, 13, 1, NULL, NULL, NULL, NULL),
(101, ' Bộ Cu Cu', 'Cuculiformes', 1, 13, 1, NULL, NULL, NULL, NULL),
(102, 'Bộ Cá chép', 'Cypriniformes', 1, 11, 1, NULL, NULL, NULL, NULL),
(103, 'Bộ Cánh da', 'Dermoptera', 1, 15, 1, NULL, NULL, NULL, NULL),
(104, ' Bộ Gà', 'Galliformes', 1, 13, 1, NULL, NULL, NULL, NULL),
(105, ' Bộ Sếu', 'Gruiformes', 1, 13, 1, NULL, NULL, NULL, NULL),
(106, 'Bộ ăn sâu bọ', 'Insectivora bowdich ', 1, 15, 1, NULL, NULL, NULL, NULL),
(107, 'Bộ Thỏ', 'Lagomorpha', 1, 15, 1, NULL, NULL, NULL, NULL),
(108, ' Bộ Sẻ', 'Passeriformes', 1, 13, 1, NULL, NULL, NULL, NULL),
(109, 'Bộ cá vược', 'Percifomes', 1, 11, 1, NULL, NULL, NULL, NULL),
(110, 'Bộ Tê tê', 'Pholidota', 1, 15, 1, NULL, NULL, NULL, NULL),
(111, ' Bộ Gõ kiến', 'Piciformes', 1, 13, 1, NULL, NULL, NULL, NULL),
(112, 'Bộ Linh trưởng', 'Primates', 1, 15, 1, NULL, NULL, NULL, NULL),
(113, ' Bộ Vẹt', 'Psittaciformes', 1, 13, 1, NULL, NULL, NULL, NULL),
(114, 'Bộ gặm nhấm', 'Rodentia ', 1, 15, 1, NULL, NULL, NULL, NULL),
(115, 'Bộ nhiều răng', 'Scandenta', 1, 15, 1, NULL, NULL, NULL, NULL),
(116, 'Bộ cá nheo', 'Silurifomes', 1, 11, 1, NULL, NULL, NULL, NULL),
(117, 'Bộ Có vẩy', 'Squamata', 1, 14, 1, NULL, NULL, NULL, NULL),
(118, ' Bộ Cú', 'Strigiformes', 1, 13, 1, NULL, NULL, NULL, NULL),
(119, 'Bộ Lươn', 'Synbranchiformes', 1, 11, 1, NULL, NULL, NULL, NULL),
(120, 'Bộ Rùa', 'Testudines', 1, 14, 0, NULL, NULL, '2021-11-30 13:47:29', '20'),
(121, ' Bộ Nuốc', 'Trogoniformes', 1, 13, 1, NULL, NULL, NULL, NULL),
(124, 'test bộ', 'ĐÁAAD', 1, 11, 1, '2023-12-03 20:38:43', '81b0366a-0d23-49c9-70f7-08dbb3fec38d', '2023-12-03 20:38:43', NULL);

-- --------------------------------------------------------

--
-- Cấu trúc bảng cho bảng `ho`
--

CREATE TABLE `ho` (
  `id` int NOT NULL,
  `name` varchar(255) CHARACTER SET utf8mb4 COLLATE utf8mb4_0900_ai_ci DEFAULT NULL,
  `nameLatinh` varchar(255) CHARACTER SET utf8mb4 COLLATE utf8mb4_0900_ai_ci NOT NULL,
  `loai` tinyint(1) NOT NULL,
  `idBo` int NOT NULL,
  `status` tinyint(1) NOT NULL,
  `createdAt` datetime DEFAULT NULL,
  `createdBy` varchar(255) CHARACTER SET utf8mb4 COLLATE utf8mb4_0900_ai_ci DEFAULT NULL,
  `updatedAt` datetime DEFAULT NULL,
  `updatedBy` varchar(255) CHARACTER SET utf8mb4 COLLATE utf8mb4_0900_ai_ci DEFAULT NULL
) ENGINE=InnoDB DEFAULT CHARSET=utf8mb4 COLLATE=utf8mb4_0900_ai_ci;

--
-- Đang đổ dữ liệu cho bảng `ho`
--

INSERT INTO `ho` (`id`, `name`, `nameLatinh`, `loai`, `idBo`, `status`, `createdAt`, `createdBy`, `updatedAt`, `updatedBy`) VALUES
(1, 'Họ Ô Rô', ' Acanthaceae', 0, 41, 1, NULL, NULL, NULL, NULL),
(2, 'Họ thích', ' Aceraceae', 0, 77, 1, NULL, NULL, NULL, NULL),
(3, 'Họ Dương Đào', ' Actinidiaceae', 0, 28, 1, NULL, NULL, NULL, NULL),
(4, 'Họ Nguyệt xỉ', ' Adiantaceae', 0, 66, 1, NULL, NULL, NULL, NULL),
(5, 'Họ Agao', ' Agavaceae', 0, 1, 1, NULL, NULL, NULL, NULL),
(6, 'Họ Thôi Ba', ' Alangiaceae', 0, 19, 1, NULL, NULL, NULL, NULL),
(7, 'Họ  Rau Dền', ' Amaranthaceae', 0, 15, 1, NULL, NULL, NULL, NULL),
(8, 'Họ Lan Huệ', ' Amaryllidaceae', 0, 1, 1, NULL, NULL, NULL, NULL),
(9, 'Họ Đào Lộn Hột', ' Anacardiaceae', 0, 74, 1, NULL, NULL, NULL, NULL),
(10, 'Họ Trung Quân', ' Ancistrocladaceae', 0, 54, 1, NULL, NULL, NULL, NULL),
(11, 'Họ Na', ' Annonaceae', 0, 2, 1, NULL, NULL, NULL, NULL),
(12, 'Họ Hoa tán', ' Apiaceae', 0, 3, 1, NULL, NULL, NULL, NULL),
(13, 'Họ Trúc Đào', ' Apocynaceae', 0, 73, 1, NULL, NULL, NULL, NULL),
(14, 'Họ Nhựa Ruồi', ' Aquifoliaceae', 0, 4, 1, NULL, NULL, NULL, NULL),
(15, 'Họ Môn', ' Araceae', 0, 5, 1, NULL, NULL, NULL, NULL),
(16, 'Ngũ Gia Bì', ' Araliaceae', 0, 3, 1, NULL, NULL, NULL, NULL),
(17, 'Họ Cau Dừa', ' Arecaceae', 0, 6, 1, NULL, NULL, NULL, NULL),
(18, 'Họ Phòng Kỷ', ' Aristolochiaceae', 0, 61, 1, NULL, NULL, NULL, NULL),
(19, 'Họ Thiên Lý', ' Asclepiadaceae', 0, 73, 1, NULL, NULL, NULL, NULL),
(20, 'Họ Cau Xỉ', ' Aspleniaceae', 0, 66, 1, NULL, NULL, NULL, NULL),
(21, 'Họ Cúc', ' Asteraceae (Compositae)', 0, 8, 1, NULL, NULL, NULL, NULL),
(22, 'Họ Bóng nước', ' Balanophoraceae/Balsaminaceae', 0, 9, 1, NULL, NULL, NULL, NULL),
(23, 'Họ Thu Hải Đường', ' Begoniaceae', 0, 20, 1, NULL, NULL, NULL, NULL),
(24, 'Họ Duyên Mộc', ' Betulaceae', 0, 10, 1, NULL, NULL, NULL, NULL),
(25, 'Họ Đinh', ' Bignoniaceae', 0, 41, 1, NULL, NULL, NULL, NULL),
(26, 'Họ Ráng Dừa', ' Blechnaceae', 0, 66, 1, NULL, NULL, NULL, NULL),
(27, 'Họ Bông gạo', ' Bombacaceae', 0, 49, 1, NULL, NULL, NULL, NULL),
(28, 'Họ Vòi Voi', ' Boraginaceae', 0, 11, 1, NULL, NULL, NULL, NULL),
(29, 'Họ Cải', ' Brassicaceae', 0, 14, 1, NULL, NULL, NULL, NULL),
(30, 'Họ Thơm', ' Bromeliaceae', 0, 12, 1, NULL, NULL, NULL, NULL),
(31, 'Họ Trám', ' Burceraceae', 0, 74, 1, NULL, NULL, NULL, NULL),
(32, 'Tiết mi', ' Burmanniaceae', 0, 90, 1, NULL, NULL, NULL, NULL),
(33, 'Họ Vang', ' Caesalpiniaceae', 0, 30, 1, NULL, NULL, NULL, NULL),
(34, 'Họ Hoa Chuông', ' Campanulaceae', 0, 13, 1, NULL, NULL, NULL, NULL),
(35, 'Họ Kim Ngân', ' Caprifoliaceae', 0, 25, 1, NULL, NULL, NULL, NULL),
(36, 'Họ Chân Danh', ' Celastraceae', 0, 16, 1, NULL, NULL, NULL, NULL),
(37, 'Họ Đỉnh tùng', ' Cephalotaxaceae', 0, 85, 1, NULL, NULL, NULL, NULL),
(38, 'Họ cánh dơi', ' Cheiropleuriaceae', 0, 32, 1, NULL, NULL, NULL, NULL),
(39, 'Họ Sói', ' Chloranthaceae', 0, 17, 1, NULL, NULL, NULL, NULL),
(40, 'Họ Bứa (Măng Cụt)', ' Clusiaceae (Guttiferae )', 0, 36, 1, NULL, NULL, NULL, NULL),
(41, 'Họ Bàng', ' Combretaceae', 0, 53, 1, NULL, NULL, NULL, NULL),
(42, 'Họ Thài Lài', ' Commelinaceae', 0, 18, 1, NULL, NULL, NULL, NULL),
(43, 'Họ Dây khế', ' Connaraceae', 0, 58, 1, NULL, NULL, NULL, NULL),
(44, 'Họ Rau Muống', ' Convolvulaceae', 0, 82, 1, NULL, NULL, NULL, NULL),
(45, 'Họ Mía dò', ' Costaceae', 0, 90, 1, NULL, NULL, NULL, NULL),
(46, 'Họ Bầu Bí', ' Cucurbitaceae', 0, 20, 1, NULL, NULL, NULL, NULL),
(47, 'Họ Dương Xỉ Mộc', ' Cyatheaceae', 0, 21, 1, NULL, NULL, NULL, NULL),
(48, 'Họ Tuế', ' Cycadaceae', 0, 22, 1, NULL, NULL, NULL, NULL),
(49, 'Họ Cói', ' Cyperaceae', 0, 40, 1, NULL, NULL, NULL, NULL),
(50, 'Họ Đăng Tiết', ' Dennstaedtiaceae', 0, 66, 1, NULL, NULL, NULL, NULL),
(51, 'Họ Cu li', ' Dicksoniaceae', 0, 21, 1, NULL, NULL, NULL, NULL),
(52, 'Họ Sổ', ' Dilleniaceae', 0, 23, 1, NULL, NULL, NULL, NULL),
(53, 'Họ Củ Nâu', ' Dioscoreaceae', 0, 24, 1, NULL, NULL, NULL, NULL),
(54, 'Họ Dầu', ' Dipterocarpaceae', 0, 49, 1, NULL, NULL, NULL, NULL),
(55, 'Họ Ráng áo sen', ' Dryopteridaceae', 0, 66, 1, NULL, NULL, NULL, NULL),
(56, 'Họ Thị', ' Ebenaceae', 0, 84, 1, NULL, NULL, NULL, NULL),
(57, 'Họ Côm', ' Elaeocarpaceae', 0, 26, 1, NULL, NULL, NULL, NULL),
(58, 'Họ Mộc Tặc', ' Equisetaceae', 0, 27, 1, NULL, NULL, NULL, NULL),
(59, 'Họ Đỗ quyên', ' Ericaceae', 0, 28, 1, NULL, NULL, NULL, NULL),
(60, 'Họ Ba Mảnh Vỏ', ' Euphorbiaceae', 0, 29, 1, NULL, NULL, NULL, NULL),
(61, 'Họ Đậu', ' Fabaceae', 0, 30, 1, NULL, NULL, NULL, NULL),
(62, 'Họ Dẻ', ' Fagaceae', 0, 31, 1, NULL, NULL, NULL, NULL),
(63, 'Họ Mùng Quân', ' Flacourtiaceae', 0, 88, 1, NULL, NULL, NULL, NULL),
(64, 'Họ Mây Nước', ' Flagellariaceae', 0, 70, 1, NULL, NULL, NULL, NULL),
(65, 'Họ Vọt, Tế', ' Gleicheniaceae', 0, 32, 1, NULL, NULL, NULL, NULL),
(66, 'Họ Gắm', ' Gnetaceae', 0, 33, 1, NULL, NULL, NULL, NULL),
(67, 'Họ Ráng lâm bài', ' Grammitidaceae', 0, 66, 1, NULL, NULL, NULL, NULL),
(68, 'Họ Sau sau', ' Hamamelidaceae', 0, 34, 1, NULL, NULL, NULL, NULL),
(69, 'Họ Mạch môn', ' Hemodoraceae (Convallariaceae)', 0, 7, 1, NULL, NULL, NULL, NULL),
(70, 'Họ Thường sơn', ' Hydrangeaceae ', 0, 46, 1, NULL, NULL, NULL, NULL),
(71, 'Họ  Hymenophyllaceae', ' Hymenophyllaceae', 0, 35, 1, NULL, NULL, NULL, NULL),
(72, 'Họ Thụ Đào', ' Icacinacea', 0, 4, 1, NULL, NULL, NULL, NULL),
(73, 'Họ Illiciaceae', ' Illiciaceae', 0, 37, 1, NULL, NULL, NULL, NULL),
(74, 'Họ Lưỡi Đòng', ' Iridaceae', 0, 38, 1, NULL, NULL, NULL, NULL),
(75, 'Họ Hồ Đào', ' Jugladaceae', 0, 39, 1, NULL, NULL, NULL, NULL),
(76, 'Họ Hoa Môi', ' Lamiaceae', 0, 41, 1, NULL, NULL, NULL, NULL),
(77, 'Họ Long Não', ' Lauraceae', 0, 42, 1, NULL, NULL, NULL, NULL),
(78, 'Họ Gối Hạc', ' Leaceae', 0, 89, 1, NULL, NULL, NULL, NULL),
(79, 'Họ Lộc Vừng', ' Lecythidaceae', 0, 43, 1, NULL, NULL, NULL, NULL),
(80, 'Họ Bạch Huệ', ' Liliaceae (Convallariaceae)', 0, 44, 1, NULL, NULL, NULL, NULL),
(81, 'Họ Mã Tiền', ' Loganiaceae', 0, 73, 1, NULL, NULL, NULL, NULL),
(82, 'Họ Lomariposidaceae', ' Lomariposidaceae', 0, 66, 1, NULL, NULL, NULL, NULL),
(83, 'Họ Tầm Gửi', ' Loranthaceae', 0, 76, 1, NULL, NULL, NULL, NULL),
(84, 'Họ Thông Đất', ' Lycopodiaceae', 0, 47, 1, NULL, NULL, NULL, NULL),
(85, 'Họ Bằng Lăng', ' Lythraceae', 0, 53, 1, NULL, NULL, NULL, NULL),
(86, 'Họ Mộc Lan', ' Magnoliaceae', 0, 48, 1, NULL, NULL, NULL, NULL),
(87, 'Họ Bông', ' Malvaceae', 0, 49, 1, NULL, NULL, NULL, NULL),
(88, 'Họ Hoàng Tinh', ' Maranthaceae', 0, 90, 1, NULL, NULL, NULL, NULL),
(89, 'Họ Móng ngựa', ' Marattiaceae', 0, 50, 1, NULL, NULL, NULL, NULL),
(90, 'Họ Rau Bợ', ' Marsileaceae', 0, 75, 1, NULL, NULL, NULL, NULL),
(91, 'Họ Mua', ' Melastomataceae', 0, 53, 1, NULL, NULL, NULL, NULL),
(92, 'Họ Xoan', ' Meliaceae', 0, 74, 1, NULL, NULL, NULL, NULL),
(93, 'Họ Dây Mối (Tiết Dê)', ' Menispermaceae', 0, 51, 1, NULL, NULL, NULL, NULL),
(94, 'Họ Dâu Tằm', ' Moraceae', 0, 87, 1, NULL, NULL, NULL, NULL),
(95, 'Họ Chuối', ' Musaceae', 0, 90, 1, NULL, NULL, NULL, NULL),
(96, 'Máu chó', ' Myristicaceae', 0, 52, 1, NULL, NULL, NULL, NULL),
(97, 'Họ Đơn Nem', ' Myrsinaceae', 0, 67, 1, NULL, NULL, NULL, NULL),
(98, 'Họ Sim', ' Myrtaceae', 0, 53, 1, NULL, NULL, NULL, NULL),
(99, 'Họ lam quả', ' Nyssaceae', 0, 19, 1, NULL, NULL, NULL, NULL),
(100, 'Họ Mai', ' Ochnaceae', 0, 55, 1, NULL, NULL, NULL, NULL),
(101, 'Họ nhài', ' Oleaceae', 0, 56, 1, NULL, NULL, NULL, NULL),
(102, 'Họ Dừa Nước', ' Onagraceae', 0, 53, 1, NULL, NULL, NULL, NULL),
(103, 'Họ Lân vĩ', ' Opiliaceae', 0, 76, 1, NULL, NULL, NULL, NULL),
(104, 'Họ Lan', ' Orchidaceae', 0, 57, 1, NULL, NULL, NULL, NULL),
(105, 'Họ lệ dương', ' Orobanchaceae', 0, 41, 1, NULL, NULL, NULL, NULL),
(106, 'Họ Chua Me Đất', ' Oxalidaceae', 0, 58, 1, NULL, NULL, NULL, NULL),
(107, 'Họ Dứa Gai', ' Pandanaceae', 0, 59, 1, NULL, NULL, NULL, NULL),
(108, 'Họ Lạc Tiên', ' Passifloraceae', 0, 88, 1, NULL, NULL, NULL, NULL),
(109, 'Họ Thông', ' Pinaceae', 0, 60, 1, NULL, NULL, NULL, NULL),
(110, 'Họ Hồ Tiêu', ' Piperaceae', 0, 61, 1, NULL, NULL, NULL, NULL),
(111, 'Họ  Plagiogyriaceae', ' Plagiogyriaceae', 0, 21, 1, NULL, NULL, NULL, NULL),
(112, 'Họ Mã Đề', ' Plantaginaceae', 0, 41, 1, NULL, NULL, NULL, NULL),
(113, 'Họ Hoà Thảo', ' Poaceae', 0, 62, 1, NULL, NULL, NULL, NULL),
(114, 'Họ Kim Giao', ' Podocarpaceae', 0, 63, 1, NULL, NULL, NULL, NULL),
(115, 'Họ Bần', ' Polygalaceae', 0, 53, 1, NULL, NULL, NULL, NULL),
(116, 'Họ Bồ đề', 'Styracaceae', 0, 84, 1, NULL, NULL, NULL, NULL),
(117, 'Họ Bồ Hòn', 'Sapindaceae', 0, 77, 1, NULL, NULL, NULL, NULL),
(118, 'Họ Cà', 'Solanaceae', 0, 82, 1, NULL, NULL, NULL, NULL),
(119, 'Họ Cà Phê', 'Rubiaceae', 0, 73, 1, NULL, NULL, NULL, NULL),
(120, 'Họ Cam Quýt', 'Citrus', 0, 74, 1, NULL, NULL, NULL, NULL),
(121, 'Họ Cỏ Roi Ngựa', 'Verbenaceae', 0, 41, 1, NULL, NULL, NULL, NULL),
(122, 'Họ Đay', 'Malvaceae', 0, 49, 1, NULL, NULL, NULL, NULL),
(123, 'Họ Du', 'Ulmaceae', 0, 87, 1, NULL, NULL, NULL, NULL),
(124, 'Họ Dung', 'Symplocaceae', 0, 84, 1, NULL, NULL, NULL, NULL),
(125, 'Họ Đước', 'Rhizophoraceae', 0, 45, 1, NULL, NULL, NULL, NULL),
(126, 'Họ Gai', 'Cannabaceae', 0, 87, 1, NULL, NULL, NULL, NULL),
(127, 'Họ Hoa Hồng', 'Rosaceae', 0, 72, 1, NULL, NULL, NULL, NULL),
(128, 'Họ Mạ Xưa', 'Proteales', 0, 68, 1, NULL, NULL, NULL, NULL),
(129, 'Họ Mao Lương', 'Ranunculaceae', 0, 69, 1, NULL, NULL, NULL, NULL),
(130, 'Họ Nho', 'Vitaceae', 0, 89, 1, NULL, NULL, NULL, NULL),
(131, 'Họ Rau Răm', 'Polygonaceae', 0, 65, 1, NULL, NULL, NULL, NULL),
(132, 'Họ Rau Sam', 'Portulacaceae', 0, 15, 1, NULL, NULL, NULL, NULL),
(133, 'Họ Sến (Hồng xiêm)', 'Nelumbonaceae', 0, 78, 1, NULL, NULL, NULL, NULL),
(134, 'Họ Táo', 'Rhamnaceae', 0, 71, 1, NULL, NULL, NULL, NULL),
(135, 'Họ Thanh Thất', 'Simaroubaceae', 0, 74, 1, NULL, NULL, NULL, NULL),
(136, 'Họ Trà', 'Theaceae', 0, 86, 1, NULL, NULL, NULL, NULL),
(137, 'Họ Trầm', 'Thymelaeaceae', 0, 49, 1, NULL, NULL, NULL, NULL),
(138, 'Họ Trôm', 'Malvaceae', 0, 49, 1, NULL, NULL, NULL, NULL),
(139, 'Họ Viễn Chí', 'Polygalaceae', 0, 64, 1, NULL, NULL, NULL, NULL),
(140, 'Họ Xưn xe', 'Schisandraceae', 0, 37, 1, NULL, NULL, NULL, NULL),
(141, 'Họ Dương Xỉ', ' Polypodiaceae', 0, 66, 1, NULL, NULL, NULL, NULL),
(142, 'Họ Ráng seo gà', ' Pteridaceae', 0, 66, 1, NULL, NULL, NULL, NULL),
(143, 'Họ Bòng Bong', ' Schizeaceae', 0, 79, 1, NULL, NULL, NULL, NULL),
(144, 'Họ Quyển Bá', ' Selaginellaceae', 0, 80, 1, NULL, NULL, NULL, NULL),
(145, 'Họ Kim Cang', ' Smilacaceae', 0, 81, 1, NULL, NULL, NULL, NULL),
(146, 'Họ Bách Bộ', ' Stemonaceae', 0, 83, 1, NULL, NULL, NULL, NULL),
(147, 'Họ Râu Hùm', ' Taccaceae', 0, 24, 1, NULL, NULL, NULL, NULL),
(148, 'Họ Ráng thư dực', ' Thelypteridaceae', 0, 66, 1, NULL, NULL, NULL, NULL),
(149, 'Họ ráng râu rồng', ' Vittariaceae', 0, 66, 1, NULL, NULL, NULL, NULL),
(150, 'Ráng gỗ nhỏ', ' Woodsiaceae', 0, 66, 1, NULL, NULL, NULL, NULL),
(151, 'Họ Gừng', ' Zingiberaceae', 0, 90, 1, NULL, NULL, NULL, NULL),
(152, 'Họ Bún, Màn Màn', 'Capparaceae', 0, 14, 1, NULL, NULL, NULL, NULL),
(153, 'Họ Phụ cánh bướm', 'Ceasalpinioideae', 0, 30, 1, NULL, NULL, NULL, NULL),
(154, 'Họ Davaliaceae', 'Davaliaceae', 0, 66, 1, NULL, NULL, NULL, NULL),
(155, 'Họ Phụ Đậu', 'Papilionoideae', 0, 30, 1, NULL, NULL, '2022-11-15 16:00:30', '20'),
(156, 'Họ Phụ trinh nữ', 'Mimosoideae', 0, 30, 1, NULL, NULL, NULL, NULL),
(157, ' Họ Hồng Hoàng', ' Bucerotidae', 1, 100, 1, NULL, NULL, NULL, NULL),
(158, 'Họ Phường Chèo', ' Campephagidae', 1, 108, 1, NULL, NULL, NULL, NULL),
(159, ' Họ Ưng', 'Accipitridae', 1, 104, 1, NULL, NULL, NULL, NULL),
(160, 'Họ Chim xanh', 'Aegithinidae', 1, 108, 1, NULL, NULL, NULL, NULL),
(161, 'Hộ Nhông', 'Agamidae', 1, 117, 1, NULL, NULL, NULL, NULL),
(162, ' Họ Bồng chanh', 'Alcedinidae', 1, 100, 1, NULL, NULL, NULL, NULL),
(163, 'Họ cá chình', 'Anguillidae', 1, 91, 1, NULL, NULL, NULL, NULL),
(164, ' Họ Yến', 'Apodidae', 1, 93, 1, NULL, NULL, NULL, NULL),
(165, ' Họ Diệc', 'Ardeidae', 1, 104, 1, NULL, NULL, NULL, NULL),
(166, 'Họ Nhạn rừng', 'Artamidae', 1, 108, 1, NULL, NULL, NULL, NULL),
(167, 'Họ cá bám đá', 'Balitoridae', 1, 102, 1, NULL, NULL, NULL, NULL),
(168, 'Họ cá nhói', 'Belonidae  ', 1, 95, 1, NULL, NULL, NULL, NULL),
(169, 'Họ cá vây tia', 'Botiidae', 1, 102, 1, NULL, NULL, NULL, NULL),
(170, 'Họ Trâu bò', 'Bovidae ', 1, 94, 1, NULL, NULL, NULL, NULL),
(171, 'Họ Cóc', 'Bufonidae', 1, 92, 1, NULL, NULL, NULL, NULL),
(172, 'Họ Chó', 'Canidae ', 1, 96, 1, NULL, NULL, NULL, NULL),
(173, ' Họ Bìm Bịp', 'Centropodidae', 1, 101, 1, NULL, NULL, NULL, NULL),
(174, 'Họ Khỉ', 'Cercopithecidae ', 1, 112, 1, NULL, NULL, NULL, NULL),
(175, 'Họ Hươu nai', 'Cervidae ', 1, 94, 1, NULL, NULL, NULL, NULL),
(176, ' Họ Bói cá', 'Cerylidae', 1, 100, 1, NULL, NULL, NULL, NULL),
(177, 'Họ cá chuối', 'Channidae', 1, 109, 1, NULL, NULL, NULL, NULL),
(178, ' Họ Chim xanh', 'Chloropseidae', 1, 108, 1, NULL, NULL, NULL, NULL),
(179, ' Họ Chiền chiện', 'Cisticolidae', 1, 108, 1, NULL, NULL, NULL, NULL),
(180, 'Họ cá trê', 'Clariidae', 1, 116, 1, NULL, NULL, NULL, NULL),
(181, 'Họ cá chạch', 'Cobitidae', 1, 102, 1, NULL, NULL, NULL, NULL),
(182, 'Họ Rắn nước', 'Colubridae', 1, 117, 1, NULL, NULL, NULL, NULL),
(183, ' Họ Bồ Câu', 'Columbidae', 1, 99, 1, NULL, NULL, NULL, NULL),
(184, ' Họ Sả rừng', 'Coraciidae', 1, 100, 1, NULL, NULL, NULL, NULL),
(185, ' Họ Quạ', 'Corvidae', 1, 108, 1, NULL, NULL, NULL, NULL),
(186, ' Họ Cu Cu', 'Cuculidae', 1, 101, 1, NULL, NULL, NULL, NULL),
(187, 'Họ Chồn dơi', 'Cynocephalidae ', 1, 103, 1, NULL, NULL, NULL, NULL),
(188, 'Họ Cá chép', 'Cyprinidae', 1, 102, 1, NULL, NULL, NULL, NULL),
(189, 'Họ Ếch nhái chính thức', 'Dicroglossidae', 1, 92, 1, NULL, NULL, NULL, NULL),
(190, 'Họ Chèo bẻo', 'Dicruidae', 1, 108, 1, NULL, NULL, NULL, NULL),
(191, 'Họ Rắn hổ', 'Elapidae', 1, 117, 1, NULL, NULL, NULL, NULL),
(192, 'Họ chuột voi', 'Erinaceidae ', 1, 106, 1, NULL, NULL, NULL, NULL),
(193, 'Họ Chim di', 'Estrilidae', 1, 108, 1, NULL, NULL, NULL, NULL),
(194, ' Họ Mỏ rộng', 'Eurylamydae', 1, 111, 1, NULL, NULL, NULL, NULL),
(195, ' Họ Cắt', 'Falconidae', 1, 104, 1, NULL, NULL, NULL, NULL),
(196, 'Họ Mèo', 'Felidae ', 1, 96, 1, NULL, NULL, NULL, NULL),
(197, 'Họ cá tỳ bà', 'Gastromyzontidae', 1, 102, 1, NULL, NULL, NULL, NULL),
(198, 'Họ Tắc kè', 'Gekkonidae', 1, 117, 1, NULL, NULL, NULL, NULL),
(199, 'Họ Rùa đầm', 'Geoemydidae', 1, 120, 1, NULL, NULL, NULL, NULL),
(200, 'Họ cá bống trắng', 'Gobiidae', 1, 109, 1, NULL, NULL, NULL, NULL),
(201, ' Họ Sả', 'Halcyonidae', 1, 100, 1, NULL, NULL, NULL, NULL),
(202, 'Họ Cầy lỏn', 'Herpestidae ', 1, 96, 1, NULL, NULL, NULL, NULL),
(203, 'Họ Dơi nếp mũi  ', 'Hipposideridae  ', 1, 97, 1, NULL, NULL, NULL, NULL),
(204, ' Họ Nhạn', 'Hirundinidae', 1, 108, 1, NULL, NULL, NULL, NULL),
(205, 'Họ Vượn', 'Hylobatidae ', 1, 112, 1, NULL, NULL, NULL, NULL),
(206, 'Họ Nhím', 'Hystricidae', 1, 114, 1, NULL, NULL, NULL, NULL),
(207, ' Họ chim xanh', 'Irenidae', 1, 108, 1, NULL, NULL, NULL, NULL),
(208, ' Họ Bách thanh', 'Laniidae', 1, 108, 1, NULL, NULL, NULL, NULL),
(209, 'Họ Thỏ', 'Leporidae ', 1, 107, 1, NULL, NULL, NULL, NULL),
(210, 'Họ Cu li', 'Loridae ', 1, 112, 1, NULL, NULL, NULL, NULL),
(211, 'Họ Tê tê', 'Manidae ', 1, 110, 1, NULL, NULL, NULL, NULL),
(212, 'Họ cá chạch sông', 'Mastacembelidae', 1, 119, 1, NULL, NULL, NULL, NULL),
(213, 'Họ Dơi ma ', 'Megadermatidae ', 1, 97, 1, NULL, NULL, NULL, NULL),
(214, ' Họ Cu rốc', 'Megalaimidae', 1, 100, 1, NULL, NULL, NULL, NULL),
(215, 'Họ Cóc bùn', 'Megophryidae', 1, 92, 1, NULL, NULL, NULL, NULL),
(216, ' Họ Trảu', 'Meropidae', 1, 100, 1, NULL, NULL, NULL, NULL),
(217, 'Họ Nhái bầu', 'Microhylidae', 1, 92, 1, NULL, NULL, NULL, NULL),
(218, 'Họ Đớp ruồi Monarch', 'Monarchidae', 1, 108, 1, NULL, NULL, NULL, NULL),
(219, 'Họ Chìa vôi', 'Motacillidae', 1, 108, 1, NULL, NULL, NULL, NULL),
(220, 'Họ Chuột', 'Muridae', 1, 114, 1, NULL, NULL, NULL, NULL),
(221, ' Họ Đớp ruồi', 'Muscicapidae', 1, 108, 1, NULL, NULL, NULL, NULL),
(222, 'Họ Chồn', 'Mustelidae ', 1, 96, 1, NULL, NULL, NULL, NULL),
(223, ' Họ Hút mật', 'Nectariniidae', 1, 108, 1, NULL, NULL, NULL, NULL),
(224, 'Họ cá chạch suối', 'Nemacheilidae', 1, 102, 1, NULL, NULL, NULL, NULL),
(225, 'Họ Vàng anh', 'Oriolidae', 1, 108, 1, NULL, NULL, NULL, NULL),
(226, 'Họ cá tai tượng', 'Osphronemidae', 1, 109, 1, NULL, NULL, NULL, NULL),
(227, ' Họ Bạc má', 'Paridae', 1, 108, 1, NULL, NULL, NULL, NULL),
(228, ' Họ Sẻ', 'Passeridae', 1, 108, 1, NULL, NULL, NULL, NULL),
(229, 'Họ cá rô mó', 'Percichthyidae', 1, 109, 1, NULL, NULL, NULL, NULL),
(230, ' Họ Trĩ', 'Phasianidae', 1, 104, 1, NULL, NULL, NULL, NULL),
(231, ' Họ Gõ kiến', 'Picidae', 1, 111, 1, NULL, NULL, NULL, NULL),
(232, ' Họ Đuôi cụt', 'Pittidae', 1, 108, 1, NULL, NULL, NULL, NULL),
(233, 'Họ Rùa đầu to', 'Platysternidae', 1, 120, 1, NULL, NULL, NULL, NULL),
(234, 'Họ cá rô biển', 'Pristolepididae', 1, 109, 1, NULL, NULL, NULL, NULL),
(235, ' Họ Vẹt', 'Psittacidae', 1, 113, 1, NULL, NULL, NULL, NULL),
(236, 'Họ Sóc cây', 'Pteromyidae ', 1, 114, 1, NULL, NULL, NULL, NULL),
(237, 'Họ Dơi quả', 'Pteropodidae ', 1, 97, 1, NULL, NULL, NULL, NULL),
(238, ' Họ Chào mào', 'Pycnonotidae', 1, 108, 1, NULL, NULL, NULL, NULL),
(239, 'Họ Trăn', 'Pythonidae', 1, 117, 1, NULL, NULL, NULL, NULL),
(240, ' Họ Gà nước', 'Rallidae', 1, 105, 1, NULL, NULL, NULL, NULL),
(241, 'Họ Ếch nhái', 'Ranidae', 1, 92, 1, NULL, NULL, NULL, NULL),
(242, 'Họ Ếch cây', 'Rhacophoridae', 1, 92, 1, NULL, NULL, NULL, NULL),
(243, 'Họ Dơi lá mũi', 'Rhinolophidae ', 1, 97, 1, NULL, NULL, NULL, NULL),
(244, 'Họ Rẻ quạt', 'Rhiphiduradae', 1, 108, 1, NULL, NULL, NULL, NULL),
(245, 'Họ Dúi', 'Rhizomyidae', 1, 114, 1, NULL, NULL, NULL, NULL),
(246, 'Họ Thằn lằn bóng', 'Scincidae', 1, 117, 1, NULL, NULL, NULL, NULL),
(247, ' Họ Rẽ', 'Scolopacidae', 1, 98, 1, NULL, NULL, NULL, NULL),
(248, 'Họ cá chiên', 'Sisoridae', 1, 116, 1, NULL, NULL, NULL, NULL),
(249, ' Họ Trèo cây', 'Sittidae', 1, 108, 1, NULL, NULL, NULL, NULL),
(250, 'Họ Chuột chù', 'Soricidae G.Fischer, 1814', 1, 106, 1, NULL, NULL, NULL, NULL),
(251, ' Họ Cú', 'Strigidae', 1, 118, 1, NULL, NULL, NULL, NULL),
(252, ' Họ Sáo', 'Sturnidae', 1, 108, 1, NULL, NULL, NULL, NULL),
(253, 'Họ Lợn', 'Suidae ', 1, 94, 1, NULL, NULL, NULL, NULL),
(254, 'Họ Chim chích', 'Sylviidae', 1, 108, 1, NULL, NULL, NULL, NULL),
(255, 'Họ Lươn', 'Synbranchidae', 1, 119, 1, NULL, NULL, NULL, NULL),
(256, 'Họ chuột chũi', 'Talpidae ', 1, 106, 1, NULL, NULL, NULL, NULL),
(257, 'Họ Rùa núi', 'Testudinidae', 1, 120, 1, NULL, NULL, NULL, NULL),
(258, 'Họ Khướu', 'Timaliidae', 1, 108, 1, NULL, NULL, NULL, NULL),
(259, 'Họ Cheo cheo', 'Tragulidae ', 1, 94, 1, NULL, NULL, NULL, NULL),
(260, 'Họ Ba ba', 'Trionychidae', 1, 120, 1, NULL, NULL, NULL, NULL),
(261, ' Họ Nuốc', 'Trogonidae', 1, 121, 1, NULL, NULL, NULL, NULL),
(262, 'Họ Đồi', 'Tupaiidae', 1, 115, 1, NULL, NULL, NULL, NULL),
(263, ' Họ Cun cút', 'Turnicidae', 1, 105, 1, NULL, NULL, NULL, NULL),
(264, 'Họ Gấu', 'Ursidae ', 1, 96, 1, NULL, NULL, NULL, NULL),
(265, 'Họ Kỳ đà', 'Varanidae', 1, 117, 1, NULL, NULL, NULL, NULL),
(266, 'Họ Dơi muỗi', 'Vespertilionidae ', 1, 97, 1, NULL, NULL, NULL, NULL),
(267, 'Họ Rắn lục', 'Viperidae', 1, 117, 0, NULL, NULL, '2021-11-30 13:56:32', '20'),
(268, 'Họ Cầy', 'Viverridae ', 1, 96, 0, NULL, NULL, '2021-11-30 13:56:31', '20'),
(269, ' Họ Vành khuyên', 'Zosteropidae', 1, 108, 1, NULL, NULL, '2021-11-29 16:05:23', '20'),
(273, 'test họ', 'ĐDDẤDASDSA', 1, 91, 1, '2023-12-03 20:38:56', '81b0366a-0d23-49c9-70f7-08dbb3fec38d', '2023-12-03 20:38:56', NULL);

-- --------------------------------------------------------

--
-- Cấu trúc bảng cho bảng `introduce`
--

CREATE TABLE `introduce` (
  `id` int NOT NULL,
  `content` text NOT NULL,
  `createdAt` datetime DEFAULT NULL,
  `createdBy` int DEFAULT NULL,
  `updatedAt` datetime DEFAULT NULL,
  `updatedBy` int DEFAULT NULL
) ENGINE=InnoDB DEFAULT CHARSET=utf8mb4 COLLATE=utf8mb4_0900_ai_ci;

-- --------------------------------------------------------

--
-- Cấu trúc bảng cho bảng `loai`
--

CREATE TABLE `loai` (
  `id` int NOT NULL,
  `name` varchar(255) CHARACTER SET utf8mb4 COLLATE utf8mb4_0900_ai_ci DEFAULT NULL,
  `nameLatinh` varchar(255) CHARACTER SET utf8mb4 COLLATE utf8mb4_0900_ai_ci NOT NULL,
  `loai` tinyint(1) NOT NULL,
  `idHo` int NOT NULL,
  `rPH` tinyint(1) NOT NULL,
  `dacDiem` text CHARACTER SET utf8mb4 COLLATE utf8mb4_0900_ai_ci,
  `giaTriSuDung` varchar(255) CHARACTER SET utf8mb4 COLLATE utf8mb4_0900_ai_ci DEFAULT NULL,
  `phanBo` varchar(255) CHARACTER SET utf8mb4 COLLATE utf8mb4_0900_ai_ci DEFAULT NULL,
  `nguonTaiLieu` varchar(255) CHARACTER SET utf8mb4 COLLATE utf8mb4_0900_ai_ci DEFAULT NULL,
  `hinhAnh` varchar(255) CHARACTER SET utf8mb4 COLLATE utf8mb4_0900_ai_ci DEFAULT NULL,
  `mucDoBaoTonIUCN` varchar(100) CHARACTER SET utf8mb4 COLLATE utf8mb4_0900_ai_ci DEFAULT NULL,
  `mucDoBaoTonSDVN` varchar(100) CHARACTER SET utf8mb4 COLLATE utf8mb4_0900_ai_ci DEFAULT NULL,
  `mucDoBaoTonNDCP` varchar(100) CHARACTER SET utf8mb4 COLLATE utf8mb4_0900_ai_ci DEFAULT NULL,
  `mucDoBaoTonND64CP` varchar(100) CHARACTER SET utf8mb4 COLLATE utf8mb4_0900_ai_ci DEFAULT NULL,
  `status` tinyint(1) NOT NULL,
  `createdAt` datetime DEFAULT NULL,
  `createdBy` varchar(255) CHARACTER SET utf8mb4 COLLATE utf8mb4_0900_ai_ci DEFAULT NULL,
  `updatedAt` datetime DEFAULT NULL,
  `updatedBy` varchar(255) CHARACTER SET utf8mb4 COLLATE utf8mb4_0900_ai_ci DEFAULT NULL
) ENGINE=InnoDB DEFAULT CHARSET=utf8mb4 COLLATE=utf8mb4_0900_ai_ci;

--
-- Đang đổ dữ liệu cho bảng `loai`
--

INSERT INTO `loai` (`id`, `name`, `nameLatinh`, `loai`, `idHo`, `rPH`, `dacDiem`, `giaTriSuDung`, `phanBo`, `nguonTaiLieu`, `hinhAnh`, `mucDoBaoTonIUCN`, `mucDoBaoTonSDVN`, `mucDoBaoTonNDCP`, `mucDoBaoTonND64CP`, `status`, `createdAt`, `createdBy`, `updatedAt`, `updatedBy`) VALUES
(1, 'Thông đất ', 'Lycopodium cernua (L.) Franco & Vasc', 0, 84, 0, '', '', '', '', '', NULL, NULL, NULL, NULL, 1, NULL, NULL, NULL, NULL),
(2, 'Quyển bá doderlein', 'Selaginella doderleinii Hieron.', 0, 144, 0, '', '', '', '', '', NULL, NULL, NULL, NULL, 1, NULL, NULL, NULL, NULL),
(3, 'Quyển bá quấn', 'S. involvens (Sw.) Spring.', 0, 144, 0, '', '', '', '', '', NULL, NULL, NULL, NULL, 1, NULL, NULL, NULL, NULL),
(4, 'Quyển bá Petelo', 'S. petelotii Aston', 0, 144, 0, '', '', '', '', '', NULL, NULL, NULL, NULL, 1, NULL, NULL, NULL, NULL),
(5, 'Quyển bá trâu', 'S. repanda (Desv.) Spring', 0, 144, 0, '', '', '', '', '', NULL, NULL, NULL, NULL, 1, NULL, NULL, NULL, NULL),
(6, 'Quyển bá yếu', 'S. delicatula (Desv.) Alst.', 0, 144, 0, '', '', '', '', '', NULL, NULL, NULL, NULL, 1, NULL, NULL, NULL, NULL),
(7, 'Mộc tặc yếu', 'Equisetum  ramosissimum Devs.', 0, 58, 0, '', '', '', '', '', NULL, NULL, NULL, NULL, 1, NULL, NULL, NULL, NULL),
(8, 'Tóc xanh', 'Adiantum flabellulatum L. ', 0, 4, 0, '', '', '', '', '', NULL, NULL, NULL, NULL, 1, NULL, NULL, NULL, NULL),
(9, 'Tóc thần Philipin', 'A. philippense L.', 0, 4, 0, '', '', '', '', '', NULL, NULL, NULL, NULL, 1, NULL, NULL, NULL, NULL),
(10, 'Ráng nguyệt xỉ cứng', 'A. induratum Chr.', 0, 4, 0, '', '', '', '', '', NULL, NULL, NULL, NULL, 1, NULL, NULL, NULL, NULL),
(11, 'Nguyệt xỉ', 'A. diaphanum Bl.', 0, 4, 0, '', '', '', '', '', NULL, NULL, NULL, NULL, 1, NULL, NULL, NULL, NULL),
(12, 'Lưỡi heo', 'Antrophyum annamensis Chr. & Tard.', 0, 4, 0, '', '', '', '', '', NULL, NULL, NULL, NULL, 1, NULL, NULL, NULL, NULL),
(13, 'Ráng lưỡi heo dài', 'A. coriaceum (D. Don) Wall.', 0, 4, 0, '', '', '', '', '', NULL, NULL, NULL, NULL, 1, NULL, NULL, NULL, NULL),
(14, 'Thần mô lá mảnh', 'Cheilanthes tenuifolia (Burm. f.) Sw.', 0, 4, 0, '', '', '', '', '', NULL, NULL, NULL, NULL, 1, NULL, NULL, NULL, NULL),
(15, 'Dê xỉ giác', 'Onychium siliculosum (Desv.) C. Chr.', 0, 4, 0, '', '', '', '', '', NULL, NULL, NULL, NULL, 1, NULL, NULL, NULL, NULL),
(16, 'Ráng chò chanh', 'Pityrogramma culomelanos (L.) Link.', 0, 4, 0, '', '', '', '', '', NULL, NULL, NULL, NULL, 1, NULL, NULL, NULL, NULL),
(17, 'Ráng hình dải', 'Taenitis blechnoides (Willd.) Sw.', 0, 4, 0, '', '', '', '', '', NULL, NULL, NULL, NULL, 1, NULL, NULL, NULL, NULL),
(18, 'Can xỉ có đuôi', 'Asplenium cheilosorum O. Kuntze ex Mett', 0, 20, 0, '', '', '', '', '', NULL, NULL, NULL, NULL, 1, NULL, NULL, NULL, NULL),
(19, 'Ráng can xỉ thay đổi', 'A. varians Wall ex Hook. & Grew.', 0, 20, 0, '', '', '', '', '', NULL, NULL, NULL, NULL, 1, NULL, NULL, NULL, NULL),
(20, 'Ráng can xỉ gươm', 'A. ensiforme Wall. Ex Hook. f.', 0, 20, 0, '', '', '', '', '', NULL, NULL, NULL, NULL, 1, NULL, NULL, NULL, NULL),
(21, 'Ráng ô phụng', 'A. nidus L.', 0, 20, 0, '', '', '', '', '', NULL, NULL, NULL, NULL, 1, NULL, NULL, NULL, NULL),
(22, 'Ráng can xỉ colani', 'A. colaniae Tard.-Blot.', 0, 20, 0, '', '', '', '', '', NULL, NULL, NULL, NULL, 1, NULL, NULL, NULL, NULL),
(23, 'Ráng can xỉ bầu dục', 'A. antrophyoides Chr.', 0, 20, 0, '', '', '', '', '', NULL, NULL, NULL, NULL, 1, NULL, NULL, NULL, NULL),
(24, 'Ráng can xỉ giáp', 'A. loriceum Chr.', 0, 20, 0, '', '', '', '', '', NULL, NULL, NULL, NULL, 1, NULL, NULL, NULL, NULL),
(25, 'Ráng can xỉ đá', 'A. saxicola Rosenst', 0, 20, 0, '', '', '', '', '', NULL, NULL, NULL, NULL, 1, NULL, NULL, NULL, NULL),
(26, 'Ráng can xỉ có lông', 'A. crinicaule Hance', 0, 20, 0, '', '', '', '', '', NULL, NULL, NULL, NULL, 1, NULL, NULL, NULL, NULL),
(27, 'Ráng can xỉ Hải nam', 'A. hainanense Ching.', 0, 20, 0, '', '', '', '', '', NULL, NULL, NULL, NULL, 1, NULL, NULL, NULL, NULL),
(28, 'Cẩm cù', 'Hoya sp.', 0, 20, 0, '', '', '', '', '', NULL, NULL, NULL, NULL, 1, NULL, NULL, NULL, NULL),
(29, 'Song ly nhọn', 'Dischidia acuminata Cost.', 0, 20, 0, '', '', '', '', '', NULL, NULL, NULL, NULL, 1, NULL, NULL, NULL, NULL),
(30, 'Bông tai', 'Asclepias curassavica L.', 0, 20, 0, '', '', '', '', '', NULL, NULL, NULL, NULL, 1, NULL, NULL, NULL, NULL),
(31, 'Tổ điểu grifít', 'Asplenium griffithianum Hook.', 0, 20, 0, '', '', '', '', '', NULL, NULL, NULL, NULL, 1, NULL, NULL, NULL, NULL),
(32, 'Tổ điểu thường', 'Asplenium normale D. Don', 0, 20, 0, '', '', '', '', '', NULL, NULL, NULL, NULL, 1, NULL, NULL, NULL, NULL),
(33, 'Tổ điểu vrai', 'Asplenium wrightii Eaton ex Hook.', 0, 20, 0, '', '', '', '', '', NULL, NULL, NULL, NULL, 1, NULL, NULL, NULL, NULL),
(34, 'Tổ điểu lá gần thìa là', 'Asplenium sublaserpitiifolium Ching ex Tardieu & Ching', 0, 20, 0, '', '', '', '', '', NULL, NULL, NULL, NULL, 1, NULL, NULL, NULL, NULL),
(35, 'Quyết lá dừa', 'Blechnum orientale L.', 0, 26, 0, '', '', '', '', '', NULL, NULL, NULL, NULL, 1, NULL, NULL, NULL, NULL),
(36, 'Ráng bích hoạ háclăng', 'Woodwardia harlandii Hook.', 0, 26, 0, '', '', '', '', '', NULL, NULL, NULL, NULL, 1, NULL, NULL, NULL, NULL),
(37, 'Ráng thần trắc', 'Cheiropleuria bicuspis (Blume) C. Presl,', 0, 38, 0, '', '', '', '', '', NULL, NULL, NULL, NULL, 1, NULL, NULL, NULL, NULL),
(38, 'Ráng gỗ dày', 'Cyathea podophylla (Hook.) Copel.', 0, 47, 0, '', '', '', '', '', '0', '0', '32', NULL, 1, NULL, NULL, '2023-07-11 09:06:45', '20'),
(39, 'Ráng gỗ salét', 'Cyathea salletti Tardieu & C. Chr.', 0, 47, 0, '', '', '', '', '', NULL, NULL, '32', NULL, 1, NULL, NULL, NULL, NULL),
(40, 'Ráng tiên toạ ', 'Cyathea cotaminans (Hook.) Copel.', 0, 47, 0, '', '', '', '', '', NULL, NULL, '32', NULL, 1, NULL, NULL, NULL, NULL),
(41, 'Ráng tiên toạ rộng', 'C. latebrosa (Hook.) Copel.', 0, 47, 0, '', '', '', '', '', '0', '0', '32', NULL, 1, NULL, NULL, '2023-07-11 08:30:17', '20'),
(42, 'Tiên toạ khổng lồ', 'C. gigantea (Hook.) Holtt.', 0, 47, 0, '', '', '', '', '', NULL, NULL, NULL, NULL, 1, NULL, NULL, NULL, NULL),
(43, 'Ráng đà hoa griffit', 'Davallia griffithiana Hook.', 0, 154, 0, '', '', '', '', '', NULL, NULL, NULL, NULL, 1, NULL, NULL, NULL, NULL),
(44, 'Ráng đà hoa to', 'Davallia divaricata Blume', 0, 154, 0, '', '', '', '', '', NULL, NULL, NULL, NULL, 1, NULL, NULL, NULL, NULL),
(45, 'Ráng đăng tiết nhám', 'Dennstaedtia seabra (Hook.) Moore', 0, 50, 0, '', '', '', '', '', NULL, NULL, NULL, NULL, 1, NULL, NULL, NULL, NULL),
(46, 'Seo gà', 'Lindsaea ensiformis L.', 0, 50, 0, '', '', '', '', '', NULL, NULL, NULL, NULL, 1, NULL, NULL, NULL, NULL),
(47, 'Ráng vi lân bìa', 'Microlepia marginata (Hoult.) C. Chr.', 0, 50, 0, '', '', '', '', '', NULL, NULL, NULL, NULL, 1, NULL, NULL, NULL, NULL),
(48, 'Ráng vi lân nhám', 'M. strigosa (Thunb.) Presl.', 0, 50, 0, '', '', '', '', '', NULL, NULL, NULL, NULL, 1, NULL, NULL, NULL, NULL),
(49, 'Ráng đai dực', 'Pteridium aquilinum (L.) Kuhn.', 0, 50, 0, '', '', '', '', '', NULL, NULL, NULL, NULL, 1, NULL, NULL, NULL, NULL),
(50, 'Ráng liên sơn tròn', 'Lindsaea orbiculata (Lam.) Mett. ex Kuhn', 0, 50, 0, '', '', '', '', '', NULL, NULL, NULL, NULL, 1, NULL, NULL, NULL, NULL),
(51, 'Ráng liên sơn sáng', 'Lindsaea lucida Blume', 0, 50, 0, '', '', '', '', '', NULL, NULL, NULL, NULL, 1, NULL, NULL, NULL, NULL),
(52, 'Ráng vi lân húc-cơ', 'Microlepia hookeriana (Wall. ex Hook.) C. Presl', 0, 50, 0, '', '', '', '', '', NULL, NULL, NULL, NULL, 1, NULL, NULL, NULL, NULL),
(53, 'Ráng vi lân tam giác', 'Microlepia trapeziformis (Roxb.) Kuhn', 0, 50, 0, '', '', '', '', '', NULL, NULL, NULL, NULL, 1, NULL, NULL, NULL, NULL),
(54, 'Ráng ổ phỉ tàu', 'Sphaeromeris chinensis L.', 0, 50, 0, '', '', '', '', '', NULL, NULL, NULL, NULL, 1, NULL, NULL, NULL, NULL),
(55, 'Cẩu tích', 'Cibotium barometz (L.) Smith.', 0, 51, 0, '', '', '', '', '', '0', '0', '32', NULL, 1, NULL, NULL, '2023-07-11 08:45:49', '20'),
(56, 'Lông cu li', 'Cibotium bazometz (L.) J. Sm.', 0, 51, 0, '', '', '', '', '', '0', '0', '32', NULL, 1, NULL, NULL, '2022-11-17 20:45:07', '20'),
(57, 'Ráng áo lọng', 'Cyclopeltis crenata C. Chr.', 0, 55, 0, '', '', '', '', '', NULL, NULL, NULL, NULL, 1, NULL, NULL, NULL, NULL),
(58, 'Ráng xuyên quần', 'Diacalpe aspidioides Blume', 0, 55, 0, '', '', '', '', '', NULL, NULL, NULL, NULL, 1, NULL, NULL, NULL, NULL),
(59, 'Ráng cánh bần nâu', 'Dryopteris fuscipes C. Chr.', 0, 55, 0, '', '', '', '', '', NULL, NULL, NULL, NULL, 1, NULL, NULL, NULL, NULL),
(60, 'Ráng cánh bần oalích', 'Dryopteris wallichiana (Spreng.) Hyl.', 0, 55, 0, '', '', '', '', '', NULL, NULL, NULL, NULL, 1, NULL, NULL, NULL, NULL),
(61, 'Ráng cánh bần thanh', 'Dryopteris polita Roenst.,', 0, 55, 0, '', '', '', '', '', NULL, NULL, NULL, NULL, 1, NULL, NULL, NULL, NULL),
(62, 'Ráng cánh bần khác', 'Dryopteris varia (L.) Kuntze', 0, 55, 0, '', '', '', '', '', NULL, NULL, NULL, NULL, 1, NULL, NULL, NULL, NULL),
(63, 'Ráng nhiều hàng đẹp', 'Polystichum amabile (Blume) J. Sm.', 0, 55, 0, '', '', '', '', '', NULL, NULL, NULL, NULL, 1, NULL, NULL, NULL, NULL),
(64, 'Ráng yểm dực ba lưỡi', 'Tectaria triglossa Tardieu & C. Chr.', 0, 55, 0, '', '', '', '', '', NULL, NULL, NULL, NULL, 1, NULL, NULL, NULL, NULL),
(65, 'Tế, Vọt', 'Dicranopteris linearis (Burzm.) Underw.', 0, 65, 0, '', '', '', '', '', NULL, NULL, NULL, NULL, 1, NULL, NULL, NULL, NULL),
(66, 'Ráng lưỡng phân', 'D. dichotoma (Thunb.) Bernh.', 0, 65, 0, '', '', '', '', '', NULL, NULL, NULL, NULL, 1, NULL, NULL, NULL, NULL),
(67, 'Lâm bài lông', 'Grammitis dorsipila (Chr.) C. Chr. & Tard.', 0, 67, 0, '', '', '', '', '', NULL, NULL, NULL, NULL, 1, NULL, NULL, NULL, NULL),
(68, 'Ráng song tự đỉnh rộng', 'Loxogramme acroscopa (Chr.) C. Chr.', 0, 67, 0, '', '', '', '', '', NULL, NULL, NULL, NULL, 1, NULL, NULL, NULL, NULL),
(69, 'Ráng trăm dực nha trang', 'Ctenopteris nhatrangensis (C. Chr. & Tardieu', 0, 67, 0, '', '', '', '', '', NULL, NULL, NULL, NULL, 1, NULL, NULL, NULL, NULL),
(70, 'Ráng lâm bài nêm', 'Grammitis cuneifolia Copel.', 0, 67, 0, '', '', '', '', '', NULL, NULL, NULL, NULL, 1, NULL, NULL, NULL, NULL),
(71, 'Thường sơn', 'Dichroa febrifuga Lour.', 0, 70, 0, '', '', '', '', '', NULL, NULL, NULL, NULL, 1, NULL, NULL, NULL, NULL),
(72, 'Thường sơn lông', 'Dichroa hirsuta Gagnep.', 0, 70, 0, '', '', '', '', '', NULL, NULL, NULL, NULL, 1, NULL, NULL, NULL, NULL),
(73, 'Ráng màng poilan', 'Hymenophyllum poilanei Tardieu & C. Chr.,', 0, 71, 0, '', '', '', '', '', NULL, NULL, NULL, NULL, 1, NULL, NULL, NULL, NULL),
(74, 'Ráng màng gẫy có tai', 'Crepidomanes auriculatum (Blume) K. Iwats.', 0, 71, 0, '', '', '', '', '', NULL, NULL, NULL, NULL, 1, NULL, NULL, NULL, NULL),
(75, 'Móng ngựa trung', 'Angiopteris annamensis C. Ch & Tard.', 0, 89, 0, '', '', '', '', '', NULL, NULL, NULL, NULL, 1, NULL, NULL, NULL, NULL),
(76, 'Móng ngựa nam', 'A. cochinchinensis de Vriese', 0, 89, 0, '', '', '', '', '', NULL, NULL, NULL, NULL, 1, NULL, NULL, NULL, NULL),
(77, 'Hiển dực', 'A. evecta (Forst.) Hoffm.', 0, 89, 0, '', '', '', '', '', NULL, NULL, NULL, NULL, 1, NULL, NULL, NULL, NULL),
(78, 'Hiển dực cọ', 'A. palmaeformis (Cav.) Chr.', 0, 89, 0, '', '', '', '', '', NULL, NULL, NULL, NULL, 1, NULL, NULL, NULL, NULL),
(79, 'Ráng ma', 'A. repandula de Vriese', 0, 89, 0, '', '', '', '', '', NULL, NULL, NULL, NULL, 1, NULL, NULL, NULL, NULL),
(80, 'Cổ hiển', 'Archangiopteris cadieri Tard. & Christ', 0, 89, 0, '', '', '', '', '', NULL, NULL, NULL, NULL, 1, NULL, NULL, NULL, NULL),
(81, 'Rau bợ', 'Marsilea quadriflia L.', 0, 90, 0, '', '', '', '', '', NULL, NULL, NULL, NULL, 1, NULL, NULL, NULL, NULL),
(82, 'Rau bợ răng', 'M. crenata Prese.', 0, 90, 0, '', '', '', '', '', NULL, NULL, NULL, NULL, 1, NULL, NULL, NULL, NULL),
(83, 'Ráng bích xỉ thừa', 'Bolbitis appendiculata (Willd.) K. Iwats.', 0, 82, 0, '', '', '', '', '', NULL, NULL, NULL, NULL, 1, NULL, NULL, NULL, NULL),
(84, 'Ráng bích xỉ hình tim', 'Bolbitis subcordata (Copel.) Ching ex C. Chr.', 0, 82, 0, '', '', '', '', '', NULL, NULL, NULL, NULL, 1, NULL, NULL, NULL, NULL),
(85, 'Thạch tùng răng cưa', 'Huperzia serrata (Thunb.) Trevis.', 0, 84, 0, '', '', '', '', '', '0', '0', '32', NULL, 1, NULL, NULL, '2022-11-17 20:55:14', '20'),
(86, 'Ráng long cuốc', 'Alaomorpha coronans (Mett.) Copel.', 0, 141, 0, '', '', '', '', '', NULL, NULL, NULL, NULL, 1, NULL, NULL, NULL, NULL),
(87, 'Quyết tiến lá chân vịt', 'Colysis digitata (Bak.) Ching', 0, 141, 0, '', '', '', '', '', NULL, NULL, NULL, NULL, 1, NULL, NULL, NULL, NULL),
(88, 'Quyết tiêu', 'C. henryi', 0, 141, 0, '', '', '', '', '', NULL, NULL, NULL, NULL, 1, NULL, NULL, NULL, NULL),
(89, 'Ráng cổ lý bầu dục', 'Colysis pothifolia (D. Don) Presl.', 0, 141, 0, '', '', '', '', '', NULL, NULL, NULL, NULL, 1, NULL, NULL, NULL, NULL),
(90, 'Ráng đuôi phượng, Tắc kè đá', 'Drynaria bonii Christ.', 0, 141, 0, '', '', '', '', '', '0', '25', '32', NULL, 1, NULL, NULL, '2023-07-11 09:09:27', '20'),
(91, 'Cốt toái bổ lá to', 'Drynaria quercifolia (L.) J.Sm.', 0, 141, 0, '', '', '', '', '', NULL, NULL, NULL, NULL, 1, NULL, NULL, NULL, NULL),
(92, 'Ráng bạch thiệt', 'Leptochilus axillaris (Cav.) Kaulf.', 0, 141, 0, '', '', '', '', '', NULL, NULL, NULL, NULL, 1, NULL, NULL, NULL, NULL),
(93, 'Ráng mảnh diệp', 'Lemmaphyllum micrpophyllum C. Chr.', 0, 141, 0, '', '', '', '', '', NULL, NULL, NULL, NULL, 1, NULL, NULL, NULL, NULL),
(94, 'Ráng quần lân có mũi', 'Lemmaphyllum subprostratum (C.Chr.) C.Chr. & Tardieu ', 0, 141, 0, '', '', '', '', '', NULL, NULL, NULL, NULL, 1, NULL, NULL, NULL, NULL),
(95, 'Ráng vi quần hancock', 'Microsorum hancockii (Back.) Ching', 0, 141, 0, '', '', '', '', '', NULL, NULL, NULL, NULL, 1, NULL, NULL, NULL, NULL),
(96, 'Ráng vi quần đốm', 'M. punctatum (L.) Copel.', 0, 141, 0, '', '', '', '', '', NULL, NULL, NULL, NULL, 1, NULL, NULL, NULL, NULL),
(97, 'Ráng thư hàng', 'Phymatorus nigrescens (Bl.) Pic.Ser.', 0, 141, 0, '', '', '', '', '', NULL, NULL, NULL, NULL, 1, NULL, NULL, NULL, NULL),
(98, 'Ổ rồng', 'Platycerium coronarium (Koen.) Desv.', 0, 141, 0, '', '', '', '', '', NULL, NULL, NULL, NULL, 1, NULL, NULL, NULL, NULL),
(99, 'Ổ rồng cánh', 'P. grande A. Cunn. ex J. Sm.', 0, 141, 0, '', '', '', '', '', NULL, NULL, NULL, NULL, 1, NULL, NULL, NULL, NULL),
(100, 'Ráng mạc lưỡi', 'P. lingua (Thunb.) Farw.', 0, 141, 0, '', '', '', '', '', NULL, NULL, NULL, NULL, 1, NULL, NULL, NULL, NULL),
(101, 'Ráng hòa mạc lá dài', 'Pyrrosia longifolia (Burm.) Morton.', 0, 141, 0, '', '', '', '', '', NULL, NULL, NULL, NULL, 1, NULL, NULL, NULL, NULL),
(102, 'Ráng da rồng trung', 'Belvisia annamensis (C. Chr.) Tagawa', 0, 141, 0, '', '', '', '', '', NULL, NULL, NULL, NULL, 1, NULL, NULL, NULL, NULL),
(103, 'Ráng cổ lý phai', 'Colysis hemionitideus (Wall. ex Mett.) Copel.', 0, 141, 0, '', '', '', '', '', NULL, NULL, NULL, NULL, 1, NULL, NULL, NULL, NULL),
(104, 'Ráng cổ lý vu', 'Colysis wui (C. Chr.) Ching', 0, 141, 0, '', '', '', '', '', NULL, NULL, NULL, NULL, 1, NULL, NULL, NULL, NULL),
(105, 'Ráng ngón tay bề mặt', 'Neocheiropteris superficialis (Blume) Bosman', 0, 141, 0, '', '', '', '', '', NULL, NULL, NULL, NULL, 1, NULL, NULL, NULL, NULL),
(106, 'Ráng ổ chìm lưỡi hươu', 'Phymatosorus scolopendria (Burm.f.) Ric. Serm.', 0, 141, 0, '', '', '', '', '', NULL, NULL, NULL, NULL, 1, NULL, NULL, NULL, NULL),
(107, 'Ráng tai chuột đồng tiền', 'Pyrrosia nummularifolia (Sw.) Ching', 0, 141, 0, '', '', '', '', '', NULL, NULL, NULL, NULL, 1, NULL, NULL, NULL, NULL),
(108, 'Seo gà', 'Pteris biaurita L.', 0, 142, 0, '', '', '', '', '', NULL, NULL, NULL, NULL, 1, NULL, NULL, NULL, NULL),
(109, 'Ráng chân xỉ hình gươm', 'P. ensiformis Burm.f.', 0, 142, 0, '', '', '', '', '', NULL, NULL, NULL, NULL, 1, NULL, NULL, NULL, NULL),
(110, 'Ráng chân xỉ greville', 'P. grevilleana Wall. ex Ag.', 0, 142, 0, '', '', '', '', '', NULL, NULL, NULL, NULL, 1, NULL, NULL, NULL, NULL),
(111, 'Ráng chân xỉ', 'P. linearis Poir.', 0, 142, 0, '', '', '', '', '', NULL, NULL, NULL, NULL, 1, NULL, NULL, NULL, NULL),
(112, 'Ráng chân xỉ eo', 'P. decrescens Chr.', 0, 142, 0, '', '', '', '', '', NULL, NULL, NULL, NULL, 1, NULL, NULL, NULL, NULL),
(113, 'Ráng chân xỉ finet', 'P. finotii Chr.', 0, 142, 0, '', '', '', '', '', NULL, NULL, NULL, NULL, 1, NULL, NULL, NULL, NULL),
(114, 'Chân xỉ gân đỏ', 'Porphyrophlebia C.chr&Ching', 0, 142, 0, '', '', '', '', '', NULL, NULL, NULL, NULL, 1, NULL, NULL, NULL, NULL),
(115, 'Ráng sẹo gà đặc biệt', 'Pteris insignis Mett.', 0, 142, 0, '', '', '', '', '', NULL, NULL, NULL, NULL, 1, NULL, NULL, NULL, NULL),
(116, 'Ráng sẹo gà dài', 'Pteris longipes D. Don', 0, 142, 0, '', '', '', '', '', NULL, NULL, NULL, NULL, 1, NULL, NULL, NULL, NULL),
(117, 'Ráng seo gà ', 'Pteris multifida Poir.', 0, 142, 0, '', '', '', '', '', NULL, NULL, NULL, NULL, 1, NULL, NULL, NULL, NULL),
(118, 'Quyết đuôi lông chim', 'Pteris semipinnata L.', 0, 142, 0, '', '', '', '', '', NULL, NULL, NULL, NULL, 1, NULL, NULL, NULL, NULL),
(119, 'Cỏ rết', 'P. vittata L.', 0, 142, 0, '', '', '', '', '', NULL, NULL, NULL, NULL, 1, NULL, NULL, NULL, NULL),
(120, 'Ráng bình chu', 'Plagiogyria adnata (Blume) Bedd.', 0, 111, 0, '', '', '', '', '', NULL, NULL, NULL, NULL, 1, NULL, NULL, NULL, NULL),
(121, 'Bòng bong tai', 'Lygodium auriculatum (Willd.) Alst', 0, 143, 0, '', '', '', '', '', NULL, NULL, NULL, NULL, 1, NULL, NULL, NULL, NULL),
(122, 'Bòng bong tơ', 'L. conferme C. Chr.', 0, 143, 0, '', '', '', '', '', NULL, NULL, NULL, NULL, 1, NULL, NULL, NULL, NULL),
(123, 'Bòng bong lá liễu', 'L. flexuosum (L.) Sw.', 0, 143, 0, '', '', '', '', '', NULL, NULL, NULL, NULL, 1, NULL, NULL, NULL, NULL),
(124, 'Hải kim sa', 'L. japonicum (Thunb.) Sw.', 0, 143, 0, '', '', '', '', '', NULL, NULL, NULL, NULL, 1, NULL, NULL, NULL, NULL),
(125, 'Bòng bong lá nhỏ', 'L. microstachyum Desv.', 0, 143, 0, '', '', '', '', '', NULL, NULL, NULL, NULL, 1, NULL, NULL, NULL, NULL),
(126, 'Bòng bong lá liễu', 'L. salicifolium Presl.', 0, 143, 0, '', '', '', '', '', NULL, NULL, NULL, NULL, 1, NULL, NULL, NULL, NULL),
(127, 'Quyết long bắc', 'Cyclosorus balansae', 0, 148, 0, '', '', '', '', '', NULL, NULL, NULL, NULL, 1, NULL, NULL, NULL, NULL),
(128, 'Dương xỉ thường', 'Cyclosorus parasiticus (L.) Farw.', 0, 148, 0, '', '', '', '', '', NULL, NULL, NULL, NULL, 1, NULL, NULL, NULL, NULL),
(129, 'Ráng thận', 'Pronephrium sp.', 0, 148, 0, '', '', '', '', '', NULL, NULL, NULL, NULL, 1, NULL, NULL, NULL, NULL),
(130, 'Ráng thận đỏ', 'Pronephrium lakhimpurense (Rosenst.) Holttum', 0, 148, 0, '', '', '', '', '', NULL, NULL, NULL, NULL, 1, NULL, NULL, NULL, NULL),
(131, 'Ráng thận trần', 'Pronephrium nudatum (Roxb.) Holttum', 0, 148, 0, '', '', '', '', '', NULL, NULL, NULL, NULL, 1, NULL, NULL, NULL, NULL),
(132, 'Ráng thận lượn sóng', 'Pronephrium repandum (Fée) Holttum', 0, 148, 0, '', '', '', '', '', NULL, NULL, NULL, NULL, 1, NULL, NULL, NULL, NULL),
(133, 'Ráng bạc tự thường', 'Stegnogramma dictyoclinoides Ching', 0, 148, 0, '', '', '', '', '', NULL, NULL, NULL, NULL, 1, NULL, NULL, NULL, NULL),
(134, 'Ráng râu rồng ăm bôi', 'Vittaria amboinensis Fée', 0, 149, 0, '', '', '', '', '', NULL, NULL, NULL, NULL, 1, NULL, NULL, NULL, NULL),
(135, 'Ráng râu rồng kéo dài', 'Vittaria elongata Sw.', 0, 149, 0, '', '', '', '', '', NULL, NULL, NULL, NULL, 1, NULL, NULL, NULL, NULL),
(136, NULL, 'Athyrium mackinonii', 0, 150, 0, '', '', '', '', '', NULL, NULL, NULL, NULL, 1, NULL, NULL, NULL, NULL),
(137, 'Ráng sông quần xẻ', 'Diplazium pinnatifido-pinnatum (Hook.) Moore', 0, 150, 0, '', '', '', '', '', NULL, NULL, NULL, NULL, 1, NULL, NULL, NULL, NULL),
(138, 'Song quần', 'D. conterminum Christ', 0, 150, 0, '', '', '', '', '', NULL, NULL, NULL, NULL, 1, NULL, NULL, NULL, NULL),
(139, 'Ráng song quần đa túc', 'D. polypodiodes Bl.', 0, 150, 0, '', '', '', '', '', NULL, NULL, NULL, NULL, 1, NULL, NULL, NULL, NULL),
(140, 'Đỉnh tùng', 'Cephalotaxus manii Hook. f.', 0, 37, 0, '', '', '', '', '', '24', '25', '32', NULL, 1, NULL, NULL, NULL, NULL),
(141, 'Thiên tuế gân chìm', 'Cycas immersa Craib. ', 0, 48, 0, '', '', '', '', '', NULL, NULL, '32', NULL, 1, NULL, NULL, NULL, NULL),
(142, 'Gắm bẹt', 'Gnetum gnemonoides Brongn.', 0, 66, 0, '', '', '', '', '', NULL, NULL, NULL, NULL, 1, NULL, NULL, NULL, NULL),
(143, 'Gắm lá rộng', 'Gnetum latifolium Blume.', 0, 66, 0, '', '', '', '', '', '0', '0', '0', NULL, 1, NULL, NULL, '2022-11-15 17:15:57', '20'),
(144, 'Gắm', 'G. leptostachyum Bl.', 0, 66, 0, '', '', '', '', '', '27', NULL, NULL, NULL, 1, NULL, NULL, NULL, NULL),
(145, 'Gắm núi', 'G. montanum Margf.', 0, 66, 0, '', '', '', '', '', NULL, NULL, NULL, NULL, 1, NULL, NULL, NULL, NULL),
(146, NULL, 'G. formosum Margf.', 0, 66, 0, '', '', '', '', '', NULL, NULL, NULL, NULL, 1, NULL, NULL, NULL, NULL),
(147, 'Sam bông núi đất', 'Keteeleria everyana Mast.', 0, 109, 0, '', '', '', '', '', '25', '25', NULL, NULL, 1, NULL, NULL, NULL, NULL),
(148, 'Thông nàng', 'Dacrycarpus imbricatus (Bl.) de Laub.', 0, 114, 0, '', '', '', '', '', '27', NULL, NULL, NULL, 1, NULL, NULL, NULL, NULL),
(149, 'Thông tre lá dài', 'Podocarpus neriifolius D. Don.', 0, 114, 0, '', '', '', '', '', '27', NULL, NULL, NULL, 1, NULL, NULL, NULL, NULL),
(150, 'Thông tre lá ngắn', 'P. pilgeri Foxw.', 0, 114, 0, '', '', '', '', '', '27', NULL, '32', NULL, 1, NULL, NULL, NULL, NULL),
(151, 'Kim giao núi đất', 'Nageia wallichiana (C. Presl.) O. Kuntze', 0, 114, 0, '', '', '', '', '', '27', NULL, NULL, NULL, 1, NULL, NULL, NULL, NULL),
(152, 'Hoàng đàn giả', 'Dacrydium elatum (Roxb.) Wall. ex Hook', 0, 114, 0, '', '', '', '', '', '0', '0', '0', NULL, 1, NULL, NULL, '2022-11-15 17:25:00', '20'),
(153, 'Ô rô núi', 'Acanthus leucostachyus Wall.', 0, 1, 0, '', '', '', '', '', '27', NULL, NULL, NULL, 1, NULL, NULL, NULL, NULL),
(154, 'Phẩm rô', 'Baphicacanthus cusia', 0, 1, 0, '', '', '', '', '', NULL, NULL, NULL, NULL, 1, NULL, NULL, NULL, NULL),
(155, 'Chuỳ hoa tím', 'Strobilanthes hossei Wang,', 0, 1, 0, '', '', '', '', '', NULL, NULL, NULL, NULL, 1, NULL, NULL, NULL, NULL),
(156, NULL, 'Asystasia gangetica (L.). T.', 0, 1, 0, '', '', '', '', '', NULL, NULL, NULL, NULL, 1, NULL, NULL, NULL, NULL),
(157, NULL, 'Clinacanthus nutans (Burm.f.) Lindau.', 0, 1, 0, '', '', '', '', '', NULL, NULL, NULL, NULL, 1, NULL, NULL, NULL, NULL),
(158, 'Nổ', 'Dipteracanthus repens (L.) Hassk.', 0, 1, 0, '', '', '', '', '', NULL, NULL, NULL, NULL, 1, NULL, NULL, NULL, NULL),
(159, 'Đình lình', 'Hygrophila incana', 0, 1, 0, '', '', '', '', '', NULL, NULL, NULL, NULL, 1, NULL, NULL, NULL, NULL),
(160, NULL, 'Isoglossa inermis (R. Ben) B. Hans.', 0, 1, 0, '', '', '', '', '', NULL, NULL, NULL, NULL, 1, NULL, NULL, NULL, NULL),
(161, 'Xuân tiết bông', 'J. ventricosa Wall.', 0, 1, 0, '', '', '', '', '', NULL, NULL, NULL, NULL, 1, NULL, NULL, NULL, NULL),
(162, 'Xuân tiết ', 'Justica fragilis Wall.', 0, 1, 0, '', '', '', '', '', NULL, NULL, NULL, NULL, 1, NULL, NULL, NULL, NULL),
(163, 'Nhuỵ thập thảo', 'Staurogyne bella Brem.', 0, 1, 0, '', '', '', '', '', NULL, NULL, NULL, NULL, 1, NULL, NULL, NULL, NULL),
(164, 'Nhụy chập', 'Stauroryne glauca', 0, 1, 0, '', '', '', '', '', NULL, NULL, NULL, NULL, 1, NULL, NULL, NULL, NULL),
(165, 'Nhụy thập', 'Staurogyne petelotii', 0, 1, 0, '', '', '', '', '', NULL, NULL, NULL, NULL, 1, NULL, NULL, NULL, NULL),
(166, 'Chuỳ hoa', 'Strobilanthes tonkinensis Lind.', 0, 1, 0, '', '', '', '', '', NULL, NULL, NULL, NULL, 1, NULL, NULL, NULL, NULL),
(167, 'Cát đằng', 'Thunbergia alata Boy ex Sims', 0, 1, 0, '', '', '', '', '', NULL, NULL, NULL, NULL, 1, NULL, NULL, NULL, NULL),
(168, 'Thích núi cao, Sau sau núi', 'Acer aff. campbellii Hook. f. & Thoms. ex Hiern', 0, 2, 0, '', '', '', '', '', NULL, NULL, NULL, NULL, 1, NULL, NULL, NULL, NULL),
(169, 'Thích mười nhị', 'Acer laurinum Hasski', 0, 2, 0, '', '', '', '', '', NULL, NULL, NULL, NULL, 1, NULL, NULL, NULL, NULL),
(170, 'Thích bắc bộ', 'Acer tonkinensis Lecomte', 0, 2, 0, '', '', '', '', '', NULL, NULL, NULL, NULL, 1, NULL, NULL, NULL, NULL),
(171, 'Sổ đá', 'Saurauja roxburghii Wall.', 0, 3, 0, '', '', '', '', '', NULL, NULL, NULL, NULL, 1, NULL, NULL, NULL, NULL),
(172, 'Sổ đá rè pan', 'S. nepanlensis DC.', 0, 3, 0, '', '', '', '', '', NULL, NULL, NULL, NULL, 1, NULL, NULL, NULL, NULL),
(173, 'Thôi chanh lá thuôn', 'Alangium salviifolium Wargern.', 0, 6, 0, '', '', '', '', '', NULL, NULL, NULL, NULL, 1, NULL, NULL, NULL, NULL),
(174, 'Thôi chanh', 'A. chinensis (Lour.) Harm', 0, 6, 0, '', '', '', '', '', NULL, NULL, NULL, NULL, 1, NULL, NULL, NULL, NULL),
(175, 'Thôi ba', 'Alangium tonkinense', 0, 6, 0, '', '', '', '', '', NULL, NULL, NULL, NULL, 1, NULL, NULL, NULL, NULL),
(176, 'Nang', 'Alangium nidley', 0, 6, 0, '', '', '', '', '', NULL, NULL, NULL, NULL, 1, NULL, NULL, NULL, NULL),
(177, 'Dền gai', 'Amaranthus spinosus L. ', 0, 7, 0, '', '', '', '', '', NULL, NULL, NULL, NULL, 1, NULL, NULL, NULL, NULL),
(178, 'Dền', 'A. tricolor L.', 0, 7, 0, '', '', '', '', '', NULL, NULL, NULL, NULL, 1, NULL, NULL, NULL, NULL),
(179, 'Dền xanh', 'A. viridis L.', 0, 7, 0, '', '', '', '', '', NULL, NULL, NULL, NULL, 1, NULL, NULL, NULL, NULL),
(180, 'Cỏ xước', 'Achyranthes aspera L.', 0, 7, 0, '', '', '', '', '', NULL, NULL, NULL, NULL, 1, NULL, NULL, NULL, NULL),
(181, 'Cỏ xước 2 răng ', 'A. bidentata Bl.', 0, 7, 0, '', '', '', '', '', NULL, NULL, NULL, NULL, 1, NULL, NULL, NULL, NULL),
(182, 'Rau dệu', 'Alternanthera paronychioides A. St. Hilaire.', 0, 7, 0, '', '', '', '', '', '0', '26', '32', NULL, 1, NULL, NULL, '2023-07-11 09:15:10', '20'),
(183, 'Mào gà', 'Celosia argentea L.', 0, 7, 0, '', '', '', '', '', NULL, NULL, NULL, NULL, 1, NULL, NULL, NULL, NULL),
(184, 'Dâu gia xoan', 'Allospondias lakonensis (Pierre) Stap.', 0, 9, 0, '', '', '', '', '', NULL, NULL, NULL, NULL, 1, NULL, NULL, NULL, NULL),
(185, 'Long cóc', 'Dracuntomelon schmidii Tard.', 0, 9, 0, '', '', '', '', '', NULL, NULL, NULL, NULL, 1, NULL, NULL, NULL, NULL),
(186, 'Sơn lá đơn', 'Gluta gracilis Evr.', 0, 9, 0, '', '', '', '', '', NULL, NULL, NULL, NULL, 1, NULL, NULL, NULL, NULL),
(187, 'Xoài hôi', 'Mangifera foetida Lour.', 0, 9, 0, '', '', '', '', '', '24', NULL, NULL, NULL, 1, NULL, NULL, NULL, NULL),
(188, 'Xoài', 'M. indica L.', 0, 9, 0, '', '', '', '', '', NULL, NULL, NULL, NULL, 1, NULL, NULL, NULL, NULL),
(189, 'Muối', 'Rhus javanica L.', 0, 9, 0, '', '', '', '', '', NULL, NULL, NULL, NULL, 1, NULL, NULL, NULL, NULL),
(190, 'Xưng đào', 'Semecarpus anacardiopsis Evr. & Tard.', 0, 9, 0, '', '', '', '', '', NULL, NULL, NULL, NULL, 1, NULL, NULL, NULL, NULL),
(191, 'Xưng trung bộ', 'Semecarpus annamensis', 0, 9, 0, '', '', '', '', '', NULL, NULL, NULL, NULL, 1, NULL, NULL, NULL, NULL),
(192, 'Sơn lắc', 'Toxicodendron succedana (L.) Mold.', 0, 9, 0, '', '', '', '', '', NULL, NULL, NULL, NULL, 1, NULL, NULL, NULL, NULL),
(193, 'Trung quân', 'Ancistrocladus tectorius (Lour.) Merr.', 0, 10, 0, '', '', '', '', '', NULL, NULL, NULL, NULL, 1, NULL, NULL, NULL, NULL),
(194, 'Na', 'Annona squamosa L.', 0, 11, 0, '', '', '', '', '', NULL, NULL, NULL, NULL, 1, NULL, NULL, NULL, NULL),
(195, 'Mãng cầu', 'A. muricata L.', 0, 11, 0, '', '', '', '', '', NULL, NULL, NULL, NULL, 1, NULL, NULL, NULL, NULL),
(196, 'Công chúa', 'Artabotrus fragrans', 0, 11, 0, '', '', '', '', '', NULL, NULL, NULL, NULL, 1, NULL, NULL, NULL, NULL),
(197, 'Huyệt hùng Wray', 'Cyathostemma Wrayi King', 0, 11, 0, '', '', '', '', '', NULL, NULL, NULL, NULL, 1, NULL, NULL, NULL, NULL),
(198, 'Gié núi', 'Desmos chinhensis (Fin & Gagn) Merr', 0, 11, 0, '', '', '', '', '', NULL, NULL, NULL, NULL, 1, NULL, NULL, NULL, NULL),
(199, 'Giẻ nam bộ', 'Desmos cochinchinensis Lour.', 0, 11, 0, '', '', '', '', '', NULL, NULL, NULL, NULL, 1, NULL, NULL, NULL, NULL),
(200, 'Giác đế nhiều noãn', 'Goniothalamus multiovulatus Ast.', 0, 11, 0, '', '', '', '', '', NULL, NULL, NULL, NULL, 1, NULL, NULL, NULL, NULL),
(201, 'Lèo heo', 'Enicosanthellum sp.', 0, 11, 0, '', '', '', '', '', NULL, NULL, NULL, NULL, 1, NULL, NULL, NULL, NULL),
(202, 'Cách thư', 'Fissistigma oldhami (Heml.) Merr.', 0, 11, 0, '', '', '', '', '', NULL, NULL, NULL, NULL, 1, NULL, NULL, NULL, NULL),
(203, 'Bàn thư không cọng', 'Meiogyne subsessilis (Ast.) Sincl. ', 0, 11, 0, '', '', '', '', '', NULL, NULL, NULL, NULL, 1, NULL, NULL, NULL, NULL),
(204, NULL, 'Mitrephora poilei Weerasooriya & R. M. K. Saunders', 0, 11, 0, '', '', '', '', '', NULL, NULL, NULL, NULL, 1, NULL, NULL, NULL, NULL),
(205, 'Mạo đài', 'Mitrephora phanrangensis', 0, 11, 0, '', '', '', '', '', NULL, NULL, NULL, NULL, 1, NULL, NULL, NULL, NULL),
(206, 'Tháp hình', 'Orophera thorelii Pierre', 0, 11, 0, '', '', '', '', '', NULL, NULL, NULL, NULL, 1, NULL, NULL, NULL, NULL),
(207, 'Tháp hình', 'Orophera polycarpa', 0, 11, 0, '', '', '', '', '', NULL, NULL, NULL, NULL, 1, NULL, NULL, NULL, NULL),
(208, NULL, 'Polyalthia blume', 0, 11, 0, '', '', '', '', '', NULL, NULL, NULL, NULL, 1, NULL, NULL, NULL, NULL),
(209, 'Quần đầu', 'Polyalthia clemensorum Ast.', 0, 11, 0, '', '', '', '', '', NULL, NULL, NULL, NULL, 1, NULL, NULL, NULL, NULL),
(210, 'Quần đầu xanh', 'Polyalthia viridis', 0, 11, 0, '', '', '', '', '', NULL, NULL, NULL, NULL, 1, NULL, NULL, NULL, NULL),
(211, 'Mã trích', 'P. jucunda (Pierre) Fin. & Gagn.', 0, 11, 0, '', '', '', '', '', NULL, NULL, NULL, NULL, 1, NULL, NULL, NULL, NULL),
(212, 'Quần đầu nhiều bông', 'Polyalthia floribunda Ast', 0, 11, 0, '', '', '', '', '', NULL, NULL, NULL, NULL, 1, NULL, NULL, NULL, NULL),
(213, 'Bồ quả lá to', 'Uvaria cordata (Dun.) Wall. ex Alston', 0, 11, 0, '', '', '', '', '', NULL, NULL, NULL, NULL, 1, NULL, NULL, NULL, NULL),
(214, 'Bồ quả tái', 'U. lurida Hook. f. & Thoms.', 0, 11, 0, '', '', '', '', '', NULL, NULL, NULL, NULL, 1, NULL, NULL, NULL, NULL),
(215, 'Giền', 'Xylopia vielana Pierre ex Fin & Gagn.', 0, 11, 0, '', '', '', '', '', NULL, NULL, NULL, NULL, 1, NULL, NULL, NULL, NULL),
(216, 'Rau má', 'Centella asiatica (L.) Urb.', 0, 12, 0, '', '', '', '', '', NULL, NULL, NULL, NULL, 1, NULL, NULL, NULL, NULL),
(217, 'Xà xàng', 'Cnidium monnierii (L.) Cusson ', 0, 12, 0, '', '', '', '', '', NULL, NULL, NULL, NULL, 1, NULL, NULL, NULL, NULL),
(218, 'Mùi tàu', 'Eryngium foetidum L.', 0, 12, 0, '', '', '', '', '', NULL, NULL, NULL, NULL, 1, NULL, NULL, NULL, NULL),
(219, 'Rau má nhỏ', 'Hydnocotyle sibthorpioides Lamk.', 0, 12, 0, '', '', '', '', '', NULL, NULL, NULL, NULL, 1, NULL, NULL, NULL, NULL),
(220, 'Khồm', 'Trachyspermum roxburghianum (DC.) Crai.', 0, 12, 0, '', '', '', '', '', NULL, NULL, NULL, NULL, 1, NULL, NULL, NULL, NULL),
(221, 'Mò cua', 'Alstonia scholaris (L.) R. Br.', 0, 13, 0, '', '', '', '', '', NULL, NULL, NULL, NULL, 1, NULL, NULL, NULL, NULL),
(222, 'Ngôn chum', 'Alyxia racemosa Pit.', 0, 13, 0, '', '', '', '', '', '27', NULL, NULL, NULL, 1, NULL, NULL, NULL, NULL),
(223, 'Ngôn reinward', 'Alyxia reinwardtii Blume', 0, 13, 0, '', '', '', '', '', NULL, NULL, NULL, NULL, 1, NULL, NULL, NULL, NULL),
(224, 'Ngôn thái', 'Alyxia siamensis Pit', 0, 13, 0, '', '', '', '', '', NULL, NULL, NULL, NULL, 1, NULL, NULL, NULL, NULL),
(225, 'Bù liêu dây leo', 'Bousingonia makongense Pierre in Pl.', 0, 13, 0, '', '', '', '', '', NULL, NULL, NULL, NULL, 1, NULL, NULL, NULL, NULL),
(226, 'Thừng mực', 'Holarrhena pubescens (Buch.-Ham) Wall. ex G. Don', 0, 13, 0, '', '', '', '', '', NULL, NULL, NULL, NULL, 1, NULL, NULL, NULL, NULL),
(227, 'Hồ liên nhỏ', 'H. curtisii King & Gamble', 0, 13, 0, '', '', '', '', '', NULL, NULL, NULL, NULL, 1, NULL, NULL, NULL, NULL),
(228, 'Bèn bai', 'Hunteria zeylanica (Retz.) Gardn. & Thw.', 0, 13, 0, '', '', '', '', '', NULL, NULL, NULL, NULL, 1, NULL, NULL, NULL, NULL),
(229, 'Cốp', 'Kopsia harmandiana Pierre ex Pit.', 0, 13, 0, '', '', '', '', '', NULL, NULL, NULL, NULL, 1, NULL, NULL, NULL, NULL),
(230, 'Giom', 'Melodinus annamense Pit. ', 0, 13, 0, '', '', '', '', '', NULL, NULL, NULL, NULL, 1, NULL, NULL, NULL, NULL),
(231, 'Mạc sang hoa nhỏ', 'Parabarium micranthum (A. DC.) Pierre ex Spire', 0, 13, 0, '', '', '', '', '', NULL, NULL, NULL, NULL, 1, NULL, NULL, NULL, NULL),
(232, 'So cam', 'Pottsia indora Pit.', 0, 13, 0, '', '', '', '', '', NULL, NULL, NULL, NULL, 1, NULL, NULL, NULL, NULL),
(233, 'Ba gạc căm bốt', 'Rauvolfia cambodiana Pierre ex Pit', 0, 13, 0, '', '', '', '', '', NULL, '25', NULL, NULL, 1, NULL, NULL, NULL, NULL),
(234, 'Ba gạc vòng', 'Rauvolfia verticillata (Lour.) Baill.', 0, 13, 0, '', '', '', '', '', NULL, '25', NULL, NULL, 1, NULL, NULL, NULL, NULL),
(235, 'Sừng dê', 'Strophanthus divaricatus (Lour.) Hook. et Arn.', 0, 13, 0, '', '', '', '', '', NULL, NULL, NULL, NULL, 1, NULL, NULL, NULL, NULL),
(236, 'Lài châu', 'Tabernaemontana bovina Lour. ', 0, 13, 0, '', '', '', '', '', NULL, NULL, NULL, NULL, 1, NULL, NULL, NULL, NULL),
(237, 'Lài trâu lá nhỏ', 'Tabernaemontana bufalina Lour.', 0, 13, 0, '', '', '', '', '', NULL, NULL, NULL, NULL, 1, NULL, NULL, NULL, NULL),
(238, 'Lòng mức Trung bộ', 'Wrightia annamensis Eb. & Dub.', 0, 13, 0, '', '', '', '', '', NULL, NULL, NULL, NULL, 1, NULL, NULL, NULL, NULL),
(239, 'Lòng mức ngờ', 'Wrightia dubia', 0, 13, 0, '', '', '', '', '', NULL, NULL, NULL, NULL, 1, NULL, NULL, NULL, NULL),
(240, 'Bùi nam bộ', 'Ilex cochinchinensis (Lour.) Loesen', 0, 14, 0, '', '', '', '', '', NULL, NULL, NULL, NULL, 1, NULL, NULL, NULL, NULL),
(241, 'Bùi có răng', 'I. crenata Thunb.', 0, 14, 0, '', '', '', '', '', NULL, NULL, NULL, NULL, 1, NULL, NULL, NULL, NULL),
(242, 'Bùi bắc bộ', 'I. tonkiniana Loesen', 0, 14, 0, '', '', '', '', '', NULL, NULL, NULL, NULL, 1, NULL, NULL, NULL, NULL),
(243, 'Bùi ba hoa', 'I. triflora Bl. ', 0, 14, 0, '', '', '', '', '', NULL, NULL, NULL, NULL, 1, NULL, NULL, NULL, NULL),
(244, 'Cuồng', 'Aralia armata Seem.', 0, 16, 0, '', '', '', '', '', NULL, NULL, NULL, NULL, 1, NULL, NULL, NULL, NULL),
(245, 'Đơn Châu chấu', 'Aralia tnaranensis Ha', 0, 16, 0, '', '', '', '', '', NULL, NULL, NULL, NULL, 1, NULL, NULL, NULL, NULL),
(246, NULL, 'Brassaiopsis glomerulata (Bl.) Regel.', 0, 16, 0, '', '', '', '', '', NULL, NULL, NULL, NULL, 1, NULL, NULL, NULL, NULL),
(247, 'Phong hà', 'Dendropanax chevalieri (R. Vig.) Merr.', 0, 16, 0, '', '', '', '', '', NULL, NULL, NULL, NULL, 1, NULL, NULL, NULL, NULL),
(248, 'Diện bạch', 'Dendropanax poilanei Bai', 0, 16, 0, '', '', '', '', '', NULL, NULL, NULL, NULL, 1, NULL, NULL, NULL, NULL),
(249, 'Đại đinh hai hạt', 'Macropanax dispermus (Bl.) Kuntz.', 0, 16, 0, '', '', '', '', '', NULL, NULL, NULL, NULL, 1, NULL, NULL, NULL, NULL),
(250, 'Chân chim', 'Schefflera octophylla (Lour.) Harms.', 0, 16, 0, '', '', '', '', '', NULL, NULL, NULL, NULL, 1, NULL, NULL, NULL, NULL),
(251, 'Chân chim Vidal', 'S. vidaliana Shang.', 0, 16, 0, '', '', '', '', '', NULL, NULL, NULL, NULL, 1, NULL, NULL, NULL, NULL),
(252, 'Chân chim cầu', 'Schefflera globulifera Grushv&Skvorst ', 0, 16, 0, '', '', '', '', '', NULL, NULL, NULL, NULL, 1, NULL, NULL, NULL, NULL),
(253, 'Chân chim Pa cô', 'Schefflera pacoensis', 0, 16, 0, '', '', '', '', '', NULL, NULL, NULL, NULL, 1, NULL, NULL, NULL, NULL),
(254, 'Nhật phiến', 'Treevesia palmata (Roxb. & Lindl.) Visiani', 0, 16, 0, '', '', '', '', '', NULL, NULL, NULL, NULL, 1, NULL, NULL, NULL, NULL),
(255, 'Rễ gió, Sơn dịch', 'Aristolochia contorta Bunge ', 0, 18, 0, '', '', '', '', '', NULL, NULL, NULL, NULL, 1, NULL, NULL, NULL, NULL),
(256, 'Sơn dịch dây leo', 'Aristolochia piperrei H. Lec', 0, 18, 0, '', '', '', '', '', NULL, NULL, NULL, NULL, 1, NULL, NULL, NULL, NULL),
(257, 'Sơn dịch', 'Aristolochia pothieri', 0, 18, 0, '', '', '', '', '', NULL, NULL, NULL, NULL, 1, NULL, NULL, NULL, NULL),
(258, NULL, 'A. tagala Chamiss', 0, 18, 0, '', '', '', '', '', NULL, NULL, NULL, NULL, 1, NULL, NULL, NULL, NULL),
(259, 'Biến hoá núi cao, Trần thiên thảo', 'Asarum balansae Franch in Morot.', 0, 18, 0, '', '', '', '', '', '1', '0', '32', NULL, 1, NULL, NULL, '2023-07-11 09:21:28', '20'),
(260, 'Bông tai', 'Asclepias curassavica L.', 0, 19, 0, '', '', '', '', '', NULL, NULL, NULL, NULL, 1, NULL, NULL, NULL, NULL),
(261, 'Ân lân', 'Criptolepsis buchananii Roem & Sch.', 0, 19, 0, '', '', '', '', '', NULL, NULL, NULL, NULL, 1, NULL, NULL, NULL, NULL),
(262, 'Ẩn lân balansa', 'Criptolepis balansae', 0, 19, 0, '', '', '', '', '', NULL, NULL, NULL, NULL, 1, NULL, NULL, NULL, NULL),
(263, 'Song ly nhọn', 'Dischidia acuminata Cost.', 0, 19, 0, '', '', '', '', '', NULL, NULL, NULL, NULL, 1, NULL, NULL, NULL, NULL),
(264, 'Song ly Balansa', 'Dischidia balansae Cost…', 0, 19, 0, '', '', '', '', '', NULL, NULL, NULL, NULL, 1, NULL, NULL, NULL, NULL),
(265, 'Hồ da ký sinh', 'hoya parasitica', 0, 19, 0, '', '', '', '', '', NULL, NULL, NULL, NULL, 1, NULL, NULL, NULL, NULL),
(266, 'Hồ da trẻ', 'Hoya pubens', 0, 19, 0, '', '', '', '', '', NULL, NULL, NULL, NULL, 1, NULL, NULL, NULL, NULL),
(267, NULL, 'Marsdenia Sp', 0, 19, 0, '', '', '', '', '', NULL, NULL, NULL, NULL, 1, NULL, NULL, NULL, NULL),
(268, 'Ngũ giác', 'Pentaoacme brachganthum', 0, 19, 0, '', '', '', '', '', NULL, NULL, NULL, NULL, 1, NULL, NULL, NULL, NULL),
(269, 'Hà thủ ô nam', 'Streptocaulon juventus (Lour.) Merr.', 0, 19, 0, '', '', '', '', '', NULL, NULL, NULL, NULL, 1, NULL, NULL, NULL, NULL),
(270, 'Thiên lý', 'Telosma cordata (Burm.f.) Merr.', 0, 19, 0, '', '', '', '', '', NULL, NULL, NULL, NULL, 1, NULL, NULL, NULL, NULL),
(271, 'Cỏ cứt lợn', 'Ageratum conyzoides L.', 0, 21, 0, '', '', '', '', '', NULL, NULL, NULL, NULL, 1, NULL, NULL, NULL, NULL),
(272, 'Tuyến hùng lá to', 'Adenostemma macrophyllum', 0, 21, 0, '', '', '', '', '', NULL, NULL, NULL, NULL, 1, NULL, NULL, NULL, NULL),
(273, 'Hoa sinh  viên', 'Bidens bipinnata L.', 0, 21, 0, '', '', '', '', '', NULL, NULL, NULL, NULL, 1, NULL, NULL, NULL, NULL),
(274, 'Xương sông', 'Blumea lanceolata (Roxb.) Druce', 0, 21, 0, '', '', '', '', '', NULL, NULL, NULL, NULL, 1, NULL, NULL, NULL, NULL),
(275, 'Kim đấu', 'Blumea lacera', 0, 21, 0, '', '', '', '', '', NULL, NULL, NULL, NULL, 1, NULL, NULL, NULL, NULL),
(276, 'Cỏ sữa', 'Cirsium japonicum Maxim', 0, 21, 0, '', '', '', '', '', NULL, NULL, NULL, NULL, 1, NULL, NULL, NULL, NULL),
(277, 'Rau tàu bay', 'Crassocephalum crepidioides (Benth.) ', 0, 21, 0, '', '', '', '', '', NULL, NULL, NULL, NULL, 1, NULL, NULL, NULL, NULL),
(278, 'Cỏ mực', 'Eclipta prostrata (L.) L.', 0, 21, 0, '', '', '', '', '', NULL, NULL, NULL, NULL, 1, NULL, NULL, NULL, NULL),
(279, 'Cỏ lào', 'Eupatorium odoratum L.', 0, 21, 0, '', '', '', '', '', '0', '0', '0', NULL, 1, NULL, NULL, '2023-07-11 08:04:00', '20'),
(280, 'Rau cóc', 'Grangea maderaspatann (L.) Poir.', 0, 21, 0, '', '', '', '', '', NULL, NULL, NULL, NULL, 1, NULL, NULL, NULL, NULL),
(281, 'Hy thiêm', 'Sigesbeckia orientalis L.', 0, 21, 0, '', '', '', '', '', NULL, NULL, NULL, NULL, 1, NULL, NULL, NULL, NULL),
(282, 'Quỳ', 'Tithonia diversifolia (Hemsl.) A. Gray', 0, 21, 0, '', '', '', '', '', NULL, NULL, NULL, NULL, 1, NULL, NULL, NULL, NULL),
(283, 'Bạch đầu ông', 'Vernonia cinerea (L.) Less', 0, 21, 0, '', '', '', '', '', NULL, NULL, NULL, NULL, 1, NULL, NULL, NULL, NULL),
(284, 'Bạch đầu to', 'V. macrachaenia Gagn.', 0, 21, 0, '', '', '', '', '', NULL, NULL, NULL, NULL, 1, NULL, NULL, NULL, NULL),
(285, 'Nấm đất', 'Balanophora aff. laxiflora Hemsl.', 0, 22, 0, '', '', '', '', '', '4', '0', '0', NULL, 1, NULL, NULL, '2023-07-11 09:24:14', '20'),
(286, 'Bóng nước hoa tím', 'Impatien sp.', 0, 22, 0, '', '', '', '', '', NULL, NULL, NULL, NULL, 1, NULL, NULL, NULL, NULL),
(287, 'Móc tai chìa khóa', 'Impatiens claviger', 0, 22, 0, '', '', '', '', '', NULL, NULL, NULL, NULL, 1, NULL, NULL, NULL, NULL),
(288, 'Thu hải đường không cánh', 'Begonia aptera Bl.', 0, 23, 0, '', '', '', '', '', '0', '0', '0', NULL, 1, NULL, NULL, '2022-11-23 13:41:26', '20'),
(289, 'Thu hải đường cuống ngắn', 'begonia abbreviata', 0, 23, 0, '', '', '', '', '', '0', '0', '0', NULL, 1, NULL, NULL, '2022-11-23 13:38:47', '20'),
(290, 'Mắt đá', 'B. boisiana Gagn.', 0, 23, 0, '', '', '', '', '', NULL, NULL, NULL, NULL, 1, NULL, NULL, NULL, NULL),
(291, 'Chân vịt tía', 'B. eberhardtii Gagn.', 0, 23, 0, '', '', '', '', '', NULL, NULL, NULL, NULL, 1, NULL, NULL, NULL, NULL),
(292, 'Thu hải đường hoa thơm', 'Begonia handelii Irmsch.', 0, 23, 0, '', '', '', '', '', NULL, NULL, NULL, NULL, 1, NULL, NULL, NULL, NULL),
(293, 'Duyên mộc', 'Carpinus viminea Lindl. in Wall.', 0, 24, 0, '', '', '', '', '', NULL, NULL, NULL, NULL, 1, NULL, NULL, NULL, NULL),
(294, 'Núc nác', 'Oroxylon indicum (L.) vent ', 0, 25, 0, '', '', '', '', '', NULL, NULL, NULL, NULL, 1, NULL, NULL, NULL, NULL),
(295, 'Rè', 'Rademachera eberhardtii Dop.', 0, 25, 0, '', '', '', '', '', NULL, NULL, NULL, NULL, 1, NULL, NULL, NULL, NULL),
(296, 'Rè trung quốc', 'R. sinica (Hance) Hemsl.', 0, 25, 0, '', '', '', '', '', NULL, NULL, NULL, NULL, 1, NULL, NULL, NULL, NULL),
(297, NULL, 'Stereospermum colais (Dillw.) Mabb', 0, 25, 0, '', '', '', '', '', NULL, NULL, NULL, NULL, 1, NULL, NULL, NULL, NULL),
(298, 'Khé núi', 'S. neuranthum Kurz.', 0, 25, 0, '', '', '', '', '', NULL, NULL, NULL, NULL, 1, NULL, NULL, NULL, NULL),
(299, 'Gạo rừng', 'Bombac ceiba L.', 0, 27, 0, '', '', '', '', '', NULL, NULL, NULL, NULL, 1, NULL, NULL, NULL, NULL),
(300, 'Gòn', 'Ceiba pentandra (L.) Gagn.', 0, 27, 0, '', '', '', '', '', NULL, NULL, NULL, NULL, 1, NULL, NULL, NULL, NULL),
(301, 'Tâm mộc', 'Cordia grandis Roxb. ', 0, 28, 0, '', '', '', '', '', NULL, NULL, NULL, NULL, 1, NULL, NULL, NULL, NULL),
(302, 'Tai mèo, Vông vàng', 'Cynoglossum zeylanicum (Vahl.) Thunb ex Lehm', 0, 28, 0, '', '', '', '', '', NULL, NULL, NULL, NULL, 1, NULL, NULL, NULL, NULL),
(303, 'Vòi voi', 'Heliotropium indicum L.', 0, 28, 0, '', '', '', '', '', NULL, NULL, NULL, NULL, 1, NULL, NULL, NULL, NULL),
(304, 'Bò cạp', 'Tournefortia gaudichaudii Gagn.', 0, 28, 0, '', '', '', '', '', NULL, NULL, NULL, NULL, 1, NULL, NULL, NULL, NULL),
(305, 'Cải ngọt', 'Brassica intergrifolia (West.) O. B. Schultz', 0, 29, 0, '', '', '', '', '', NULL, NULL, NULL, NULL, 1, NULL, NULL, NULL, NULL),
(306, 'Cải bẹ', 'B. junca (L.)', 0, 29, 0, '', '', '', '', '', NULL, NULL, NULL, NULL, 1, NULL, NULL, NULL, NULL),
(307, 'Cải bắp', 'B. oleracea L. var. capitata', 0, 29, 0, '', '', '', '', '', NULL, NULL, NULL, NULL, 1, NULL, NULL, NULL, NULL),
(308, 'Cải củ', 'Raphanus sativus var. longipinnatus Bail.', 0, 29, 0, '', '', '', '', '', NULL, NULL, NULL, NULL, 1, NULL, NULL, NULL, NULL),
(309, 'Cải đất', 'Rorippa dubia (Pers) Hara.', 0, 29, 0, '', '', '', '', '', NULL, NULL, NULL, NULL, 1, NULL, NULL, NULL, NULL),
(310, NULL, 'Burcera serrata Wall. ex Colebr.', 0, 31, 0, '', '', '', '', '', NULL, NULL, NULL, NULL, 1, NULL, NULL, NULL, NULL),
(311, 'Cà ná mũi nhọn', 'B. subulatum Guill.', 0, 31, 0, '', '', '', '', '', NULL, NULL, NULL, NULL, 1, NULL, NULL, NULL, NULL),
(312, 'Trám trắng', 'Canarium album (Lour.) Raeusch ex DC.', 0, 31, 0, '', '', '', '', '', NULL, NULL, NULL, NULL, 1, NULL, NULL, NULL, NULL),
(313, 'Trám hồng', 'C. bengalense Roxb.', 0, 31, 0, '', '', '', '', '', NULL, NULL, NULL, NULL, 1, NULL, NULL, NULL, NULL),
(314, 'Trám chim', 'C. parvum Leenh.', 0, 31, 0, '', '', '', '', '', NULL, NULL, NULL, NULL, 1, NULL, NULL, NULL, NULL),
(315, 'Móng bò thân leo', 'Bauhinia galpinii N.E. Br. ', 0, 33, 0, '', '', '', '', '', NULL, NULL, NULL, NULL, 1, NULL, NULL, NULL, NULL),
(316, 'Móc mèo ', 'Caesalpinia bonduc (L.) Roxb.', 0, 33, 0, '', '', '', '', '', NULL, NULL, NULL, NULL, 1, NULL, NULL, NULL, NULL),
(317, 'Ngân đằng', 'Codonopsis celebica (Blume) Thuan', 0, 34, 0, '', '', '', '', '', '5', '0', '0', NULL, 1, NULL, NULL, '2023-07-11 12:01:21', '20'),
(318, 'Đẳng sâm', 'Codonopsis javanica (Blume.) Hook.f', 0, 34, 0, '', '', '', '', '', '0', '25', '32', NULL, 1, NULL, NULL, '2022-11-15 16:48:55', '20'),
(319, 'Lô bình tích lan', 'Lobelia zeylanica L.', 0, 34, 0, '', '', '', '', '', NULL, NULL, NULL, NULL, 1, NULL, NULL, NULL, NULL),
(320, 'Lô bình', 'L. sinensis Lour.', 0, 34, 0, '', '', '', '', '', NULL, NULL, NULL, NULL, 1, NULL, NULL, NULL, NULL),
(321, 'Rau tai voi', 'Pentaphragma sinense Hemsl. & Wils.', 0, 34, 0, '', '', '', '', '', NULL, NULL, NULL, NULL, 1, NULL, NULL, NULL, NULL),
(322, 'Sâm ruộng', 'Wahlenbergia marginata (Thunb.) A. DC.', 0, 34, 0, '', '', '', '', '', NULL, NULL, NULL, NULL, 1, NULL, NULL, NULL, NULL),
(323, 'Cáp lá nhọn', 'Capparis acutifolia Sw.', 0, 152, 0, '', '', '', '', '', NULL, NULL, NULL, NULL, 1, NULL, NULL, NULL, NULL),
(324, 'Dây lùng bung', 'Capparis cantoniensis Lour.', 0, 152, 0, '', '', '', '', '', NULL, NULL, NULL, NULL, 1, NULL, NULL, NULL, NULL),
(325, 'Cáp lá xa lị', 'C. pyrifolia Lamk.', 0, 152, 0, '', '', '', '', '', NULL, NULL, NULL, NULL, 1, NULL, NULL, NULL, NULL),
(326, 'Cáp bàn mạo', 'C. radula Gagn.', 0, 152, 0, '', '', '', '', '', NULL, NULL, NULL, NULL, 1, NULL, NULL, NULL, NULL),
(327, 'Màn màn tím', 'Cleome chelidonii L. f. ', 0, 152, 0, '', '', '', '', '', NULL, NULL, NULL, NULL, 1, NULL, NULL, NULL, NULL),
(328, 'Màn màn trắng', 'C. gynandra L.', 0, 152, 0, '', '', '', '', '', NULL, NULL, NULL, NULL, 1, NULL, NULL, NULL, NULL),
(329, 'Màn màn trĩn', 'C. viscosa L.', 0, 152, 0, '', '', '', '', '', NULL, NULL, NULL, NULL, 1, NULL, NULL, NULL, NULL),
(330, 'Bún to', 'Crateva magna (Lour.) DC.', 0, 152, 0, '', '', '', '', '', '0', '0', '0', NULL, 1, NULL, NULL, '2022-11-15 15:57:12', '20'),
(331, 'Bún', 'C. nurvala Buch. Ham', 0, 152, 0, '', '', '', '', '', NULL, NULL, NULL, NULL, 1, NULL, NULL, NULL, NULL),
(332, ' Trứng quốc', 'Stixis scandens Lour.', 0, 152, 0, '', '', '', '', '', NULL, NULL, NULL, NULL, 1, NULL, NULL, NULL, NULL),
(333, 'Kim ngân', 'Lonicera japonica Thunb.', 0, 35, 0, '', '', '', '', '', NULL, NULL, NULL, NULL, 1, NULL, NULL, NULL, NULL),
(334, 'Kim ngân hoa to', 'L. macrantha (D. Don) Sprengel', 0, 35, 0, '', '', '', '', '', NULL, NULL, NULL, NULL, 1, NULL, NULL, NULL, NULL),
(335, 'Cơm cháy', 'Sambucus simpsonii Rehder.', 0, 35, 0, '', '', '', '', '', NULL, NULL, NULL, NULL, 1, NULL, NULL, NULL, NULL),
(336, 'Cơm cháy hooke', 'S. hookeri Rehder', 0, 35, 0, '', '', '', '', '', NULL, NULL, NULL, NULL, 1, NULL, NULL, NULL, NULL),
(337, 'Vót dôm', 'Vibrum punctatum Buch. Ham ex D. Don', 0, 35, 0, '', '', '', '', '', NULL, NULL, NULL, NULL, 1, NULL, NULL, NULL, NULL),
(338, 'Chân danh', 'Euonymus javanicus Bl.', 0, 36, 0, '', '', '', '', '', NULL, NULL, NULL, NULL, 1, NULL, NULL, NULL, NULL),
(339, 'Chân danh hoa thưa', 'E. laxiflorus Champ. in B & H', 0, 36, 0, '', '', '', '', '', NULL, NULL, NULL, NULL, 1, NULL, NULL, NULL, NULL),
(340, 'Lõa châu', 'Gymnosporia chevalieri Tard.', 0, 36, 0, '', '', '', '', '', NULL, NULL, NULL, NULL, 1, NULL, NULL, NULL, NULL),
(341, 'Loá', 'Maytenus stylosa (Pierre) Lob. Callen', 0, 36, 0, '', '', '', '', '', NULL, NULL, NULL, NULL, 1, NULL, NULL, NULL, NULL),
(342, 'Chóp mau tái', 'Salacia pallens Pierre', 0, 36, 0, '', '', '', '', '', NULL, NULL, NULL, NULL, 1, NULL, NULL, NULL, NULL),
(343, 'Chóp mau cụt ', 'Salacia verrucosa Wight', 0, 36, 0, '', '', '', '', '', NULL, NULL, NULL, NULL, 1, NULL, NULL, NULL, NULL),
(344, 'Xưng da trung bộ', 'Siphonodon annamensis (Lec.) Merr.', 0, 36, 0, '', '', '', '', '', NULL, NULL, NULL, NULL, 1, NULL, NULL, NULL, NULL),
(345, 'Còng trắng', 'Calophyllum dryobalanoides Pierr.', 0, 40, 0, '', '', '', '', '', NULL, NULL, NULL, NULL, 1, NULL, NULL, NULL, NULL),
(346, 'Thành ngạnh nam', 'Cratoxylon cochinchinensis (Lour.) Bl.', 0, 40, 0, '', '', '', '', '', '0', '26', '0', NULL, 1, NULL, NULL, '2023-07-11 12:15:35', '20'),
(347, 'Thành ngạnh', 'Cratoxylum maingayi Dyers in Hook. f.', 0, 40, 0, '', '', '', '', '', '0', '26', '0', NULL, 1, NULL, NULL, '2023-07-11 12:21:36', '20'),
(348, 'Bứa', 'Garcinia cochinchinensis (Lour.) Choiw.', 0, 40, 0, '', '', '', '', '', NULL, NULL, NULL, NULL, 1, NULL, NULL, NULL, NULL),
(349, 'Vàng nghệ', 'Garcinia handburyl', 0, 40, 0, '', '', '', '', '', NULL, NULL, NULL, NULL, 1, NULL, NULL, NULL, NULL),
(350, 'Bứa lằn đen', 'Garcinia nigrolineata', 0, 40, 0, '', '', '', '', '', NULL, NULL, NULL, NULL, 1, NULL, NULL, NULL, NULL),
(351, 'Bứa lửa', 'G. fusca Pierr.', 0, 40, 0, '', '', '', '', '', NULL, NULL, NULL, NULL, 1, NULL, NULL, NULL, NULL),
(352, 'Bứa lá tròn', 'G. oblongifolia Champ. ex Benth.', 0, 40, 0, '', '', '', '', '', NULL, NULL, NULL, NULL, 1, NULL, NULL, NULL, NULL),
(353, 'Bứa ', 'G. planchonii Pierr.', 0, 40, 0, '', '', '', '', '', NULL, NULL, NULL, NULL, 1, NULL, NULL, NULL, NULL),
(354, 'Sơn Vé', 'G.mergnensis Wight', 0, 40, 0, '', '', '', '', '', NULL, NULL, NULL, NULL, 1, NULL, NULL, NULL, NULL),
(355, 'Vàng nghệ', 'Garcinia gaudichaudii', 0, 40, 0, '', '', '', '', '', NULL, NULL, NULL, NULL, 1, NULL, NULL, NULL, NULL),
(356, 'Sói đay', 'Chloranthus crectus (Benth. & Hook.f.) Verdc.', 0, 39, 0, '', '', '', '', '', NULL, NULL, NULL, NULL, 1, NULL, NULL, NULL, NULL),
(357, 'Sói gié', 'Chloranthus spicatus', 0, 39, 0, '', '', '', '', '', NULL, NULL, NULL, NULL, 1, NULL, NULL, NULL, NULL),
(358, 'Sói rừng', 'Sarcandra glabra', 0, 39, 0, '', '', '', '', '', NULL, NULL, NULL, NULL, 1, NULL, NULL, NULL, NULL),
(359, 'Dây giun', 'Quiqualis indica L.', 0, 41, 0, '', '', '', '', '', NULL, NULL, NULL, NULL, 1, NULL, NULL, NULL, NULL),
(360, 'Quả giùm', 'Connarus paniculatus Roxb.', 0, 43, 0, '', '', '', '', '', NULL, NULL, NULL, NULL, 1, NULL, NULL, NULL, NULL),
(361, NULL, 'Roureopis stenopetala (Griff.) Schellenb.', 0, 43, 0, '', '', '', '', '', NULL, NULL, NULL, NULL, 1, NULL, NULL, NULL, NULL),
(362, 'Dây cựa gà', 'Rourea minor (Gaertn.) Aubl.', 0, 43, 0, '', '', '', '', '', NULL, NULL, NULL, NULL, 1, NULL, NULL, NULL, NULL),
(363, 'Bìm thuỷ', 'Hewittia scandens (Milne) Mabberly', 0, 44, 0, '', '', '', '', '', NULL, NULL, NULL, NULL, 1, NULL, NULL, NULL, NULL),
(364, 'Rau muống', 'Ipomoea aquatica Forssk ', 0, 44, 0, '', '', '', '', '', NULL, NULL, NULL, NULL, 1, NULL, NULL, NULL, NULL),
(365, 'Khoai lang', 'I. batatas (L.) Lamk', 0, 44, 0, '', '', '', '', '', NULL, NULL, NULL, NULL, 1, NULL, NULL, NULL, NULL),
(366, 'Bìm trắng', 'Jacmontia paniculata (Burm. f.) Hall.f.', 0, 44, 0, '', '', '', '', '', NULL, NULL, NULL, NULL, 1, NULL, NULL, NULL, NULL),
(367, 'Bìm vàng', 'Merremia hederacea (Burm. f.) Hall. f.', 0, 44, 0, '', '', '', '', '', NULL, NULL, NULL, NULL, 1, NULL, NULL, NULL, NULL),
(368, 'Bìm long', 'M. hirta (L.) Merr.', 0, 44, 0, '', '', '', '', '', NULL, NULL, NULL, NULL, 1, NULL, NULL, NULL, NULL),
(369, 'Bìm lá nho', 'M. vitifolia (Burm. f.) Hall. f.', 0, 44, 0, '', '', '', '', '', NULL, NULL, NULL, NULL, 1, NULL, NULL, NULL, NULL),
(370, 'Bìm núi', 'Prana volubilis Burm. f.', 0, 44, 0, '', '', '', '', '', NULL, NULL, NULL, NULL, 1, NULL, NULL, NULL, NULL),
(371, 'Bìm ba răng', 'Xenostegia tridentata (L.) Austin & Staples', 0, 44, 0, '', '', '', '', '', NULL, NULL, NULL, NULL, 1, NULL, NULL, NULL, NULL),
(372, 'Bí đao', 'Benincasia hispida (Thunb.) Cogn.', 0, 46, 0, '', '', '', '', '', NULL, NULL, NULL, NULL, 1, NULL, NULL, NULL, NULL);
INSERT INTO `loai` (`id`, `name`, `nameLatinh`, `loai`, `idHo`, `rPH`, `dacDiem`, `giaTriSuDung`, `phanBo`, `nguonTaiLieu`, `hinhAnh`, `mucDoBaoTonIUCN`, `mucDoBaoTonSDVN`, `mucDoBaoTonNDCP`, `mucDoBaoTonND64CP`, `status`, `createdAt`, `createdBy`, `updatedAt`, `updatedBy`) VALUES
(373, 'Bát', 'Coccinia grandis (L.) Voigt', 0, 46, 0, '', '', '', '', '', NULL, NULL, NULL, NULL, 1, NULL, NULL, NULL, NULL),
(374, ' Bí rợ', 'Cucurbita maxima Duch. ex Lam', 0, 46, 0, '', '', '', '', '', NULL, NULL, NULL, NULL, 1, NULL, NULL, NULL, NULL),
(375, ' Bí ngô', 'C. moschata Duch. ex Lam', 0, 46, 0, '', '', '', '', '', NULL, NULL, NULL, NULL, 1, NULL, NULL, NULL, NULL),
(376, 'Bí đỏ', 'C. pepo L.', 0, 46, 0, '', '', '', '', '', NULL, NULL, NULL, NULL, 1, NULL, NULL, NULL, NULL),
(377, 'Dưa chuột', 'Cucurmis sativus L.', 0, 46, 0, '', '', '', '', '', NULL, NULL, NULL, NULL, 1, NULL, NULL, NULL, NULL),
(378, ' Dưa gang', 'C. sativus var. conomon  (Thunb.) Mak', 0, 46, 0, '', '', '', '', '', NULL, NULL, NULL, NULL, 1, NULL, NULL, NULL, NULL),
(379, 'Chân vịt', 'Diplocyclos palmatus (L.) Jeffrey', 0, 46, 0, '', '', '', '', '', NULL, NULL, NULL, NULL, 1, NULL, NULL, NULL, NULL),
(380, ' Cứt quạ', 'Gymnopetalum cochinchinensis (Lour.) Kurz.', 0, 46, 0, '', '', '', '', '', NULL, NULL, NULL, NULL, 1, NULL, NULL, NULL, NULL),
(381, 'Cứt quạ lá nguyên', 'G. integrifolium (Roxb.) Kurz.', 0, 46, 0, '', '', '', '', '', NULL, NULL, NULL, NULL, 1, NULL, NULL, NULL, NULL),
(382, 'Thư tràng thưa', 'Gynostemma laxum wall Cogn', 0, 46, 0, '', '', '', '', '', NULL, NULL, NULL, NULL, 1, NULL, NULL, NULL, NULL),
(383, 'Thư tràng 5 lá', 'Gynostemma pentaphyllum', 0, 46, 0, '', '', '', '', '', NULL, NULL, NULL, NULL, 1, NULL, NULL, NULL, NULL),
(384, 'Đài hái', 'Hogsonia macrocarpa (Bl.) Cogn', 0, 46, 0, '', '', '', '', '', NULL, NULL, NULL, NULL, 1, NULL, NULL, NULL, NULL),
(385, 'Mướp khía', 'Luffa acutangula (L.) Roxb.', 0, 46, 0, '', '', '', '', '', NULL, NULL, NULL, NULL, 1, NULL, NULL, NULL, NULL),
(386, 'Mướp hương', 'L. cylindrica (L.) M. J. Roem', 0, 46, 0, '', '', '', '', '', NULL, NULL, NULL, NULL, 1, NULL, NULL, NULL, NULL),
(387, ' Khổ qua', 'Momordia charantia L.', 0, 46, 0, '', '', '', '', '', NULL, NULL, NULL, NULL, 1, NULL, NULL, NULL, NULL),
(388, 'Gấc', 'M. cochinchinensis (Lour.) Spreng', 0, 46, 0, '', '', '', '', '', NULL, NULL, NULL, NULL, 1, NULL, NULL, NULL, NULL),
(389, 'Cầu qua nhám', 'Mukia maderaspatana (L.) M. J. Roem', 0, 46, 0, '', '', '', '', '', NULL, NULL, NULL, NULL, 1, NULL, NULL, NULL, NULL),
(390, 'Cầu qua di diệp', 'Solena heterophylla Lour. ', 0, 46, 0, '', '', '', '', '', NULL, NULL, NULL, NULL, 1, NULL, NULL, NULL, NULL),
(391, 'Làu xác', 'Trichosanthes tricuspidata Lour.', 0, 46, 0, '', '', '', '', '', NULL, NULL, NULL, NULL, 1, NULL, NULL, NULL, NULL),
(392, 'Hồng bì', 'Trichosanthes rubrithoscayla', 0, 46, 0, '', '', '', '', '', NULL, NULL, NULL, NULL, 1, NULL, NULL, NULL, NULL),
(393, 'Cầu qua trái trắng', 'Zehneria indica (Lour.) Keyr.', 0, 46, 0, '', '', '', '', '', NULL, NULL, NULL, NULL, 1, NULL, NULL, NULL, NULL),
(394, 'Sổ bà', 'Dillenia indica L.', 0, 52, 0, '', '', '', '', '', NULL, NULL, NULL, NULL, 1, NULL, NULL, NULL, NULL),
(395, 'Sổ ngũ thư', 'Dillenia pentagyna Roxb.', 0, 52, 0, '', '', '', '', '', NULL, NULL, NULL, NULL, 1, NULL, NULL, NULL, NULL),
(396, 'Long tía', 'D. turbinata Fin & Gagn.', 0, 52, 0, '', '', '', '', '', NULL, NULL, NULL, NULL, 1, NULL, NULL, NULL, NULL),
(397, 'Dây chìu', 'Tetrcera sarmentosa (L.) Vahl', 0, 52, 0, '', '', '', '', '', NULL, NULL, NULL, NULL, 1, NULL, NULL, NULL, NULL),
(398, 'Dây chiều tứ giác', 'T. scandens (L.) Merr.', 0, 52, 0, '', '', '', '', '', NULL, NULL, NULL, NULL, 1, NULL, NULL, NULL, NULL),
(399, 'Dầu hoa to', 'Dipterocapus grandiflorus Blco ', 0, 54, 0, '', '', '', '', '', NULL, NULL, NULL, NULL, 1, NULL, NULL, NULL, NULL),
(400, 'Dầu', 'D. hasseltii Bl.', 0, 54, 0, '', '', '', '', '', NULL, NULL, NULL, NULL, 1, NULL, NULL, NULL, NULL),
(401, 'Dầu cà luân', 'D. kerrii King.', 0, 54, 0, '', '', '', '', '', NULL, NULL, NULL, NULL, 1, NULL, NULL, NULL, NULL),
(402, NULL, 'Dipterocarpus Sp', 0, 54, 0, '', '', '', '', '', '23', '25', NULL, NULL, 1, NULL, NULL, NULL, NULL),
(403, 'Hồng', 'Diospyros kaki L.f.', 0, 56, 0, '', '', '', '', '', NULL, NULL, NULL, NULL, 1, NULL, NULL, NULL, NULL),
(404, NULL, 'D. cauliflora Bl.', 0, 56, 0, '', '', '', '', '', NULL, NULL, NULL, NULL, 1, NULL, NULL, NULL, NULL),
(405, 'Thị roi', 'Diospyros frutescens Bl. ', 0, 56, 0, '', '', '', '', '', NULL, NULL, NULL, NULL, 1, NULL, NULL, NULL, NULL),
(406, 'Săng đen', 'D. lancaefolia Roxb. ', 0, 56, 0, '', '', '', '', '', NULL, NULL, NULL, NULL, 1, NULL, NULL, NULL, NULL),
(407, 'Thị hoa dài', 'D. longebracteata Lec', 0, 56, 0, '', '', '', '', '', NULL, NULL, NULL, NULL, 1, NULL, NULL, NULL, NULL),
(408, 'Thị sen', 'Diospyros lotus', 0, 56, 0, '', '', '', '', '', NULL, NULL, NULL, NULL, 1, NULL, NULL, NULL, NULL),
(409, 'Trâm', 'D. martabarica C. B. Cl.', 0, 56, 0, '', '', '', '', '', NULL, NULL, NULL, NULL, 1, NULL, NULL, NULL, NULL),
(410, 'Thị thường', 'D. moi Lec', 0, 56, 0, '', '', '', '', '', NULL, NULL, NULL, NULL, 1, NULL, NULL, NULL, NULL),
(411, 'Thị mít', 'D. pilosula (A. DC.) Hiern.', 0, 56, 0, '', '', '', '', '', NULL, NULL, NULL, NULL, 1, NULL, NULL, NULL, NULL),
(412, 'Thị chồi hung', 'D. rufogemmata Lec', 0, 56, 0, '', '', '', '', '', NULL, NULL, NULL, NULL, 1, NULL, NULL, NULL, NULL),
(413, 'Thi đốt cao', 'Diospyros susarticulata', 0, 56, 0, '', '', '', '', '', NULL, NULL, NULL, NULL, 1, NULL, NULL, NULL, NULL),
(414, 'Gai nang ', 'Sloanea sinensis (Hance) Hemsl.', 0, 57, 0, '', '', '', '', '', NULL, NULL, NULL, NULL, 1, NULL, NULL, NULL, NULL),
(415, 'Côm nhật', 'Elaeocarpus japonicus Sieb. & Zucc.', 0, 57, 0, '', '', '', '', '', NULL, NULL, NULL, NULL, 1, NULL, NULL, NULL, NULL),
(416, 'Côm bông lớn', 'Elaeocarpus grandiflorus J. E. Smith.', 0, 57, 0, '', '', '', '', '', NULL, NULL, NULL, NULL, 1, NULL, NULL, NULL, NULL),
(417, 'Côm lá hẹp', 'E. angustifolius Bl.', 0, 57, 0, '', '', '', '', '', NULL, NULL, NULL, NULL, 1, NULL, NULL, NULL, NULL),
(418, NULL, 'E. griffithii (Wight.) A. Gray', 0, 57, 0, '', '', '', '', '', NULL, NULL, NULL, NULL, 1, NULL, NULL, NULL, NULL),
(419, 'Rù rì', 'E. hainamensis Oliv. ', 0, 57, 0, '', '', '', '', '', NULL, NULL, NULL, NULL, 1, NULL, NULL, NULL, NULL),
(420, 'Côm sừng to', 'Elaeocarpus macroceras', 0, 57, 0, '', '', '', '', '', NULL, NULL, NULL, NULL, 1, NULL, NULL, NULL, NULL),
(421, 'Côm biên', 'E. limitanus Hand. Mazz', 0, 57, 0, '', '', '', '', '', NULL, NULL, NULL, NULL, 1, NULL, NULL, NULL, NULL),
(422, 'Côm có cuống', 'E. petiolatus (Jack.) Wall. ex Kurz.', 0, 57, 0, '', '', '', '', '', NULL, NULL, NULL, NULL, 1, NULL, NULL, NULL, NULL),
(423, 'Côm lá bẹ', 'E. stipulatus Bl.', 0, 57, 0, '', '', '', '', '', NULL, NULL, NULL, NULL, 1, NULL, NULL, NULL, NULL),
(424, 'Côm trâu', 'Elaeocarpus sylvestris (Lour.) Poir. in Lamk. ', 0, 57, 0, '', '', '', '', '', NULL, NULL, NULL, NULL, 1, NULL, NULL, NULL, NULL),
(425, 'Đỗ quyên hoa trắng', 'Rhododendron aff. fleuryi Dop', 0, 59, 0, '', '', '', '', '', '0', '0', '0', NULL, 1, NULL, NULL, '2022-11-15 17:11:21', '20'),
(426, 'Đỗ quyên sim', 'R .simsii Planch.', 0, 59, 0, '', '', '', '', '', NULL, NULL, NULL, NULL, 1, NULL, NULL, NULL, NULL),
(427, 'Trợ hoa', 'Enkianthus quinqueflorus Lour.', 0, 59, 0, '', '', '', '', '', NULL, NULL, NULL, NULL, 1, NULL, NULL, NULL, NULL),
(428, 'Châu thụ', 'Gaultheria fragrantissima Wall., ', 0, 59, 0, '', '', '', '', '', NULL, NULL, NULL, NULL, 1, NULL, NULL, NULL, NULL),
(429, 'Bọ nẹt', 'Alchornia rugosa (Lour.) Muell.-Arg.', 0, 60, 0, '', '', '', '', '', NULL, NULL, NULL, NULL, 1, NULL, NULL, NULL, NULL),
(430, 'Bọ nẹt lá đay', 'A. tiliaefolia (Benth.) Muell.-Arg.', 0, 60, 0, '', '', '', '', '', NULL, NULL, NULL, NULL, 1, NULL, NULL, NULL, NULL),
(431, 'Trẩu', 'Aleurites cordata (Thumb.) R. Br. ex Steu', 0, 60, 0, '', '', '', '', '', NULL, NULL, NULL, NULL, 1, NULL, NULL, NULL, NULL),
(432, 'Chòi mòi lá nhọn', 'Antidesma bunius Spreng.', 0, 60, 0, '', '', '', '', '', NULL, NULL, NULL, NULL, 1, NULL, NULL, NULL, NULL),
(433, 'Chòi mòi', 'A. ghaesembilla Gaertn', 0, 60, 0, '', '', '', '', '', NULL, NULL, NULL, NULL, 1, NULL, NULL, NULL, NULL),
(434, 'Chòi mòi poilane', 'Antidesma poilanne', 0, 60, 0, '', '', '', '', '', NULL, NULL, NULL, NULL, 1, NULL, NULL, NULL, NULL),
(435, 'Chòi mòi', 'Antidesma fruticosa', 0, 60, 0, '', '', '', '', '', NULL, NULL, NULL, NULL, 1, NULL, NULL, NULL, NULL),
(436, 'Chòi mòi hải nam', 'A. hainanensis Merr.', 0, 60, 0, '', '', '', '', '', NULL, NULL, NULL, NULL, 1, NULL, NULL, NULL, NULL),
(437, 'Chòi mòi vân nam', 'A. yunnanensis Pax & Hoffm.', 0, 60, 0, '', '', '', '', '', NULL, NULL, NULL, NULL, 1, NULL, NULL, NULL, NULL),
(438, 'Tai nghé', 'Aporusa ficifolia H. Baillon ', 0, 60, 0, '', '', '', '', '', NULL, NULL, NULL, NULL, 1, NULL, NULL, NULL, NULL),
(439, 'Thàu táu hạt tròn', 'A. sphaerospermum Gagn.', 0, 60, 0, '', '', '', '', '', NULL, NULL, NULL, NULL, 1, NULL, NULL, NULL, NULL),
(440, 'Tai nghé', 'Aporusan tetrapleura', 0, 60, 0, '', '', '', '', '', NULL, NULL, NULL, NULL, 1, NULL, NULL, NULL, NULL),
(441, 'Dâu da', 'Baccaurea silvestris Lour.', 0, 60, 0, '', '', '', '', '', NULL, NULL, NULL, NULL, 1, NULL, NULL, NULL, NULL),
(442, 'Nhội', 'Bischofia javanica Bl.', 0, 60, 0, '', '', '', '', '', NULL, NULL, NULL, NULL, 1, NULL, NULL, NULL, NULL),
(443, 'Dé', 'Breynia angustifolia Hook.f.', 0, 60, 0, '', '', '', '', '', NULL, NULL, NULL, NULL, 1, NULL, NULL, NULL, NULL),
(444, 'Bù cu vẽ', 'B. fruticosa (L.) Hook.f.', 0, 60, 0, '', '', '', '', '', NULL, NULL, NULL, NULL, 1, NULL, NULL, NULL, NULL),
(445, 'Đỏm long', 'Bridelia monoica (Lour.) Merr.', 0, 60, 0, '', '', '', '', '', NULL, NULL, NULL, NULL, 1, NULL, NULL, NULL, NULL),
(446, 'Bi điền xoan', 'Bridelia ovata Dcne.', 0, 60, 0, '', '', '', '', '', NULL, NULL, NULL, NULL, 1, NULL, NULL, NULL, NULL),
(447, 'Bọ bét', 'Claoxylon hainamensis', 0, 60, 0, '', '', '', '', '', NULL, NULL, NULL, NULL, 1, NULL, NULL, NULL, NULL),
(448, 'Mọ lá dài', 'Claoxylon longifolium (Bl.) Endl. ex Hassk.', 0, 60, 0, '', '', '', '', '', NULL, NULL, NULL, NULL, 1, NULL, NULL, NULL, NULL),
(449, 'Cù đèn đà nẵng', 'Croton touranensis Gagnep.', 0, 60, 0, '', '', '', '', '', '5', '0', '0', NULL, 1, NULL, NULL, '2023-07-11 12:05:42', '20'),
(450, 'Ba đậu lá nhạt', 'Croton cascarilloides Raeusch', 0, 60, 0, '', '', '', '', '', NULL, NULL, NULL, NULL, 1, NULL, NULL, NULL, NULL),
(451, 'Cù đèn biên thùy', 'Croton limitincola Croiz', 0, 60, 0, '', '', '', '', '', NULL, NULL, NULL, NULL, 1, NULL, NULL, NULL, NULL),
(452, 'Vạng trứng', 'Endospermum chinense Benth.', 0, 60, 0, '', '', '', '', '', NULL, NULL, NULL, NULL, 1, NULL, NULL, NULL, NULL),
(453, 'Cỏ sữa lông', 'Euphorbia hirta L.', 0, 60, 0, '', '', '', '', '', NULL, NULL, NULL, NULL, 1, NULL, NULL, NULL, NULL),
(454, 'Cỏ sữa an', 'E. indica Lamk.', 0, 60, 0, '', '', '', '', '', NULL, NULL, NULL, NULL, 1, NULL, NULL, NULL, NULL),
(455, 'Cỏ sữa tròn', 'E. orbiculata Miq.', 0, 60, 0, '', '', '', '', '', NULL, NULL, NULL, NULL, 1, NULL, NULL, NULL, NULL),
(456, 'Trạng nguyên', 'E. pulcherrima Jacq.', 0, 60, 0, '', '', '', '', '', NULL, NULL, NULL, NULL, 1, NULL, NULL, NULL, NULL),
(457, 'Cỏ sữa đất', 'E. thymifolia L.', 0, 60, 0, '', '', '', '', '', NULL, NULL, NULL, NULL, 1, NULL, NULL, NULL, NULL),
(458, 'Mao hoa', 'Emismanthus sinensis', 0, 60, 0, '', '', '', '', '', NULL, NULL, NULL, NULL, 1, NULL, NULL, NULL, NULL),
(459, 'Trao tráo', 'Excoecaria indica', 0, 60, 0, '', '', '', '', '', NULL, NULL, NULL, NULL, 1, NULL, NULL, NULL, NULL),
(460, 'Sóc đỏ', 'Glochidion rubrum Bl.', 0, 60, 0, '', '', '', '', '', NULL, NULL, NULL, NULL, 1, NULL, NULL, NULL, NULL),
(461, 'Sóc cứng', 'Glochidion rigidum', 0, 60, 0, '', '', '', '', '', NULL, NULL, NULL, NULL, 1, NULL, NULL, NULL, NULL),
(462, 'Sóc', 'G. zaylanicum A. Jus', 0, 60, 0, '', '', '', '', '', NULL, NULL, NULL, NULL, 1, NULL, NULL, NULL, NULL),
(463, 'Thanh cước', 'Leptopus clarkei', 0, 60, 0, '', '', '', '', '', NULL, NULL, NULL, NULL, 1, NULL, NULL, NULL, NULL),
(464, 'Rù rì', 'Homonoia riparis Lour.', 0, 60, 0, '', '', '', '', '', NULL, NULL, NULL, NULL, 1, NULL, NULL, NULL, NULL),
(465, 'Lá nến', 'Macaranga balansae Gagn.', 0, 60, 0, '', '', '', '', '', NULL, NULL, NULL, NULL, 1, NULL, NULL, NULL, NULL),
(466, 'Ba soi', 'M. denticulata (Bl.) Muell.-Arg', 0, 60, 0, '', '', '', '', '', NULL, NULL, NULL, NULL, 1, NULL, NULL, NULL, NULL),
(467, 'Máu bầu', 'M. henricorum Hemsl.', 0, 60, 0, '', '', '', '', '', NULL, NULL, NULL, NULL, 1, NULL, NULL, NULL, NULL),
(468, 'Ba bét trắng', 'Mallotus apelta Muell.-Arg.', 0, 60, 0, '', '', '', '', '', NULL, NULL, NULL, NULL, 1, NULL, NULL, NULL, NULL),
(469, 'Ba bét', 'M. barbatus Muell.-Arg.', 0, 60, 0, '', '', '', '', '', NULL, NULL, NULL, NULL, 1, NULL, NULL, NULL, NULL),
(470, 'Ruối trái vàng', 'Mallotus chrysocarpus', 0, 60, 0, '', '', '', '', '', NULL, NULL, NULL, NULL, 1, NULL, NULL, NULL, NULL),
(471, 'Bùm bụp trung bộ', 'M. floribundus (Bl.) Muell.-Arg', 0, 60, 0, '', '', '', '', '', NULL, NULL, NULL, NULL, 1, NULL, NULL, NULL, NULL),
(472, 'Bụp đuôi to', 'M. macrostachyus (Miq.) Muell.-Arg.', 0, 60, 0, '', '', '', '', '', NULL, NULL, NULL, NULL, 1, NULL, NULL, NULL, NULL),
(473, 'Ba bét nam', 'M. paniculata (Lamk.) Muell.-Arg.', 0, 60, 0, '', '', '', '', '', NULL, NULL, NULL, NULL, 1, NULL, NULL, NULL, NULL),
(474, 'Cánh kiến', 'M. phillippensis (Lamk.) Muell.-Arg.', 0, 60, 0, '', '', '', '', '', NULL, NULL, NULL, NULL, 1, NULL, NULL, NULL, NULL),
(475, 'Bụp tràn', 'M. repandus (Willd.) Muell.-Arg.', 0, 60, 0, '', '', '', '', '', NULL, NULL, NULL, NULL, 1, NULL, NULL, NULL, NULL),
(476, 'Bụp trắng', 'M. tetracocus (Roxb.) kurz.', 0, 60, 0, '', '', '', '', '', NULL, NULL, NULL, NULL, 1, NULL, NULL, NULL, NULL),
(477, 'Ruối', 'Mallotus thorelii', 0, 60, 0, '', '', '', '', '', NULL, NULL, NULL, NULL, 1, NULL, NULL, NULL, NULL),
(478, 'Sắn', 'Manihot esculanta Crantz.', 0, 60, 0, '', '', '', '', '', NULL, NULL, NULL, NULL, 1, NULL, NULL, NULL, NULL),
(479, 'Cám heo, ruối trái tròn', 'Mallotus oblongifolius (Miq) Maell – Arg', 0, 60, 0, '', '', '', '', '', NULL, NULL, NULL, NULL, 1, NULL, NULL, NULL, NULL),
(480, 'Óc tốt', 'Ostodes paniculata Blume ', 0, 60, 0, '', '', '', '', '', NULL, NULL, NULL, NULL, 1, NULL, NULL, NULL, NULL),
(481, 'Chó đẻ răng cưa', 'Phyllanthus debilis klein ex Willd.', 0, 60, 0, '', '', '', '', '', NULL, NULL, NULL, NULL, 1, NULL, NULL, NULL, NULL),
(482, 'Diệp hạ châu đo đỏ', 'Phyllanthus rubescens Beille', 0, 60, 0, '', '', '', '', '', NULL, NULL, NULL, NULL, 1, NULL, NULL, NULL, NULL),
(483, 'Chùm ruột', 'P. emblica L.', 0, 60, 0, '', '', '', '', '', NULL, NULL, NULL, NULL, 1, NULL, NULL, NULL, NULL),
(484, 'Phèn đen', 'P. reticulata Poir. ', 0, 60, 0, '', '', '', '', '', NULL, NULL, NULL, NULL, 1, NULL, NULL, NULL, NULL),
(485, 'Đỏ ngọn', 'P. rube Spreng.', 0, 60, 0, '', '', '', '', '', NULL, NULL, NULL, NULL, 1, NULL, NULL, NULL, NULL),
(486, 'Chó đẻ', 'P. urinaria L.', 0, 60, 0, '', '', '', '', '', NULL, NULL, NULL, NULL, 1, NULL, NULL, NULL, NULL),
(487, 'Vảy óc', 'Phyllanthus welwitschianus', 0, 60, 0, '', '', '', '', '', NULL, NULL, NULL, NULL, 1, NULL, NULL, NULL, NULL),
(488, 'Tam thụ hùng long chim', 'Trigonostemon murtonii', 0, 60, 0, '', '', '', '', '', NULL, NULL, NULL, NULL, 1, NULL, NULL, NULL, NULL),
(489, 'Sòi tía', 'Sapium discolor. (Benth.) Muell.-Arg.', 0, 60, 0, '', '', '', '', '', NULL, NULL, NULL, NULL, 1, NULL, NULL, NULL, NULL),
(490, 'Sòi lá tròn', 'S. rotundifolium Hemsl.', 0, 60, 0, '', '', '', '', '', NULL, NULL, NULL, NULL, 1, NULL, NULL, NULL, NULL),
(491, 'Sòi trắng', 'S. sebiferum (L.) Roxb.', 0, 60, 0, '', '', '', '', '', NULL, NULL, NULL, NULL, 1, NULL, NULL, NULL, NULL),
(492, 'Rau ngót', 'Sauropus androgynus (L.) Merr.', 0, 60, 0, '', '', '', '', '', NULL, NULL, NULL, NULL, 1, NULL, NULL, NULL, NULL),
(493, 'Bóng nẻ', 'Securinega vilosa (Willd.) Pax & Hoffm.', 0, 60, 0, '', '', '', '', '', NULL, NULL, NULL, NULL, 1, NULL, NULL, NULL, NULL),
(495, 'Cánh dơi', 'Bauhinia bracteaca (Benth.) Baker', 0, 153, 0, '', '', '', '', '', NULL, NULL, NULL, NULL, 1, NULL, NULL, '2022-06-01 15:39:19', '20'),
(496, 'Móng bò mấu', 'B. clemensiorum Merr.', 0, 153, 0, '', '', '', '', '', NULL, NULL, NULL, NULL, 1, NULL, NULL, NULL, NULL),
(497, 'Móng bò curit', 'B. curtisii Prain. ', 0, 153, 0, '', '', '', '', '', NULL, NULL, NULL, NULL, 1, NULL, NULL, NULL, NULL),
(498, 'Móng bò lakon', 'B. lakhonensis Gagn.', 0, 153, 0, '', '', '', '', '', NULL, NULL, NULL, NULL, 1, NULL, NULL, NULL, NULL),
(499, 'Móng bò xanh', 'Bauhinia  viridescens Desv.', 0, 153, 0, '', '', '', '', '', NULL, NULL, NULL, NULL, 1, NULL, NULL, NULL, NULL),
(500, 'Móng bò lông', 'B. hirsuta Weimnann. ', 0, 153, 0, '', '', '', '', '', NULL, NULL, NULL, NULL, 1, NULL, NULL, NULL, NULL),
(501, 'Móng bò', 'B. saccocalyx Pierre.', 0, 153, 0, '', '', '', '', '', NULL, NULL, NULL, NULL, 1, NULL, NULL, NULL, NULL),
(502, 'Vuốt hùm', 'Caesalpinia bonduc (L.) Roxb.', 0, 153, 0, '', '', '', '', '', NULL, NULL, NULL, NULL, 1, NULL, NULL, NULL, NULL),
(503, 'Keo rừng', 'C. latisilliqua (Cav.) Hatt', 0, 153, 0, '', '', '', '', '', NULL, NULL, NULL, NULL, 1, NULL, NULL, NULL, NULL),
(504, 'Vuốt hùm', 'C. mimax Hance', 0, 153, 0, '', '', '', '', '', NULL, NULL, NULL, NULL, 1, NULL, NULL, NULL, NULL),
(505, 'Móc mèo', 'C. mimosoides Lamk.', 0, 153, 0, '', '', '', '', '', NULL, NULL, NULL, NULL, 1, NULL, NULL, NULL, NULL),
(506, 'Muồng trâu', 'Cassia alrata L.', 0, 153, 0, '', '', '', '', '', NULL, NULL, NULL, NULL, 1, NULL, NULL, NULL, NULL),
(507, 'Xây, Xoay', 'Dialium cochinchinensis Pierre', 0, 153, 0, '', '', '', '', '', '27', NULL, NULL, NULL, 1, NULL, NULL, NULL, NULL),
(508, 'Lim xanh', 'Erythrophleum fordii Oliv', 0, 153, 0, '', '', '', '', '', '0', '0', '32', NULL, 1, NULL, NULL, '2023-07-11 09:29:20', '20'),
(509, 'Ràng ràng lào', 'Ormisia laoensis', 0, 153, 0, '', '', '', '', '', NULL, NULL, NULL, NULL, 1, NULL, NULL, NULL, NULL),
(510, 'Ràng ràng trái gỗ', 'Ormosia xylocarpa Chun', 0, 153, 0, '', '', '', '', '', NULL, NULL, NULL, NULL, 1, NULL, NULL, NULL, NULL),
(511, 'Ràng ràng cambodia', 'Ormosia combodiana', 0, 153, 0, '', '', '', '', '', NULL, NULL, NULL, NULL, 1, NULL, NULL, NULL, NULL),
(512, 'Mát giết cá', 'Milletia piscidia (Roxb.) W & Arn', 0, 153, 0, '', '', '', '', '', NULL, NULL, NULL, NULL, 1, NULL, NULL, NULL, NULL),
(513, 'Lim vàng', 'Peltophorum dasyrrachis (Miq.) Kurz.', 0, 153, 0, '', '', '', '', '', NULL, NULL, NULL, NULL, 1, NULL, NULL, NULL, NULL),
(514, 'Lim sẹt', 'P. pterocarpum (A.P.de Cand.) Back. ex Heyrne', 0, 153, 0, '', '', '', '', '', NULL, NULL, NULL, NULL, 1, NULL, NULL, NULL, NULL),
(515, 'Cóc kèn', 'Perris Sp', 0, 153, 0, '', '', '', '', '', NULL, NULL, NULL, NULL, 1, NULL, NULL, NULL, NULL),
(516, 'Vàng anh', 'Saraca indica L.', 0, 153, 0, '', '', '', '', '', NULL, NULL, NULL, NULL, 1, NULL, NULL, NULL, NULL),
(517, 'Gõ dầu', 'Sindora tonkinensis A. Chev. ex K. & S. S. Lars.', 0, 153, 0, '', '', '', '', '', '27', '24', '32', NULL, 1, NULL, NULL, NULL, NULL),
(518, 'Me ăn lá', 'Acacia concinna (Willd.) A. DC. ', 0, 156, 0, '', '', '', '', '', NULL, NULL, NULL, NULL, 1, NULL, NULL, NULL, NULL),
(519, 'Sống rắn trung quốc', 'Albizia chinensis (Osb.) Merr.', 0, 156, 0, '', '', '', '', '', NULL, NULL, NULL, NULL, 1, NULL, NULL, NULL, NULL),
(520, 'Sống rắn', 'A. corniculata (Lour.) Pruce', 0, 156, 0, '', '', '', '', '', NULL, NULL, NULL, NULL, 1, NULL, NULL, NULL, NULL),
(521, 'Đái bò', 'A. lucidior (Steud.) I. Niels.', 0, 156, 0, '', '', '', '', '', NULL, NULL, NULL, NULL, 1, NULL, NULL, NULL, NULL),
(522, 'Cứt ngựa', 'Archidendron balansae (Oliv.) I. Niels.', 0, 156, 0, '', '', '', '', '', NULL, NULL, NULL, NULL, 1, NULL, NULL, NULL, NULL),
(523, 'Cổ áo', 'A. bauchei. (Gagn.) I. Niels', 0, 156, 0, '', '', '', '', '', NULL, NULL, NULL, NULL, 1, NULL, NULL, NULL, NULL),
(524, NULL, 'A. chevalieri (Kost.) I. Niels.', 0, 156, 0, '', '', '', '', '', NULL, NULL, NULL, NULL, 1, NULL, NULL, NULL, NULL),
(525, 'Mán đỉa', 'Archidendron clypearia (Jack) ', 0, 156, 0, '', '', '', '', '', NULL, NULL, NULL, NULL, 1, NULL, NULL, NULL, NULL),
(526, 'Doi bắc bộ', 'Archidendron tonkinensis', 0, 156, 0, '', '', '', '', '', NULL, NULL, NULL, NULL, 1, NULL, NULL, NULL, NULL),
(527, 'Dái heo', 'A. robinsonii (Gagn.) I. Niels.', 0, 156, 0, '', '', '', '', '', NULL, NULL, NULL, NULL, 1, NULL, NULL, NULL, NULL),
(528, 'Bàm bàm', 'Entada phaseoloides (L.) Merr.', 0, 156, 0, '', '', '', '', '', NULL, NULL, NULL, NULL, 1, NULL, NULL, NULL, NULL),
(529, 'Xấu hổ móc', 'Mimosa diplotricha C. Wright ex Sauvalle', 0, 156, 0, '', '', '', '', '', NULL, NULL, NULL, NULL, 1, NULL, NULL, NULL, NULL),
(530, 'Xấu hổ', 'M. pudica L.', 0, 156, 0, '', '', '', '', '', NULL, NULL, NULL, NULL, 1, NULL, NULL, NULL, NULL),
(531, 'Lạc', 'Arachis hypogea L.', 0, 155, 0, '', '', '', '', '', NULL, NULL, NULL, NULL, 1, NULL, NULL, NULL, NULL),
(532, 'Bánh nem', 'Bowringia calicarpa Champ.', 0, 155, 0, '', '', '', '', '', NULL, NULL, NULL, NULL, 1, NULL, NULL, NULL, NULL),
(533, 'Lục lạc trắng', 'Crotalaria incana L.', 0, 155, 0, '', '', '', '', '', NULL, NULL, NULL, NULL, 1, NULL, NULL, NULL, NULL),
(534, 'Lục lạc cánh', 'C. bialata Schrank', 0, 155, 0, '', '', '', '', '', NULL, NULL, NULL, NULL, 1, NULL, NULL, NULL, NULL),
(535, 'Bàm bàm', 'Dalbergia entadoides Pierre ex Gagn.', 0, 155, 0, '', '', '', '', '', NULL, NULL, NULL, NULL, 1, NULL, NULL, NULL, NULL),
(536, 'Sóng lá', 'D. polyadelpha Prain.', 0, 155, 0, '', '', '', '', '', NULL, NULL, NULL, NULL, 1, NULL, NULL, NULL, NULL),
(537, 'Trắc dây', 'Dalbergia rimosa Roxb', 0, 155, 0, '', '', '', '', '', '0', '0', '32', NULL, 1, NULL, NULL, '2023-07-11 08:07:57', '20'),
(538, 'Cóc kèn núi', 'Deris acuminata (Grah.) Benth.', 0, 155, 0, '', '', '', '', '', NULL, NULL, NULL, NULL, 1, NULL, NULL, NULL, NULL),
(539, 'Dây lim', 'D. indica Benn. Nim', 0, 155, 0, '', '', '', '', '', NULL, NULL, NULL, NULL, 1, NULL, NULL, NULL, NULL),
(540, 'Đồng tiền', 'Desmodium pulchellum (L.) Benth.', 0, 155, 0, '', '', '', '', '', NULL, NULL, NULL, NULL, 1, NULL, NULL, NULL, NULL),
(541, 'Tràng quả 3 lá', 'D. triflorum DC.', 0, 155, 0, '', '', '', '', '', NULL, NULL, NULL, NULL, 1, NULL, NULL, NULL, NULL),
(542, 'Tràng quả', 'D. zonantum Miq.', 0, 155, 0, '', '', '', '', '', NULL, NULL, NULL, NULL, 1, NULL, NULL, NULL, NULL),
(543, 'Vông đồng', 'Erythrina fusca Lour. ', 0, 155, 0, '', '', '', '', '', NULL, NULL, NULL, NULL, 1, NULL, NULL, NULL, NULL),
(544, 'Vông nem', 'E. variegata L.', 0, 155, 0, '', '', '', '', '', NULL, NULL, NULL, NULL, 1, NULL, NULL, NULL, NULL),
(545, 'Chàm long', 'Indigofera hirsuta L.', 0, 155, 0, '', '', '', '', '', NULL, NULL, NULL, NULL, 1, NULL, NULL, NULL, NULL),
(546, 'Chàm 3 lá', 'I. trifolia L.', 0, 155, 0, '', '', '', '', '', NULL, NULL, NULL, NULL, 1, NULL, NULL, NULL, NULL),
(547, 'Thàn mát', 'Milletia ichthyotona Drake', 0, 155, 0, '', '', '', '', '', NULL, NULL, NULL, NULL, 1, NULL, NULL, NULL, NULL),
(548, 'Cổ gai', 'M. ebehardtii Gagn.', 0, 155, 0, '', '', '', '', '', NULL, NULL, NULL, NULL, 1, NULL, NULL, NULL, NULL),
(549, 'Ràng ràng lào', 'Ormosia laosensis Niyodham.', 0, 155, 0, '', '', '', '', '', NULL, NULL, NULL, NULL, 1, NULL, NULL, NULL, NULL),
(550, 'Ràng ràng xanh', 'Ormosia pinnata (Lour.) Merr.', 0, 155, 0, '', '', '', '', '', NULL, NULL, NULL, NULL, 1, NULL, NULL, NULL, NULL),
(551, 'Đậu ma', 'Pueraria phaseoloides (Roxb.) Benth.', 0, 155, 0, '', '', '', '', '', NULL, NULL, NULL, NULL, 1, NULL, NULL, NULL, NULL),
(552, 'Cốt khí tía', 'Tephrosia purpurea (L.) Prers.', 0, 155, 0, '', '', '', '', '', NULL, NULL, NULL, NULL, 1, NULL, NULL, NULL, NULL),
(553, 'Đậu xanh', 'Vigna radiata (L.) Wilczek.', 0, 155, 0, '', '', '', '', '', NULL, NULL, NULL, NULL, 1, NULL, NULL, NULL, NULL),
(554, 'Đậu đen', 'V. unguiculata (L.) Walp.', 0, 155, 0, '', '', '', '', '', NULL, NULL, NULL, NULL, 1, NULL, NULL, NULL, NULL),
(555, 'Dẻ giáp', 'Castanopsis  armata Spach.', 0, 62, 0, '', '', '', '', '', NULL, NULL, NULL, NULL, 1, NULL, NULL, NULL, NULL),
(556, 'Kha thụ sừng nai', 'C. ceratacantha Rehd. & Wils.', 0, 62, 0, '', '', '', '', '', NULL, NULL, NULL, NULL, 1, NULL, NULL, NULL, NULL),
(557, NULL, 'C. dongchoensis Hiek & Cam.', 0, 62, 0, '', '', '', '', '', NULL, NULL, NULL, NULL, 1, NULL, NULL, NULL, NULL),
(558, 'Cà ổi ấn', 'C. indica (Roxb.) A.D.C. in Seem.', 0, 62, 0, '', '', '', '', '', NULL, NULL, NULL, NULL, 1, NULL, NULL, NULL, NULL),
(559, 'Cà ổi sapa', 'Castanopsis lecomtei Hick. & Camus ', 0, 62, 0, '', '', '', '', '', NULL, '25', NULL, NULL, 1, NULL, NULL, NULL, NULL),
(560, 'Kha tử quảng trị', 'C. quangtriensis Hick & Cam.', 0, 62, 0, '', '', '', '', '', NULL, NULL, NULL, NULL, 1, NULL, NULL, NULL, NULL),
(561, 'Kha tử Sepon', 'C. teheponensis Hick & Cam.', 0, 62, 0, '', '', '', '', '', NULL, NULL, NULL, NULL, 1, NULL, NULL, NULL, NULL),
(562, 'Kha thụ Hải vân', 'C. nebulorum A. Cam.', 0, 62, 0, '', '', '', '', '', NULL, NULL, NULL, NULL, 1, NULL, NULL, NULL, NULL),
(563, 'Kha thụ trung bộ', 'Castanopsis annainensis', 0, 62, 0, '', '', '', '', '', NULL, NULL, NULL, NULL, 1, NULL, NULL, NULL, NULL),
(564, 'Cà ổi bắc bộ', 'Castanopsis tonkiensis Seem', 0, 62, 0, '', '', '', '', '', NULL, NULL, NULL, NULL, 1, NULL, NULL, NULL, NULL),
(565, 'Dẻ gié dòn', 'Lithocarpus ahabdostachya (Hick. & Cam.) A. Cam.', 0, 62, 0, '', '', '', '', '', NULL, NULL, NULL, NULL, 1, NULL, NULL, NULL, NULL),
(566, 'Dẻ ai lao', 'L. ailaoensis A. Cam', 0, 62, 0, '', '', '', '', '', NULL, NULL, NULL, NULL, 1, NULL, NULL, NULL, NULL),
(567, 'Sối đá lá mác', 'Lithocarpus balansae (Drake) A. Camus', 0, 62, 0, '', '', '', '', '', '5', '0', '0', NULL, 1, NULL, NULL, '2023-07-11 12:08:02', '20'),
(568, 'Sồi', 'L. corneus (Lour.) Rehd.', 0, 62, 0, '', '', '', '', '', NULL, NULL, NULL, NULL, 1, NULL, NULL, NULL, NULL),
(569, 'Dẻ núi', 'L. dinhensis (Hick. & Cam) Barn.', 0, 62, 0, '', '', '', '', '', NULL, NULL, NULL, NULL, 1, NULL, NULL, NULL, NULL),
(570, 'Dẻ lỗ, Dẻ cau', 'L. fenestratus (Roxb.) Rehd.', 0, 62, 0, '', '', '', '', '', NULL, '25', NULL, NULL, 1, NULL, NULL, NULL, NULL),
(571, 'Dẻ garrett, Sồi đá bộp', 'Lithocarpus garettiana (Craib.) A. Cam.', 0, 62, 0, '', '', '', '', '', NULL, NULL, NULL, NULL, 1, NULL, NULL, NULL, NULL),
(572, 'Dẻ bán cầu', 'L. haemispherica (Drake) Cam.', 0, 62, 0, '', '', '', '', '', NULL, '25', NULL, NULL, 1, NULL, NULL, NULL, NULL),
(573, 'Dẻ Jackson', 'L. jacksoniana A. Cam.', 0, 62, 0, '', '', '', '', '', NULL, NULL, NULL, NULL, 1, NULL, NULL, NULL, NULL),
(574, 'Dẻ trái nhỏ', 'L. microsperma A. Cam.', 0, 62, 0, '', '', '', '', '', NULL, NULL, NULL, NULL, 1, NULL, NULL, NULL, NULL),
(575, 'Dẻ háo âm', 'Lithocarpus ombrophylus A. Camus ', 0, 62, 0, '', '', '', '', '', NULL, NULL, NULL, NULL, 1, NULL, NULL, NULL, NULL),
(576, 'Dẻ nhiều vảy', 'L. pachylepis A. Cam.', 0, 62, 0, '', '', '', '', '', NULL, NULL, NULL, NULL, 1, NULL, NULL, NULL, NULL),
(577, 'Giẻ rừng', 'Lithocarpus silvicolarum (Hance) Chun', 0, 62, 0, '', '', '', '', '', NULL, NULL, NULL, NULL, 1, NULL, NULL, NULL, NULL),
(578, 'Sồi lá tròn', 'Q. arbutifolia Hick. & Cam.', 0, 62, 0, '', '', '', '', '', NULL, NULL, NULL, NULL, 1, NULL, NULL, NULL, NULL),
(579, 'Sồi lá tre', 'Q. bambusaefolia Hance in Seem', 0, 62, 0, '', '', '', '', '', NULL, NULL, NULL, NULL, 1, NULL, NULL, NULL, NULL),
(580, 'Sồi Gomez', 'Q. gomeziana A. Cam.', 0, 62, 0, '', '', '', '', '', NULL, NULL, NULL, NULL, 1, NULL, NULL, NULL, NULL),
(581, 'Sồi đấu to', 'Quercus macrocallyx Hick & Cam', 0, 62, 0, '', '', '', '', '', NULL, NULL, NULL, NULL, 1, NULL, NULL, NULL, NULL),
(582, 'Chìa vôi', 'Casearia balansae Gagn.', 0, 63, 0, '', '', '', '', '', NULL, NULL, NULL, NULL, 1, NULL, NULL, NULL, NULL),
(583, 'Nuốt chụm', 'C. gromerata Roxb.', 0, 63, 0, '', '', '', '', '', NULL, NULL, NULL, NULL, 1, NULL, NULL, NULL, NULL),
(584, 'Nuốt lá màng', 'C. membranacea Hance.', 0, 63, 0, '', '', '', '', '', NULL, NULL, NULL, NULL, 1, NULL, NULL, NULL, NULL),
(585, 'Mùng quân', 'Flacourtia rukkam Zoll. & Morr.', 0, 63, 0, '', '', '', '', '', NULL, NULL, NULL, NULL, 1, NULL, NULL, NULL, NULL),
(586, 'Chà van sến', 'Homalium ceylanicaum (Gardn.) Benth.', 0, 63, 0, '', '', '', '', '', NULL, NULL, NULL, NULL, 1, NULL, NULL, NULL, NULL),
(587, 'Chà van', 'H. myrandrum Merr.', 0, 63, 0, '', '', '', '', '', NULL, NULL, NULL, NULL, 1, NULL, NULL, NULL, NULL),
(588, 'Nhọ nồi', 'Hydnocarpus annamensis (Gagn.) Lese. & Sleum.', 0, 63, 0, '', '', '', '', '', '25', NULL, NULL, NULL, 1, NULL, NULL, NULL, NULL),
(589, 'Lọ nồi ô rô', 'H. ilicifolia King', 0, 63, 0, '', '', '', '', '', NULL, NULL, NULL, NULL, 1, NULL, NULL, NULL, NULL),
(590, 'Lọ nồi', 'H. kurzii (King) Warb.', 0, 63, 0, '', '', '', '', '', NULL, NULL, NULL, NULL, 1, NULL, NULL, NULL, NULL),
(591, 'Sau sau', 'Liquidambar farmosana Hance', 0, 68, 0, '', '', '', '', '', NULL, NULL, NULL, NULL, 1, NULL, NULL, NULL, NULL),
(592, 'Hồng quang rừng', 'Rhodoleia championii Hook.f.', 0, 68, 0, '', '', '', '', '', '27', NULL, NULL, NULL, 1, NULL, NULL, NULL, NULL),
(593, 'Chắp tay', 'Symingtonia populnea (Griff.) Steem.', 0, 68, 0, '', '', '', '', '', NULL, NULL, NULL, NULL, 1, NULL, NULL, NULL, NULL),
(594, 'Mao hùng', 'Gomphadra tetrandra (Wall.) Sleum', 0, 72, 0, '', '', '', '', '', NULL, NULL, NULL, NULL, 1, NULL, NULL, NULL, NULL),
(595, 'Cuống vàng', 'Gonocaryum lobbianum (Miers) Kurz', 0, 72, 0, '', '', '', '', '', NULL, NULL, NULL, NULL, 1, NULL, NULL, NULL, NULL),
(596, 'Mộc thông', 'Iodes cirrhosa Turcz ', 0, 72, 0, '', '', '', '', '', NULL, NULL, NULL, NULL, 1, NULL, NULL, NULL, NULL),
(597, 'Hồi lá mỏng', 'Illicium tenuifolium (Ridl.) Smith.', 0, 73, 0, '', '', '', '', '', NULL, NULL, NULL, NULL, 1, NULL, NULL, NULL, NULL),
(598, 'Chẹo', 'Engelhardia roxburghiana Wall.', 0, 75, 0, '', '', '', '', '', NULL, NULL, NULL, NULL, 1, NULL, NULL, NULL, NULL),
(599, 'Chẹo bông', 'E. spicata Lesch. ex Bl.', 0, 75, 0, '', '', '', '', '', '27', NULL, NULL, NULL, 1, NULL, NULL, NULL, NULL),
(600, 'Chẹo có răng', 'E. serrata Bl.', 0, 75, 0, '', '', '', '', '', NULL, NULL, NULL, NULL, 1, NULL, NULL, NULL, NULL),
(601, 'Cơi', 'Pterocarya stenoptera C. DC.', 0, 75, 0, '', '', '', '', '', NULL, NULL, NULL, NULL, 1, NULL, NULL, NULL, NULL),
(602, 'Tía tô', 'Coleus scutellaroides (l.) Benth.', 0, 76, 0, '', '', '', '', '', NULL, NULL, NULL, NULL, 1, NULL, NULL, NULL, NULL),
(603, 'Bạch thiệt ', 'Leucas aspera (Willd.) Link', 0, 76, 0, '', '', '', '', '', NULL, NULL, NULL, NULL, 1, NULL, NULL, NULL, NULL),
(604, 'Húng lũi', 'Mentha quatica L.', 0, 76, 0, '', '', '', '', '', NULL, NULL, NULL, NULL, 1, NULL, NULL, NULL, NULL),
(605, 'Đại hồi hoa nhỏ', 'Illicium parviflorun', 0, 76, 0, '', '', '', '', '', NULL, NULL, NULL, NULL, 1, NULL, NULL, NULL, NULL),
(606, 'Tu hùng tai', 'Pogostemon auricularia Phamhoang', 0, 76, 0, '', '', '', '', '', NULL, NULL, NULL, NULL, 1, NULL, NULL, NULL, NULL),
(607, 'Râu mèo thảo', 'Orthosiphon spiralis (Lour.) Merr.', 0, 76, 0, '', '', '', '', '', NULL, NULL, NULL, NULL, 1, NULL, NULL, NULL, NULL),
(608, 'Tía tô thảo', 'Perilla frutescens (Thunb.) Hand.-Mazz.', 0, 76, 0, '', '', '', '', '', NULL, NULL, NULL, NULL, 1, NULL, NULL, NULL, NULL),
(609, 'Cửu thảo ', 'Salvia plebeia R. Br.', 0, 76, 0, '', '', '', '', '', NULL, NULL, NULL, NULL, 1, NULL, NULL, NULL, NULL),
(610, 'Thuẫn ấn độ', 'Scutellaria indica L.', 0, 76, 0, '', '', '', '', '', NULL, NULL, NULL, NULL, 1, NULL, NULL, NULL, NULL),
(611, 'Vàng trắng bắc bộ', 'Alsecodaphne tonkinensis Liouho', 0, 77, 0, '', '', '', '', '', NULL, NULL, NULL, NULL, 1, NULL, NULL, NULL, NULL),
(612, 'Vàng trắng long', 'Alsecodaphne velutina', 0, 77, 0, '', '', '', '', '', NULL, NULL, NULL, NULL, 1, NULL, NULL, NULL, NULL),
(613, 'Két sét', 'Beilschmiedia ferruginea Liouho', 0, 77, 0, '', '', '', '', '', NULL, NULL, NULL, NULL, 1, NULL, NULL, NULL, NULL),
(614, 'Két rất dai', 'Beilschmiedia percoriacea', 0, 77, 0, '', '', '', '', '', NULL, NULL, NULL, NULL, 1, NULL, NULL, NULL, NULL),
(615, 'May phòng', 'Caryodapnosis tonkinensis (Lec.) A. Shaw', 0, 77, 0, '', '', '', '', '', NULL, NULL, NULL, NULL, 1, NULL, NULL, NULL, NULL),
(616, 'Tơ xanh', 'Cassytha filiformis L.', 0, 77, 0, '', '', '', '', '', NULL, NULL, NULL, NULL, 1, NULL, NULL, NULL, NULL),
(617, 'Re hương', 'Cinnamomum glaucescens (Buch. Hamilt.) Drury', 0, 77, 0, '', '', '', '', '', '0', '0', '32', NULL, 1, NULL, NULL, '2023-07-11 12:33:19', '20'),
(618, 'Trèn gân hình thang', 'C. scalarinervium Kost', 0, 77, 0, '', '', '', '', '', NULL, NULL, NULL, NULL, 1, NULL, NULL, NULL, NULL),
(619, 'Cửu mộc', 'Cinnamomum parthenoxylon (Jack.) Meisn.', 0, 77, 0, '', '', '', '', '', '7', '23', '32', NULL, 1, NULL, NULL, '2023-07-11 12:39:39', '20'),
(620, 'Quế lá tù', 'C. bejolgota (Buch.-Ham.) Sweet.', 0, 77, 0, '', '', '', '', '', NULL, NULL, NULL, NULL, 1, NULL, NULL, NULL, NULL),
(621, 'Quế rành', 'Cinnamomum burmannii', 0, 77, 0, '', '', '', '', '', NULL, NULL, NULL, NULL, 1, NULL, NULL, NULL, NULL),
(622, 'Long não', 'C. camphora (L.) J. S. Prest', 0, 77, 0, '', '', '', '', '', NULL, NULL, NULL, NULL, 1, NULL, NULL, NULL, NULL),
(623, 'Vù hương', 'Cinnamomum balansae Lec.', 0, 77, 0, '', '', '', '', '', '4', '25', '32', NULL, 1, NULL, NULL, '2023-07-11 12:29:57', '20'),
(624, 'Cà duối trung bộ', 'Cryptocarya annamensis Allen.', 0, 77, 0, '', '', '', '', '', NULL, NULL, NULL, NULL, 1, NULL, NULL, NULL, NULL),
(625, 'Cà duối trắng', 'C. ferrea Bl.', 0, 77, 0, '', '', '', '', '', NULL, NULL, NULL, NULL, 1, NULL, NULL, NULL, NULL),
(626, 'Cà duối', 'C. petelotii Kost.', 0, 77, 0, '', '', '', '', '', NULL, NULL, NULL, NULL, 1, NULL, NULL, NULL, NULL),
(627, 'Cà duối tam hùng', 'Dehaasia triandra Merr.', 0, 77, 0, '', '', '', '', '', NULL, NULL, NULL, NULL, 1, NULL, NULL, NULL, NULL),
(628, 'Khuyết hùng đỏ', 'Ediandra rubescens (Bl.) Mi', 0, 77, 0, '', '', '', '', '', NULL, NULL, NULL, NULL, 1, NULL, NULL, NULL, NULL),
(629, 'Liên đàn chun', 'Lindera chunii Merr.', 0, 77, 0, '', '', '', '', '', NULL, NULL, NULL, NULL, 1, NULL, NULL, NULL, NULL),
(630, 'Bời lời', 'Litsea balansae Lec.', 0, 77, 0, '', '', '', '', '', NULL, NULL, NULL, NULL, 1, NULL, NULL, NULL, NULL),
(631, 'Màng tang', 'L. cubeba (Lour.) Pers.', 0, 77, 0, '', '', '', '', '', NULL, NULL, NULL, NULL, 1, NULL, NULL, NULL, NULL),
(632, 'Bời lời nhớt', 'L. glutinosa (Lour.) Rob.', 0, 77, 0, '', '', '', '', '', NULL, NULL, NULL, NULL, 1, NULL, NULL, NULL, NULL),
(633, NULL, 'Litseacubeba Sp', 0, 77, 0, '', '', '', '', '', NULL, NULL, NULL, NULL, 1, NULL, NULL, NULL, NULL),
(634, 'Bời lời lá nhục đậu', 'Litsea myristicaefolia', 0, 77, 0, '', '', '', '', '', NULL, NULL, NULL, NULL, 1, NULL, NULL, NULL, NULL),
(635, 'Bời lời bắc bộ', 'Litsea rubescens', 0, 77, 0, '', '', '', '', '', NULL, NULL, NULL, NULL, 1, NULL, NULL, NULL, NULL),
(636, 'Liên đàn', 'Lindera meissneri', 0, 77, 0, '', '', '', '', '', NULL, NULL, NULL, NULL, 1, NULL, NULL, NULL, NULL),
(637, 'Liên đàn', 'Lindera nacusua', 0, 77, 0, '', '', '', '', '', NULL, NULL, NULL, NULL, 1, NULL, NULL, NULL, NULL),
(638, 'Rè', 'Machilus platycarpa Chun.', 0, 77, 0, '', '', '', '', '', NULL, NULL, NULL, NULL, 1, NULL, NULL, NULL, NULL),
(639, 'Bời lời trung bộ', 'Neolitsea chuii Merr.', 0, 77, 0, '', '', '', '', '', NULL, NULL, NULL, NULL, 1, NULL, NULL, NULL, NULL),
(640, 'Tân bời lời', 'Neolitsea sericea', 0, 77, 0, '', '', '', '', '', NULL, NULL, NULL, NULL, 1, NULL, NULL, NULL, NULL),
(641, 'Dẹ', 'Syndiclis lotungensis', 0, 77, 0, '', '', '', '', '', NULL, NULL, NULL, NULL, 1, NULL, NULL, NULL, NULL),
(642, 'Kháo long', 'Persea velutina (Champ.) Kost.', 0, 77, 0, '', '', '', '', '', NULL, NULL, NULL, NULL, 1, NULL, NULL, NULL, NULL),
(643, 'Sụ thon', 'Phoebe attenuata Necc. ', 0, 77, 0, '', '', '', '', '', NULL, NULL, NULL, NULL, 1, NULL, NULL, NULL, NULL),
(644, 'Sụ quảng trị', 'P. sheareri Gamble', 0, 77, 0, '', '', '', '', '', NULL, NULL, NULL, NULL, 1, NULL, NULL, NULL, NULL),
(645, 'Re trắng lá to', 'Phoebe tavoyana (Meisn.) Hook. f.', 0, 77, 0, '', '', '', '', '', NULL, NULL, NULL, NULL, 1, NULL, NULL, NULL, NULL),
(646, 'Gối an', 'Leea indica (Burm.f.) Merr.', 0, 78, 0, '', '', '', '', '', NULL, NULL, NULL, NULL, 1, NULL, NULL, NULL, NULL),
(647, 'Củ gối', 'L. thorelli Gagn.', 0, 78, 0, '', '', '', '', '', NULL, NULL, NULL, NULL, 1, NULL, NULL, NULL, NULL),
(648, 'Gối có mũi', 'L. manillensis Walp.', 0, 78, 0, '', '', '', '', '', NULL, NULL, NULL, NULL, 1, NULL, NULL, NULL, NULL),
(649, 'Gối hạc', 'L. rubra Bl. ex Spreng.', 0, 78, 0, '', '', '', '', '', NULL, NULL, NULL, NULL, 1, NULL, NULL, NULL, NULL),
(650, 'Lộc vừng', 'Barringtonia acutangula (L.) Gaertn.', 0, 79, 0, '', '', '', '', '', NULL, NULL, NULL, NULL, 1, NULL, NULL, NULL, NULL),
(651, 'Chiếc hardtii', 'B. eberhardtii Gagn.', 0, 79, 0, '', '', '', '', '', NULL, NULL, NULL, NULL, 1, NULL, NULL, NULL, NULL),
(652, 'Chiếc chùm', 'B. macrocarpa Hassk.', 0, 79, 0, '', '', '', '', '', NULL, NULL, NULL, NULL, 1, NULL, NULL, NULL, NULL),
(653, 'Tim lang', 'Barringtonia racemosa', 0, 79, 0, '', '', '', '', '', NULL, NULL, NULL, NULL, 1, NULL, NULL, NULL, NULL),
(654, 'Vừng quả to', 'Careya sphaerica Roxb.', 0, 79, 0, '', '', '', '', '', NULL, NULL, NULL, NULL, 1, NULL, NULL, NULL, NULL),
(655, 'Lá ngón', 'Gelsemium elegans (Gardn. & Champ.) Benth.', 0, 81, 0, '', '', '', '', '', '0', '0', '0', NULL, 1, NULL, NULL, '2022-11-17 20:42:21', '20'),
(656, 'Trai', 'Fagraea fragrans Roxb. ', 0, 81, 0, '', '', '', '', '', NULL, NULL, NULL, NULL, 1, NULL, NULL, NULL, NULL),
(657, 'Trai tai', 'F. auriculata Jack.', 0, 81, 0, '', '', '', '', '', NULL, NULL, NULL, NULL, 1, NULL, NULL, NULL, NULL),
(658, 'Củ chi', 'Strychnos angustifolia Benth.', 0, 81, 0, '', '', '', '', '', NULL, NULL, NULL, NULL, 1, NULL, NULL, NULL, NULL),
(659, 'Hoàng nàn, Mã tiền lông', 'S. ignatii Bergius', 0, 81, 0, '', '', '', '', '', NULL, '25', NULL, NULL, 1, NULL, NULL, NULL, NULL),
(660, 'Củ chi trứng', 'S. ovata Hill', 0, 81, 0, '', '', '', '', '', NULL, NULL, NULL, NULL, 1, NULL, NULL, NULL, NULL),
(661, 'Củ chi láng', 'S. vanpruckii', 0, 81, 0, '', '', '', '', '', NULL, NULL, NULL, NULL, 1, NULL, NULL, NULL, NULL),
(662, 'Ngũ hung', 'Dendrophtoe pentandra (L.) Miq.', 0, 83, 0, '', '', '', '', '', NULL, NULL, NULL, NULL, 1, NULL, NULL, NULL, NULL),
(663, 'Thu loan', 'Ginalloa siamica Crai', 0, 83, 0, '', '', '', '', '', NULL, NULL, NULL, NULL, 1, NULL, NULL, NULL, NULL),
(664, 'Đại cán', 'Macrosolen robinsonii (Gamble) Dance', 0, 83, 0, '', '', '', '', '', NULL, NULL, NULL, NULL, 1, NULL, NULL, NULL, NULL),
(665, 'Hạt mộc trung quốc', 'Taxillus chinensis (DC.) Dance', 0, 83, 0, '', '', '', '', '', NULL, NULL, NULL, NULL, 1, NULL, NULL, NULL, NULL),
(666, 'Tầm gửi sau sau', 'Viscum liquidambaricum Hay', 0, 83, 0, '', '', '', '', '', NULL, NULL, NULL, NULL, 1, NULL, NULL, NULL, NULL),
(667, 'Bằng lăng lá xoan', 'Lagerstroemia ovalifolia Teijsm & Binn.', 0, 85, 0, '', '', '', '', '', NULL, NULL, NULL, NULL, 1, NULL, NULL, NULL, NULL),
(668, 'Bằng lăng láng', 'L. duperreana Pierre ex Gagn.', 0, 85, 0, '', '', '', '', '', NULL, NULL, NULL, NULL, 1, NULL, NULL, NULL, NULL),
(669, 'Săng lẻ lông', 'L. tomentosa Presl. ', 0, 85, 0, '', '', '', '', '', NULL, NULL, NULL, NULL, 1, NULL, NULL, NULL, NULL),
(670, 'Giổi xanh', 'Michelia mediocris Dandy', 0, 86, 0, '', '', '', '', '', NULL, NULL, NULL, NULL, 1, NULL, NULL, NULL, NULL),
(671, 'Giổi trơn', 'M. faveolata Merr. ex Dandy', 0, 86, 0, '', '', '', '', '', NULL, NULL, NULL, NULL, 1, NULL, NULL, NULL, NULL),
(672, 'Giổi gang, Giổi xương', 'Paramichelia baillonii (Pierre) Hu. Kuidui', 0, 86, 0, '', '', '', '', '', '0', '25', '0', NULL, 1, NULL, NULL, '2023-07-11 12:44:26', '20'),
(673, 'Bụp vang', 'Abemoschatus moschatus Medicus', 0, 87, 0, '', '', '', '', '', NULL, NULL, NULL, NULL, 1, NULL, NULL, NULL, NULL),
(674, 'Bụp lá cò ke', 'Hibiscus grewiaefolius Hassk.', 0, 87, 0, '', '', '', '', '', NULL, NULL, NULL, NULL, 1, NULL, NULL, NULL, NULL),
(675, 'Dâm bụt', 'H. rosa-sinensis L.', 0, 87, 0, '', '', '', '', '', NULL, NULL, NULL, NULL, 1, NULL, NULL, NULL, NULL),
(676, 'Xương chua', 'H. surattensis L.', 0, 87, 0, '', '', '', '', '', NULL, NULL, NULL, NULL, 1, NULL, NULL, NULL, NULL),
(677, 'Ké đồng tiền', 'Sida cordifolia L.', 0, 87, 0, '', '', '', '', '', NULL, NULL, NULL, NULL, 1, NULL, NULL, NULL, NULL),
(678, 'Bái', 'S. acuta Burm.f.', 0, 87, 0, '', '', '', '', '', NULL, NULL, NULL, NULL, 1, NULL, NULL, NULL, NULL),
(679, 'Ké hoa vàng', 'S. rhombifolia L.', 0, 87, 0, '', '', '', '', '', NULL, NULL, NULL, NULL, 1, NULL, NULL, NULL, NULL),
(680, 'Ké hoa đào', 'Urena lobata L.', 0, 87, 0, '', '', '', '', '', NULL, NULL, NULL, NULL, 1, NULL, NULL, NULL, NULL),
(681, 'Đa hình không cuống', 'Allomorphia subsessilis Craib.', 0, 91, 0, '', '', '', '', '', NULL, NULL, NULL, NULL, 1, NULL, NULL, NULL, NULL),
(682, 'Đa hình cây', 'Allomorphia arborescens Guillaum', 0, 91, 0, '', '', '', '', '', NULL, NULL, NULL, NULL, 1, NULL, NULL, NULL, NULL),
(683, NULL, 'Blastus borneensis Cogn', 0, 91, 0, '', '', '', '', '', NULL, NULL, NULL, NULL, 1, NULL, NULL, NULL, NULL),
(684, 'Bo', 'B. cochinchinensis Lour. ', 0, 91, 0, '', '', '', '', '', NULL, NULL, NULL, NULL, 1, NULL, NULL, NULL, NULL),
(685, 'Ân đằng', 'Diplectria barbata Frank & Roos', 0, 91, 0, '', '', '', '', '', NULL, NULL, NULL, NULL, 1, NULL, NULL, NULL, NULL),
(686, 'Chèn', 'Medinilla assamica (C. B. Cl.) Chen', 0, 91, 0, '', '', '', '', '', NULL, NULL, NULL, NULL, 1, NULL, NULL, NULL, NULL),
(687, 'Mua Bauche', 'Melastoma bauchei Guill.', 0, 91, 0, '', '', '', '', '', NULL, NULL, NULL, NULL, 1, NULL, NULL, NULL, NULL),
(688, 'Mua nhám', 'M. eberhartii Guill.', 0, 91, 0, '', '', '', '', '', NULL, NULL, NULL, NULL, 1, NULL, NULL, NULL, NULL),
(689, 'Mua thường', 'M. normale D. Don', 0, 91, 0, '', '', '', '', '', NULL, NULL, NULL, NULL, 1, NULL, NULL, NULL, NULL),
(690, 'Sầm', 'Memecylon edule Roxb.', 0, 91, 0, '', '', '', '', '', NULL, NULL, NULL, NULL, 1, NULL, NULL, NULL, NULL),
(691, 'Sầm núi', 'M. scutellatum (Lour.) Naud.', 0, 91, 0, '', '', '', '', '', NULL, NULL, NULL, NULL, 1, NULL, NULL, NULL, NULL),
(692, 'Mua tép', 'Osbeckia chinensis L. ', 0, 91, 0, '', '', '', '', '', NULL, NULL, NULL, NULL, 1, NULL, NULL, NULL, NULL),
(693, 'An bích sao', 'O. stellata Buch.-Ham ex D. Don', 0, 91, 0, '', '', '', '', '', NULL, NULL, NULL, NULL, 1, NULL, NULL, NULL, NULL),
(694, 'Sắc tứ tơ', 'Oxyspora balansari (Cogn) Max. Var.Setosa', 0, 91, 0, '', '', '', '', '', NULL, NULL, NULL, NULL, 1, NULL, NULL, NULL, NULL),
(695, 'Nhĩ hung', 'Otanthera annamica (Guill.) C. Hance', 0, 91, 0, '', '', '', '', '', NULL, NULL, NULL, NULL, 1, NULL, NULL, NULL, NULL),
(696, 'Mua bò', 'Phyllagathis prostrata C. Hance', 0, 91, 0, '', '', '', '', '', NULL, NULL, NULL, NULL, 1, NULL, NULL, NULL, NULL),
(697, 'Me đá', 'Phyllagathis gangicalcarata', 0, 91, 0, '', '', '', '', '', NULL, NULL, NULL, NULL, 1, NULL, NULL, NULL, NULL),
(698, 'Giã lưỡng tai', 'Pseudodissochaeta lanceolata Nayar.', 0, 91, 0, '', '', '', '', '', NULL, NULL, NULL, NULL, 1, NULL, NULL, NULL, NULL),
(699, 'Sơn linh đứng', 'Sonerila erecta Jack', 0, 91, 0, '', '', '', '', '', NULL, NULL, NULL, NULL, 1, NULL, NULL, NULL, NULL),
(700, 'Ngâu trung bộ', 'Aglaia annamensis Pell.', 0, 92, 0, '', '', '', '', '', NULL, NULL, NULL, NULL, 1, NULL, NULL, NULL, NULL),
(701, 'Ngâu raman', 'Aglaia lawii', 0, 92, 0, '', '', '', '', '', NULL, NULL, NULL, NULL, 1, NULL, NULL, NULL, NULL),
(702, 'Ngâu mum, dái ngựa nước', 'Aglaia Spectabilis (miq) Jain&Binn', 0, 92, 0, '', '', '', '', '', NULL, NULL, NULL, NULL, 1, NULL, NULL, NULL, NULL),
(703, 'Gội nước', 'Aphanamixis polystachya', 0, 92, 0, '', '', '', '', '', NULL, NULL, NULL, NULL, 1, NULL, NULL, NULL, NULL),
(704, 'Gội đỏ', 'Amoora dasyclada (How & Chen) C.V.Wu', 0, 92, 0, '', '', '', '', '', NULL, NULL, NULL, NULL, 1, NULL, NULL, NULL, NULL),
(705, 'Gội tía', 'Aglaia spectabilis (Miq.) Jain & Bennet = A. gigantea Pierre ', 0, 92, 0, '', '', '', '', '', '0', '25', '0', NULL, 1, NULL, NULL, '2023-07-11 12:50:27', '20'),
(706, 'Gội ít hạt', 'A. oligosperma (Pierre) Pell.', 0, 92, 0, '', '', '', '', '', NULL, NULL, NULL, NULL, 1, NULL, NULL, NULL, NULL),
(707, 'Lát hoa', 'Chukrasia tabularis A. Jus.', 0, 92, 0, '', '', '', '', '', '6', '25', '0', NULL, 1, NULL, NULL, '2023-07-11 12:52:51', '20'),
(708, 'Cà muối', 'Cipadessa baccifera Pell.', 0, 92, 0, '', '', '', '', '', NULL, NULL, NULL, NULL, 1, NULL, NULL, NULL, NULL),
(709, 'Chò vảy', 'Dysoxylum hainanensis Merr.', 0, 92, 0, '', '', '', '', '', NULL, NULL, NULL, NULL, 1, NULL, NULL, NULL, NULL),
(710, 'Huỳnh đàn', 'Dysoxylum juglans (Hance) Pell.', 0, 92, 0, '', '', '', '', '', NULL, NULL, NULL, NULL, 1, NULL, NULL, NULL, NULL),
(711, 'Xoan', 'Melia azedarach. L. ', 0, 92, 0, '', '', '', '', '', NULL, NULL, NULL, NULL, 1, NULL, NULL, NULL, NULL),
(712, 'Huỳnh  đàn', 'Sandoricum binectariferum Hook.f.', 0, 92, 0, '', '', '', '', '', NULL, NULL, NULL, NULL, 1, NULL, NULL, NULL, NULL),
(713, 'Dái ngựa', 'Swietenia macrophylla Kingin Hook', 0, 92, 0, '', '', '', '', '', NULL, NULL, NULL, NULL, 1, NULL, NULL, NULL, NULL),
(714, 'Dây vằng đắng', 'Coscinium fenestratum (Gagn.) Colebr.', 0, 93, 0, '', '', '', '', '', '0', '0', '32', NULL, 1, NULL, NULL, '2023-07-11 12:56:07', '20'),
(715, 'Dây hồ đằng, Mốt trơn', 'Cissampelos  Pareira L.', 0, 93, 0, '', '', '', '', '', NULL, NULL, NULL, NULL, 1, NULL, NULL, NULL, NULL),
(716, 'Dây song bảo', 'Diploclisia glaucescens (Bl.) Diel', 0, 93, 0, '', '', '', '', '', NULL, NULL, NULL, NULL, 1, NULL, NULL, NULL, NULL),
(717, 'Hoàng đằng', 'Fibraurea tinctoria Lour.', 0, 93, 0, '', '', '', '', '', '0', '0', '32', NULL, 1, NULL, NULL, '2023-07-11 12:23:56', '20'),
(718, 'Dây mề gà', 'Limacia scandens Lour.', 0, 93, 0, '', '', '', '', '', NULL, NULL, NULL, NULL, 1, NULL, NULL, NULL, NULL),
(719, 'Phi đằng', 'Pycnarrhena poilanei (Gagn.) Forman.', 0, 93, 0, '', '', '', '', '', NULL, NULL, NULL, NULL, 1, NULL, NULL, NULL, NULL),
(720, 'Bình vôi nhật, Thiên kim đằng', 'Stephania japonica (Thunb.) Miers.', 0, 93, 0, '', '', '', '', '', '0', '0', '32', NULL, 1, NULL, NULL, '2023-07-11 13:01:55', '20'),
(721, 'Bình vôi', 'Stephania glabra', 0, 93, 0, '', '', '', '', '', NULL, NULL, NULL, NULL, 1, NULL, NULL, NULL, NULL),
(722, 'Bình vôi', 'Stephania rotunda Lour.', 0, 93, 0, '', '', '', '', '', '0', '0', '32', NULL, 1, NULL, NULL, '2023-07-11 13:03:57', '20'),
(723, 'Sui', 'Antiaris toxicaria (Pers.) Lesch.', 0, 94, 0, '', '', '', '', '', NULL, NULL, NULL, NULL, 1, NULL, NULL, NULL, NULL),
(724, 'Trôi, mít chua', 'Artocarpus borneensis Merr.', 0, 94, 0, '', '', '', '', '', NULL, NULL, NULL, NULL, 1, NULL, NULL, NULL, NULL),
(725, 'Mít nài', 'A. melinoxyla Gagn.', 0, 94, 0, '', '', '', '', '', NULL, NULL, NULL, NULL, 1, NULL, NULL, NULL, NULL),
(726, 'Chay ăn trầu', 'A. nitida Trec', 0, 94, 0, '', '', '', '', '', NULL, NULL, NULL, NULL, 1, NULL, NULL, NULL, NULL),
(727, 'Dướng', 'Broussonetia papyrifera (L.) L`. Her ex Vent.', 0, 94, 0, '', '', '', '', '', NULL, NULL, NULL, NULL, 1, NULL, NULL, NULL, NULL),
(728, 'Đa tía', 'Ficus altissima Bl.', 0, 94, 0, '', '', '', '', '', NULL, NULL, NULL, NULL, 1, NULL, NULL, NULL, NULL),
(729, 'Vả', 'F. auriculata Lour.', 0, 94, 0, '', '', '', '', '', NULL, NULL, NULL, NULL, 1, NULL, NULL, NULL, NULL),
(730, 'Si', 'F. benjamina L.', 0, 94, 0, '', '', '', '', '', NULL, NULL, NULL, NULL, 1, NULL, NULL, NULL, NULL),
(731, 'Sung sống', 'Ficus costata', 0, 94, 0, '', '', '', '', '', NULL, NULL, NULL, NULL, 1, NULL, NULL, NULL, NULL),
(732, 'Da nước', 'Fisus depressa', 0, 94, 0, '', '', '', '', '', NULL, NULL, NULL, NULL, 1, NULL, NULL, NULL, NULL),
(733, 'Ngái long', 'F. fulva Reinw. ex Bl.', 0, 94, 0, '', '', '', '', '', NULL, NULL, NULL, NULL, 1, NULL, NULL, NULL, NULL),
(734, 'Da trụi', 'F. glaberrima Bl.', 0, 94, 0, '', '', '', '', '', NULL, NULL, NULL, NULL, 1, NULL, NULL, NULL, NULL),
(735, 'Vú bò', 'F. heterophylla L.f.', 0, 94, 0, '', '', '', '', '', NULL, NULL, NULL, NULL, 1, NULL, NULL, NULL, NULL),
(736, 'Ngái long', 'Ficus hirta Vahl.', 0, 94, 0, '', '', '', '', '', NULL, NULL, NULL, NULL, 1, NULL, NULL, NULL, NULL),
(737, 'Ngái', 'F. hispida L.f.', 0, 94, 0, '', '', '', '', '', NULL, NULL, NULL, NULL, 1, NULL, NULL, NULL, NULL),
(738, 'Da gân', 'F. nervosa Heyne ex Roth.', 0, 94, 0, '', '', '', '', '', NULL, NULL, NULL, NULL, 1, NULL, NULL, NULL, NULL),
(739, 'Sung tì bà', 'F. pandurata Hance', 0, 94, 0, '', '', '', '', '', NULL, NULL, NULL, NULL, 1, NULL, NULL, NULL, NULL),
(740, 'Thằn lằn', 'F. pumila L.', 0, 94, 0, '', '', '', '', '', NULL, NULL, NULL, NULL, 1, NULL, NULL, NULL, NULL),
(741, 'Sung nằm', 'Ficus prostrata', 0, 94, 0, '', '', '', '', '', NULL, NULL, NULL, NULL, 1, NULL, NULL, NULL, NULL),
(742, 'Sung', 'F. Racemosa', 0, 94, 0, '', '', '', '', '', NULL, NULL, NULL, NULL, 1, NULL, NULL, NULL, NULL),
(743, 'Rù rì', 'F. subpyrifomis Hook & Arn.', 0, 94, 0, '', '', '', '', '', NULL, NULL, NULL, NULL, 1, NULL, NULL, NULL, NULL),
(744, 'Da cua', 'F. sumatrana Miq.', 0, 94, 0, '', '', '', '', '', NULL, NULL, NULL, NULL, 1, NULL, NULL, NULL, NULL),
(745, 'Sung kiêu', 'Ficus superba (Miq.) Miq.', 0, 94, 0, '', '', '', '', '', NULL, NULL, NULL, NULL, 1, NULL, NULL, NULL, NULL),
(746, 'Da bông', 'F. vasculosa Wall. ex Miq.', 0, 94, 0, '', '', '', '', '', NULL, NULL, NULL, NULL, 1, NULL, NULL, NULL, NULL),
(747, 'Xung xanh', 'F. virens Ait.', 0, 94, 0, '', '', '', '', '', NULL, NULL, NULL, NULL, 1, NULL, NULL, NULL, NULL),
(748, 'Sung', 'Ficus subincisa', 0, 94, 0, '', '', '', '', '', NULL, NULL, NULL, NULL, 1, NULL, NULL, NULL, NULL),
(749, 'Gai mang', 'Maclura cochinchinensis (Lour.) Corner.', 0, 94, 0, '', '', '', '', '', NULL, NULL, NULL, NULL, 1, NULL, NULL, NULL, NULL),
(750, 'Duối leo', 'Pleicospermum andamanicum King', 0, 94, 0, '', '', '', '', '', NULL, NULL, NULL, NULL, 1, NULL, NULL, NULL, NULL),
(751, 'Sung trung bộ', 'Semecarous annamensis', 0, 94, 0, '', '', '', '', '', NULL, NULL, NULL, NULL, 1, NULL, NULL, NULL, NULL),
(752, 'Ruối rừng', 'Streblus indicus (Bur.) Corn.', 0, 94, 0, '', '', '', '', '', NULL, NULL, NULL, NULL, 1, NULL, NULL, NULL, NULL),
(753, NULL, 'Streblus taxoides (Heyne) Kurz.', 0, 94, 0, '', '', '', '', '', NULL, NULL, NULL, NULL, 1, NULL, NULL, NULL, NULL),
(754, 'Tèo nông', 'Streblus tonkinensis', 0, 94, 0, '', '', '', '', '', NULL, NULL, NULL, NULL, 1, NULL, NULL, NULL, NULL),
(755, 'Quít Núi', 'S. laxiflorus (Hutch.) Corn.', 0, 94, 0, '', '', '', '', '', NULL, NULL, NULL, NULL, 1, NULL, NULL, NULL, NULL),
(756, 'Duối tích lan', 'S. zeylanicus (Thw) Kurz.', 0, 94, 0, '', '', '', '', '', NULL, NULL, NULL, NULL, 1, NULL, NULL, NULL, NULL);
INSERT INTO `loai` (`id`, `name`, `nameLatinh`, `loai`, `idHo`, `rPH`, `dacDiem`, `giaTriSuDung`, `phanBo`, `nguonTaiLieu`, `hinhAnh`, `mucDoBaoTonIUCN`, `mucDoBaoTonSDVN`, `mucDoBaoTonNDCP`, `mucDoBaoTonND64CP`, `status`, `createdAt`, `createdBy`, `updatedAt`, `updatedBy`) VALUES
(757, 'Duối đôi', 'Taxotrophis caudata Hutch.', 0, 94, 0, '', '', '', '', '', NULL, NULL, NULL, NULL, 1, NULL, NULL, NULL, NULL),
(758, 'Xăng máu', 'Horsfieldia thorelii Lec.', 0, 96, 0, '', '', '', '', '', NULL, NULL, NULL, NULL, 1, NULL, NULL, NULL, NULL),
(759, 'Máu chó lá nhỏ', 'Knema conferta', 0, 96, 0, '', '', '', '', '', '5', '0', '0', NULL, 1, NULL, NULL, '2023-07-11 13:11:19', '20'),
(760, 'Máu chó thanh', 'Knema elegans Warb. ', 0, 96, 0, '', '', '', '', '', NULL, NULL, NULL, NULL, 1, NULL, NULL, NULL, NULL),
(761, 'Máu cho lưu linh', 'K. erratica (Hook.f.th) Sincl.', 0, 96, 0, '', '', '', '', '', NULL, NULL, NULL, NULL, 1, NULL, NULL, NULL, NULL),
(762, 'Máu chó cầu', 'K. globularia (Lamk.) Warb.', 0, 96, 0, '', '', '', '', '', NULL, NULL, NULL, NULL, 1, NULL, NULL, NULL, NULL),
(763, 'Máu chó lá lớn', 'Knema pierei', 0, 96, 0, '', '', '', '', '', NULL, NULL, NULL, NULL, 1, NULL, NULL, NULL, NULL),
(764, 'Cơm nguội mầu', 'Ardisia colorata Roxb.', 0, 97, 0, '', '', '', '', '', NULL, NULL, NULL, NULL, 1, NULL, NULL, NULL, NULL),
(765, 'Cơm nguội', 'A. aciphylla Pit', 0, 97, 0, '', '', '', '', '', NULL, NULL, NULL, NULL, 1, NULL, NULL, NULL, NULL),
(766, 'Kha nèo', 'A. expansa Pit.', 0, 97, 0, '', '', '', '', '', NULL, NULL, NULL, NULL, 1, NULL, NULL, NULL, NULL),
(767, 'Cơm nguội lá lớn', 'A. gigantifolia Stapf.', 0, 97, 0, '', '', '', '', '', NULL, NULL, NULL, NULL, 1, NULL, NULL, NULL, NULL),
(768, 'Cơm nguội Harman', 'A. harmandii Pierre', 0, 97, 0, '', '', '', '', '', NULL, NULL, NULL, NULL, 1, NULL, NULL, NULL, NULL),
(769, 'Cây móc chắc', 'A. lecomtei Pit', 0, 97, 0, '', '', '', '', '', NULL, NULL, NULL, NULL, 1, NULL, NULL, NULL, NULL),
(770, 'Cơm nguội đỏ chói', 'A. miniata Pit', 0, 97, 0, '', '', '', '', '', NULL, NULL, NULL, NULL, 1, NULL, NULL, NULL, NULL),
(771, 'Cơm nguội 5 cạnh', 'A. quiquegona Bl.', 0, 97, 0, '', '', '', '', '', NULL, NULL, NULL, NULL, 1, NULL, NULL, NULL, NULL),
(772, 'Lóc choc', 'A. racemosa Mez.', 0, 97, 0, '', '', '', '', '', NULL, NULL, NULL, NULL, 1, NULL, NULL, NULL, NULL),
(773, 'Lá khôi', 'Ardisia silvestris Pit. ', 0, 97, 0, '', '', '', '', '', '0', '25', '0', NULL, 1, NULL, NULL, '2022-11-17 20:39:37', '20'),
(774, 'Cơm nguội sao', 'A. stellifera Pit', 0, 97, 0, '', '', '', '', '', NULL, NULL, NULL, NULL, 1, NULL, NULL, NULL, NULL),
(775, 'Cơm nguội nhuộm', 'A. tinctoria Pit.', 0, 97, 0, '', '', '', '', '', NULL, NULL, NULL, NULL, 1, NULL, NULL, NULL, NULL),
(776, 'Cơm nguội lông, Cơm nguội áo', 'Ardisia villosa Roxb. ', 0, 97, 0, '', '', '', '', '', NULL, NULL, NULL, NULL, 1, NULL, NULL, NULL, NULL),
(777, 'Cơm nguội the', 'Ardisia villosoides Walker', 0, 97, 0, '', '', '', '', '', NULL, NULL, NULL, NULL, 1, NULL, NULL, NULL, NULL),
(778, ' Rè ngút', 'Embelia ribes Burm.f.', 0, 97, 0, '', '', '', '', '', NULL, NULL, NULL, NULL, 1, NULL, NULL, NULL, NULL),
(779, 'Rè sét', 'E. ferruginea Wall.', 0, 97, 0, '', '', '', '', '', NULL, NULL, NULL, NULL, 1, NULL, NULL, NULL, NULL),
(780, 'Thiên lý hương', 'Embelia parviflora Wall. ex A. DC.', 0, 97, 0, '', '', '', '', '', '0', '25', '0', NULL, 1, NULL, NULL, '2022-11-23 10:20:54', '20'),
(781, 'Đơn nem', 'Maesa perlarius (Lour.) Merr', 0, 97, 0, '', '', '', '', '', NULL, NULL, NULL, NULL, 1, NULL, NULL, NULL, NULL),
(782, 'Đơn hồng', 'M. ramentacea Wall.', 0, 97, 0, '', '', '', '', '', NULL, NULL, NULL, NULL, 1, NULL, NULL, NULL, NULL),
(783, 'Đơn trung quốc', 'M. sinensis A.DC.', 0, 97, 0, '', '', '', '', '', NULL, NULL, NULL, NULL, 1, NULL, NULL, NULL, NULL),
(784, 'Đồng răng cưa', 'M. indica Wall. in Roxb.', 0, 97, 0, '', '', '', '', '', NULL, NULL, NULL, NULL, 1, NULL, NULL, NULL, NULL),
(785, 'Đồng cơm', 'M. membranacea A.DC.', 0, 97, 0, '', '', '', '', '', NULL, NULL, NULL, NULL, 1, NULL, NULL, NULL, NULL),
(786, 'Đồng trâm', 'Maesa subdentata A.DC', 0, 97, 0, '', '', '', '', '', NULL, NULL, NULL, NULL, 1, NULL, NULL, NULL, NULL),
(787, 'Vối', 'Cleistocalyx nervosum DC.', 0, 98, 0, '', '', '', '', '', NULL, NULL, NULL, NULL, 1, NULL, NULL, NULL, NULL),
(788, 'Ổi', 'Psidium guajava L.', 0, 98, 0, '', '', '', '', '', NULL, NULL, NULL, NULL, 1, NULL, NULL, NULL, NULL),
(789, 'Sim', 'Rhodomyrtus tomentosa (Ait.) Hacck.', 0, 98, 0, '', '', '', '', '', NULL, NULL, NULL, NULL, 1, NULL, NULL, NULL, NULL),
(790, 'Tràm lá nhỏ', 'Syzygium abotivum (Gagn.) Merr & Perry', 0, 98, 0, '', '', '', '', '', NULL, NULL, NULL, NULL, 1, NULL, NULL, NULL, NULL),
(791, 'Tràm bloc', 'S. bullockii (Hance) Merr. Perry', 0, 98, 0, '', '', '', '', '', NULL, NULL, NULL, NULL, 1, NULL, NULL, NULL, NULL),
(792, 'Tràm núi', 'S. levinii (Merr.) Merr. & Perry', 0, 98, 0, '', '', '', '', '', NULL, NULL, NULL, NULL, 1, NULL, NULL, NULL, NULL),
(793, 'Trâm lá tù', 'S. oblatum (Roxb.) A.M. & J.M Cowan', 0, 98, 0, '', '', '', '', '', NULL, NULL, NULL, NULL, 1, NULL, NULL, NULL, NULL),
(794, 'Sắn thuyền', 'S. polyanthum (Wight.) Walp.', 0, 98, 0, '', '', '', '', '', NULL, NULL, NULL, NULL, 1, NULL, NULL, NULL, NULL),
(795, 'Trâm to', 'Syzygium tephrodes', 0, 98, 0, '', '', '', '', '', NULL, NULL, NULL, NULL, 1, NULL, NULL, NULL, NULL),
(796, 'Tràm lá dài', 'S. jambos (Gagn.) Merr & Perry', 0, 98, 0, '', '', '', '', '', NULL, NULL, NULL, NULL, 1, NULL, NULL, NULL, NULL),
(797, 'Tràm vỏ đỏ', 'S. zeylanicum (L.) DC.', 0, 98, 0, '', '', '', '', '', NULL, NULL, NULL, NULL, 1, NULL, NULL, NULL, NULL),
(798, 'Trâm trắng', 'S. wightianum Wall.', 0, 98, 0, '', '', '', '', '', NULL, NULL, NULL, NULL, 1, NULL, NULL, NULL, NULL),
(799, 'Mai sọc', 'Gomphia striata (V. Tiegh.) C.F. Wei', 0, 100, 0, '', '', '', '', '', NULL, NULL, NULL, NULL, 1, NULL, NULL, NULL, NULL),
(800, 'Mai cánh lõm', 'G. serrata (Gaertn.) Kanis ', 0, 100, 0, '', '', '', '', '', NULL, NULL, NULL, NULL, 1, NULL, NULL, NULL, NULL),
(801, 'Huỳnh mai', 'Ochna integerrium (Lour.) Merr. ', 0, 100, 0, '', '', '', '', '', NULL, NULL, NULL, NULL, 1, NULL, NULL, NULL, NULL),
(802, 'Lá vằng, Chè vằng', 'Jasminum subtriplinrrve C. L. Blume', 0, 101, 0, '', '', '', '', '', '0', '0', '0', NULL, 1, NULL, NULL, '2023-07-11 08:21:32', '20'),
(803, 'Râm trung quốc', 'Ligustrum sinensis Lour.', 0, 101, 0, '', '', '', '', '', NULL, NULL, NULL, NULL, 1, NULL, NULL, NULL, NULL),
(804, 'Hổ bì', 'Linociera ramiflora (Roxb.) Wall. ex G. Don - ', 0, 101, 0, '', '', '', '', '', NULL, NULL, NULL, NULL, 1, NULL, NULL, NULL, NULL),
(805, 'Tráng luân sinh', 'Linociera verticillata Gagnep.', 0, 101, 0, '', '', '', '', '', NULL, NULL, NULL, NULL, 1, NULL, NULL, NULL, NULL),
(806, 'Rau dừa nước', 'Ludwidgia adscendens (L.) Hara', 0, 102, 0, '', '', '', '', '', NULL, NULL, NULL, NULL, 1, NULL, NULL, NULL, NULL),
(807, 'Rau mương', 'L. octovalvis (Jacq.) Raven', 0, 102, 0, '', '', '', '', '', NULL, NULL, NULL, NULL, 1, NULL, NULL, NULL, NULL),
(808, 'Rau dừa đa niên', 'L. perennis L.', 0, 102, 0, '', '', '', '', '', NULL, NULL, NULL, NULL, 1, NULL, NULL, NULL, NULL),
(809, 'Rau sắng', 'Melientha suavis Pierre', 0, 103, 0, '', '', '', '', '', NULL, '25', NULL, NULL, 1, NULL, NULL, NULL, NULL),
(810, 'Lệ dương', 'Aeginetia indica L.', 0, 105, 0, '', '', '', '', '', '0', '25', '0', NULL, 1, NULL, NULL, '2022-11-17 20:43:16', '20'),
(811, 'Khế', 'Averrhoa calambola L.', 0, 106, 0, '', '', '', '', '', NULL, NULL, NULL, NULL, 1, NULL, NULL, NULL, NULL),
(812, 'Sinh diệp mắc cỡ', 'Biophytum sensitivum (Lour.) DC.', 0, 106, 0, '', '', '', '', '', NULL, NULL, NULL, NULL, 1, NULL, NULL, NULL, NULL),
(813, 'Chua me đất hoa vàng', 'Oxalis corniculata L.', 0, 106, 0, '', '', '', '', '', NULL, NULL, NULL, NULL, 1, NULL, NULL, NULL, NULL),
(814, 'Me đất', 'Oxalis corymbosa DC.', 0, 106, 0, '', '', '', '', '', NULL, NULL, NULL, NULL, 1, NULL, NULL, NULL, NULL),
(815, 'Lạc tiên', 'Passiflora foetida L.', 0, 108, 0, '', '', '', '', '', NULL, NULL, NULL, NULL, 1, NULL, NULL, NULL, NULL),
(816, 'Càng của', 'Peperomia pullucida Kunth.', 0, 110, 0, '', '', '', '', '', NULL, NULL, NULL, NULL, 1, NULL, NULL, NULL, NULL),
(817, 'Trầu không', 'Pipe betle L.', 0, 110, 0, '', '', '', '', '', '0', '0', '0', NULL, 1, NULL, NULL, '2022-11-23 13:42:48', '20'),
(818, 'Lá lốt', 'P. lolot. C. DC.', 0, 110, 0, '', '', '', '', '', NULL, NULL, NULL, NULL, 1, NULL, NULL, NULL, NULL),
(819, 'Tiêu', 'P. nigrum L.', 0, 110, 0, '', '', '', '', '', NULL, NULL, NULL, NULL, 1, NULL, NULL, NULL, NULL),
(820, 'Tiêu dạng tiêu đen', 'Piper pseudonigrum DC.', 0, 110, 0, '', '', '', '', '', NULL, NULL, NULL, NULL, 1, NULL, NULL, NULL, NULL),
(821, 'Tiêu trên đá', 'P. saxicola C. DC.', 0, 110, 0, '', '', '', '', '', NULL, NULL, NULL, NULL, 1, NULL, NULL, NULL, NULL),
(822, 'Mã đề', 'Plantago asiatica  L. ', 0, 112, 0, '', '', '', '', '', NULL, NULL, NULL, NULL, 1, NULL, NULL, NULL, NULL),
(823, 'Kích nhũ chùm ngắn', 'Polygala brachystachya DC.', 0, 139, 0, '', '', '', '', '', NULL, NULL, NULL, NULL, 1, NULL, NULL, NULL, NULL),
(824, 'Kích nhũ có lông', 'P. erioptera DC.', 0, 139, 0, '', '', '', '', '', NULL, NULL, NULL, NULL, 1, NULL, NULL, NULL, NULL),
(825, 'Kích nhũ lào', 'P. laotica Gagn.', 0, 139, 0, '', '', '', '', '', NULL, NULL, NULL, NULL, 1, NULL, NULL, NULL, NULL),
(826, 'Viễn chí bắc hộ', 'Polygata tonkinensis', 0, 139, 0, '', '', '', '', '', NULL, NULL, NULL, NULL, 1, NULL, NULL, NULL, NULL),
(827, 'Samon quảng đông', 'Solomonia cantoniensis Lour.', 0, 139, 0, '', '', '', '', '', NULL, NULL, NULL, NULL, 1, NULL, NULL, NULL, NULL),
(828, 'Săng ớt mốc', 'Xanthophyllum glaucum Wall.', 0, 139, 0, '', '', '', '', '', NULL, NULL, NULL, NULL, 1, NULL, NULL, NULL, NULL),
(829, 'Săng ớt mốc', 'X. silvestre Gagn.', 0, 139, 0, '', '', '', '', '', NULL, NULL, NULL, NULL, 1, NULL, NULL, NULL, NULL),
(830, 'Nghể châu', 'Polygonum barbatum L.', 0, 131, 0, '', '', '', '', '', NULL, NULL, NULL, NULL, 1, NULL, NULL, NULL, NULL),
(831, 'Nghể không lông', 'P. glabrum Will.', 0, 131, 0, '', '', '', '', '', NULL, NULL, NULL, NULL, 1, NULL, NULL, NULL, NULL),
(832, 'Nghể ruộng', 'P. persicaria Meissn.', 0, 131, 0, '', '', '', '', '', NULL, NULL, NULL, NULL, 1, NULL, NULL, NULL, NULL),
(833, NULL, 'P. tomentosum Willd.', 0, 131, 0, '', '', '', '', '', NULL, NULL, NULL, NULL, 1, NULL, NULL, NULL, NULL),
(834, 'Sam lá nhỏ', 'Portulaca pilosa L.', 0, 132, 0, '', '', '', '', '', NULL, NULL, NULL, NULL, 1, NULL, NULL, NULL, NULL),
(835, 'Rau sam', 'P. oleracea L.', 0, 132, 0, '', '', '', '', '', NULL, NULL, NULL, NULL, 1, NULL, NULL, NULL, NULL),
(836, 'Quắn trung bộ', 'Helicia cochinchinensis Lour.', 0, 128, 0, '', '', '', '', '', NULL, NULL, NULL, NULL, 1, NULL, NULL, NULL, NULL),
(837, 'Dung', 'Helicia grandifolia', 0, 128, 0, '', '', '', '', '', NULL, NULL, NULL, NULL, 1, NULL, NULL, NULL, NULL),
(838, 'Quắn cuống dài', 'H. longepetiolata Merr & Chun', 0, 128, 0, '', '', '', '', '', NULL, NULL, NULL, NULL, 1, NULL, NULL, NULL, NULL),
(839, 'Quắn', 'H. nilagirica Bedd.', 0, 128, 0, '', '', '', '', '', NULL, NULL, NULL, NULL, 1, NULL, NULL, NULL, NULL),
(840, NULL, 'H. obovatifolia Merr. & Chunn.', 0, 128, 0, '', '', '', '', '', NULL, NULL, NULL, NULL, 1, NULL, NULL, NULL, NULL),
(841, 'Quắn có cuống', 'H. petiolaris Benn.', 0, 128, 0, '', '', '', '', '', NULL, NULL, NULL, NULL, 1, NULL, NULL, NULL, NULL),
(842, 'Song quắn', 'Heliciopsis terminalis (Kurz.) Sleumer', 0, 128, 0, '', '', '', '', '', NULL, NULL, NULL, NULL, 1, NULL, NULL, NULL, NULL),
(843, 'Phong quỳ', 'Anemone poilanei Gagn.', 0, 129, 0, '', '', '', '', '', NULL, NULL, NULL, NULL, 1, NULL, NULL, NULL, NULL),
(844, 'Phòng quỳ Sumtra', 'A. sumatrana De Vriese', 0, 129, 0, '', '', '', '', '', NULL, NULL, NULL, NULL, 1, NULL, NULL, NULL, NULL),
(845, 'Râu ông lão', 'Clematis chinensis Retz.', 0, 129, 0, '', '', '', '', '', NULL, NULL, NULL, NULL, 1, NULL, NULL, NULL, NULL),
(846, 'Vàng kim cang', 'C. smilacifolia Wall.', 0, 129, 0, '', '', '', '', '', NULL, NULL, NULL, NULL, 1, NULL, NULL, NULL, NULL),
(847, 'Rút zế', 'Berchemia loureiriana  Lec.', 0, 134, 0, '', '', '', '', '', NULL, NULL, NULL, NULL, 1, NULL, NULL, NULL, NULL),
(848, 'Dây gồ an', 'Gouania javanica Miq.', 0, 134, 0, '', '', '', '', '', NULL, NULL, NULL, NULL, 1, NULL, NULL, NULL, NULL),
(849, 'Chanh chau', 'Sagerelia theezan (L.) Brogn.', 0, 134, 0, '', '', '', '', '', NULL, NULL, NULL, NULL, 1, NULL, NULL, NULL, NULL),
(850, 'Dây đồng', 'Ventilago hermandiana Pierre', 0, 134, 0, '', '', '', '', '', NULL, NULL, NULL, NULL, 1, NULL, NULL, NULL, NULL),
(851, 'Táo', 'Zizyphus cambodiana Pierre', 0, 134, 0, '', '', '', '', '', NULL, NULL, NULL, NULL, 1, NULL, NULL, NULL, NULL),
(852, 'Táo rừng', 'Z. oenoplia (L.) Mill.', 0, 134, 0, '', '', '', '', '', NULL, NULL, NULL, NULL, 1, NULL, NULL, NULL, NULL),
(853, 'Táo nhám', 'Z. rugosus Lamk. ', 0, 134, 0, '', '', '', '', '', NULL, NULL, NULL, NULL, 1, NULL, NULL, NULL, NULL),
(854, 'Táo', 'Z. maurantiana Lamk.', 0, 134, 0, '', '', '', '', '', NULL, NULL, NULL, NULL, 1, NULL, NULL, NULL, NULL),
(855, 'Xăng mã chè', 'Carallia brachiata (Lour.) Merr.', 0, 125, 0, '', '', '', '', '', NULL, NULL, NULL, NULL, 1, NULL, NULL, NULL, NULL),
(856, 'Xăng mã răng cưa', 'C. suffruticosa Ridl.', 0, 125, 0, '', '', '', '', '', NULL, NULL, NULL, NULL, 1, NULL, NULL, NULL, NULL),
(857, 'Dáp', 'Photinia prunifolia (H & A.) Lindl.', 0, 127, 0, '', '', '', '', '', NULL, NULL, NULL, NULL, 1, NULL, NULL, NULL, NULL),
(858, 'Xoan đào', 'Prunus arborea (Hook.f.) Kalm.', 0, 127, 0, '', '', '', '', '', NULL, NULL, NULL, NULL, 1, NULL, NULL, NULL, NULL),
(859, 'Dương đào', 'Raphiolepsis indica (L.) Lindl. ex ker.', 0, 127, 0, '', '', '', '', '', NULL, NULL, NULL, NULL, 1, NULL, NULL, NULL, NULL),
(860, 'Mâm xôi', 'Rubus alcaefolius L.', 0, 127, 0, '', '', '', '', '', NULL, NULL, NULL, NULL, 1, NULL, NULL, NULL, NULL),
(861, 'Ngấy lá nhọn', 'Rubus asper Wall. ex Don ', 0, 127, 0, '', '', '', '', '', NULL, NULL, NULL, NULL, 1, NULL, NULL, NULL, NULL),
(862, 'Ngấy trắng', 'R. cochinchinensis Card.', 0, 127, 0, '', '', '', '', '', NULL, NULL, NULL, NULL, 1, NULL, NULL, NULL, NULL),
(863, 'Ngấy biền màu', 'R. moluccanus (Bl.) Kalm.', 0, 127, 0, '', '', '', '', '', NULL, NULL, NULL, NULL, 1, NULL, NULL, NULL, NULL),
(864, 'Ngấy', 'R. multibracteatus Levl. & Van', 0, 127, 0, '', '', '', '', '', NULL, NULL, NULL, NULL, 1, NULL, NULL, NULL, NULL),
(865, 'Ngấy nhiều lá chét', 'R. niveus Thunb.', 0, 127, 0, '', '', '', '', '', NULL, NULL, NULL, NULL, 1, NULL, NULL, NULL, NULL),
(866, 'Ngấy lá nhỏ', 'R. pavifolius L.', 0, 127, 0, '', '', '', '', '', NULL, NULL, NULL, NULL, 1, NULL, NULL, NULL, NULL),
(867, 'Găng sai hoa', 'Aidia pycnantha (Drake) Tirveng', 0, 119, 0, '', '', '', '', '', NULL, NULL, NULL, NULL, 1, NULL, NULL, NULL, NULL),
(868, 'Thúc', 'Adina petelotii', 0, 119, 0, '', '', '', '', '', NULL, NULL, NULL, NULL, 1, NULL, NULL, NULL, NULL),
(869, 'Đài khoai răng nhỏ', 'Aidia oxyodonta var microdonta Pit', 0, 119, 0, '', '', '', '', '', NULL, NULL, NULL, NULL, 1, NULL, NULL, NULL, NULL),
(870, 'Mãi táp, Găng', 'Aidia pycnantha var Sp', 0, 119, 0, '', '', '', '', '', NULL, NULL, NULL, NULL, 1, NULL, NULL, NULL, NULL),
(871, 'Căng long', 'Canthium grabrum Bl.', 0, 119, 0, '', '', '', '', '', NULL, NULL, NULL, NULL, 1, NULL, NULL, NULL, NULL),
(872, 'Chim chich', 'Fagerlindia depauperata (Drake) Tirv.', 0, 119, 0, '', '', '', '', '', NULL, NULL, NULL, NULL, 1, NULL, NULL, NULL, NULL),
(873, 'Dành dành', 'Gardenia angustifolia (L.) Merr.', 0, 119, 0, '', '', '', '', '', NULL, NULL, NULL, NULL, 1, NULL, NULL, NULL, NULL),
(874, 'An điền 2 hoa', 'Hedyotis biflora (L.) Lam', 0, 119, 0, '', '', '', '', '', NULL, NULL, NULL, NULL, 1, NULL, NULL, NULL, NULL),
(875, 'Cóc mắn', 'H. corymbosa (L.) Lam', 0, 119, 0, '', '', '', '', '', NULL, NULL, NULL, NULL, 1, NULL, NULL, NULL, NULL),
(876, 'An điền lan', 'H. diffusa Willd.', 0, 119, 0, '', '', '', '', '', NULL, NULL, NULL, NULL, 1, NULL, NULL, NULL, NULL),
(877, 'An điền to', 'H. grandis (Pit.) ', 0, 119, 0, '', '', '', '', '', NULL, NULL, NULL, NULL, 1, NULL, NULL, NULL, NULL),
(878, 'An điền áo', 'H. vestica R. Br. ex G. Don', 0, 119, 0, '', '', '', '', '', NULL, NULL, NULL, NULL, 1, NULL, NULL, NULL, NULL),
(879, 'An điền', 'Hedyotis philippinensis', 0, 119, 0, '', '', '', '', '', NULL, NULL, NULL, NULL, 1, NULL, NULL, NULL, NULL),
(880, 'Trang đỏ', 'Ixora chinensis Lam.', 0, 119, 0, '', '', '', '', '', NULL, NULL, NULL, NULL, 1, NULL, NULL, NULL, NULL),
(881, 'Mẫu đơn hồng', 'Ixora rosea', 0, 119, 0, '', '', '', '', '', NULL, NULL, NULL, NULL, 1, NULL, NULL, NULL, NULL),
(882, 'Trang trắng', 'I. finlaysoniana Wall.', 0, 119, 0, '', '', '', '', '', NULL, NULL, NULL, NULL, 1, NULL, NULL, NULL, NULL),
(883, NULL, 'Lasianthus condorensis Pierre ex Pit', 0, 119, 0, '', '', '', '', '', NULL, NULL, NULL, NULL, 1, NULL, NULL, NULL, NULL),
(884, 'Nhàu', 'Morinda citifolia L.', 0, 119, 0, '', '', '', '', '', NULL, NULL, NULL, NULL, 1, NULL, NULL, NULL, NULL),
(885, 'Ba kích', 'Morinda officinalis How.', 0, 119, 0, '', '', '', '', '', NULL, NULL, NULL, NULL, 1, NULL, NULL, NULL, NULL),
(886, 'Nhàu lông', 'Morinda villosa Hook.f.', 0, 119, 0, '', '', '', '', '', NULL, NULL, NULL, NULL, 1, NULL, NULL, NULL, NULL),
(887, 'Nhàu nam bộ', 'Morinda cochinchinensis', 0, 119, 0, '', '', '', '', '', NULL, NULL, NULL, NULL, 1, NULL, NULL, NULL, NULL),
(888, 'Nhàu nhuộm', 'Morinda tomentosa', 0, 119, 0, '', '', '', '', '', NULL, NULL, NULL, NULL, 1, NULL, NULL, NULL, NULL),
(889, 'Ba kích tím', 'Morinda officinalis', 0, 119, 0, '', '', '', '', '', NULL, NULL, NULL, NULL, 1, NULL, NULL, NULL, NULL),
(890, 'Bướm bạc không cánh', 'Mussaenda aptera Pit.', 0, 119, 0, '', '', '', '', '', NULL, NULL, NULL, NULL, 1, NULL, NULL, NULL, NULL),
(891, 'Bướm bạc căm bốt', 'M. cambodiana Pierre.', 0, 119, 0, '', '', '', '', '', NULL, NULL, NULL, NULL, 1, NULL, NULL, NULL, NULL),
(892, 'Gáo', 'Neonauclea purpurea (Roxb.) Merr', 0, 119, 0, '', '', '', '', '', NULL, NULL, NULL, NULL, 1, NULL, NULL, NULL, NULL),
(893, 'Huỳnh bá', 'Nauclea officinalis ', 0, 119, 0, '', '', '', '', '', NULL, NULL, NULL, NULL, 1, NULL, NULL, NULL, NULL),
(894, 'Găng', 'Oxyceros vidalii Tirw.', 0, 119, 0, '', '', '', '', '', NULL, NULL, NULL, NULL, 1, NULL, NULL, NULL, NULL),
(895, 'Mơ leo', 'Paederia scandens (Lour.) Merr.', 0, 119, 0, '', '', '', '', '', NULL, NULL, NULL, NULL, 1, NULL, NULL, NULL, NULL),
(896, 'Lấu đỏ', 'Psychotria rubra (Lour.) Poit.', 0, 119, 0, '', '', '', '', '', NULL, NULL, NULL, NULL, 1, NULL, NULL, NULL, NULL),
(897, 'Lấu', 'P. samentosa Bl.', 0, 119, 0, '', '', '', '', '', NULL, NULL, NULL, NULL, 1, NULL, NULL, NULL, NULL),
(898, 'Dây mơ, thúi địt', 'Paederia foetida L', 0, 119, 0, '', '', '', '', '', NULL, NULL, NULL, NULL, 1, NULL, NULL, NULL, NULL),
(899, 'Lấu trang', 'Psychotria Pseudo', 0, 119, 0, '', '', '', '', '', NULL, NULL, NULL, NULL, 1, NULL, NULL, NULL, NULL),
(900, 'Lấu rừng', 'Psychotria Silvestris', 0, 119, 0, '', '', '', '', '', NULL, NULL, NULL, NULL, 1, NULL, NULL, NULL, NULL),
(901, 'Lấu bắc bộ', 'Psychotria tonkinensis', 0, 119, 0, '', '', '', '', '', NULL, NULL, NULL, NULL, 1, NULL, NULL, NULL, NULL),
(902, 'Lấu', 'Psychotria ovoidea', 0, 119, 0, '', '', '', '', '', NULL, NULL, NULL, NULL, 1, NULL, NULL, NULL, NULL),
(903, 'Găng nhỏ', 'Randia canthioides Champ.', 0, 119, 0, '', '', '', '', '', NULL, NULL, NULL, NULL, 1, NULL, NULL, NULL, NULL),
(904, 'Găng trâu', 'R. spinosa Bl.', 0, 119, 0, '', '', '', '', '', NULL, NULL, NULL, NULL, 1, NULL, NULL, NULL, NULL),
(905, 'Hoàng hương', 'Saposma annamense Pierre', 0, 119, 0, '', '', '', '', '', NULL, NULL, NULL, NULL, 1, NULL, NULL, NULL, NULL),
(906, 'Đồng quáu', 'Uncaria homomalla Miq', 0, 119, 0, '', '', '', '', '', NULL, NULL, NULL, NULL, 1, NULL, NULL, NULL, NULL),
(907, 'Mẫu câu đằng lá lớn', 'Uncaria macrophylla Wall.', 0, 119, 0, '', '', '', '', '', NULL, NULL, NULL, NULL, 1, NULL, NULL, NULL, NULL),
(908, 'Trèn lá rộng', 'Tarenna latifolia', 0, 119, 0, '', '', '', '', '', NULL, NULL, NULL, NULL, 1, NULL, NULL, NULL, NULL),
(909, 'Trèn thon', 'tarenna attenuata', 0, 119, 0, '', '', '', '', '', NULL, NULL, NULL, NULL, 1, NULL, NULL, NULL, NULL),
(910, 'Hoắc quang', 'Wendlandia paniculata (Roxb.) DC', 0, 119, 0, '', '', '', '', '', NULL, NULL, NULL, NULL, 1, NULL, NULL, NULL, NULL),
(911, 'Hoành cành', 'Xanthophytum kwangtungensis', 0, 119, 0, '', '', '', '', '', NULL, NULL, NULL, NULL, 1, NULL, NULL, NULL, NULL),
(912, 'Bưởi bung', 'Acronychia pedunculata (L.) Miq.', 0, 120, 0, '', '', '', '', '', NULL, NULL, NULL, NULL, 1, NULL, NULL, NULL, NULL),
(913, 'Tiểu quật', 'Atalantia sessiliflora Guill.', 0, 120, 0, '', '', '', '', '', NULL, NULL, NULL, NULL, 1, NULL, NULL, NULL, NULL),
(914, 'Chanh ta', 'Citrus aurantifolia (Chritm.) Sw.', 0, 120, 0, '', '', '', '', '', NULL, NULL, NULL, NULL, 1, NULL, NULL, NULL, NULL),
(915, 'Quýt', 'C. deliciosa Ten', 0, 120, 0, '', '', '', '', '', NULL, NULL, NULL, NULL, 1, NULL, NULL, NULL, NULL),
(916, 'Bưởi', 'C. grandis (Lour.) Osb.', 0, 120, 0, '', '', '', '', '', NULL, NULL, NULL, NULL, 1, NULL, NULL, NULL, NULL),
(917, 'Chanh', 'C. limonia Osb.', 0, 120, 0, '', '', '', '', '', NULL, NULL, NULL, NULL, 1, NULL, NULL, NULL, NULL),
(918, 'Cam ', 'C. nobilis Lour', 0, 120, 0, '', '', '', '', '', NULL, NULL, NULL, NULL, 1, NULL, NULL, NULL, NULL),
(919, 'Hoàng bì', 'Clausena lansium', 0, 120, 0, '', '', '', '', '', NULL, NULL, NULL, NULL, 1, NULL, NULL, NULL, NULL),
(920, 'Củ khỉ', 'Clausena indica (Dez.) Oliv.', 0, 120, 0, '', '', '', '', '', NULL, NULL, NULL, NULL, 1, NULL, NULL, NULL, NULL),
(921, 'Ba gạc', 'Euodia lepta (Spreng) Merr ', 0, 120, 0, '', '', '', '', '', NULL, '25', NULL, NULL, 1, NULL, NULL, NULL, NULL),
(922, 'Ba chạc lá xoan', 'E. melifolia Benth.', 0, 120, 0, '', '', '', '', '', NULL, NULL, NULL, NULL, 1, NULL, NULL, NULL, NULL),
(923, 'Cơm rượu', 'Glycosmis cyanocarpa (Bl.) Spr.', 0, 120, 0, '', '', '', '', '', NULL, NULL, NULL, NULL, 1, NULL, NULL, NULL, NULL),
(924, 'Màu cau tía', 'Glycosmis cymosa', 0, 120, 0, '', '', '', '', '', NULL, NULL, NULL, NULL, 1, NULL, NULL, NULL, NULL),
(925, 'Cơm rượu xoan', 'G. ovoidae Pierre', 0, 120, 0, '', '', '', '', '', NULL, NULL, NULL, NULL, 1, NULL, NULL, NULL, NULL),
(926, NULL, 'G. sapindoides Lindl ex Oliv', 0, 120, 0, '', '', '', '', '', NULL, NULL, NULL, NULL, 1, NULL, NULL, NULL, NULL),
(927, 'Trang xạ', 'Luvunga sarmentosa (Bl.) Kurz', 0, 120, 0, '', '', '', '', '', NULL, NULL, NULL, NULL, 1, NULL, NULL, NULL, NULL),
(928, 'Mắt trâu', 'Micromelum minutum (Forst.) W.&A', 0, 120, 0, '', '', '', '', '', NULL, NULL, NULL, NULL, 1, NULL, NULL, NULL, NULL),
(929, 'Nguyệt quế', 'Murray paniculata (L.) Jack', 0, 120, 0, '', '', '', '', '', NULL, NULL, NULL, NULL, 1, NULL, NULL, NULL, NULL),
(930, 'Xáo leo', 'Paramignya scandens (Griff.) Craib. ', 0, 120, 0, '', '', '', '', '', NULL, NULL, NULL, NULL, 1, NULL, NULL, NULL, NULL),
(931, 'Tầm xong', 'Severinia monophylla (L.) Tan', 0, 120, 0, '', '', '', '', '', NULL, NULL, NULL, NULL, 1, NULL, NULL, NULL, NULL),
(932, 'Hoàng lực', 'Zanthoxylum aviceniae (Lamk.) DC', 0, 120, 0, '', '', '', '', '', NULL, NULL, NULL, NULL, 1, NULL, NULL, NULL, NULL),
(933, 'Hoàng lực tròn', 'Z. nitidum (Lamk.) DC ', 0, 120, 0, '', '', '', '', '', NULL, NULL, NULL, NULL, 1, NULL, NULL, NULL, NULL),
(934, 'Trường mật', 'Amesiodendron chinense (Merr.) Hu', 0, 117, 0, '', '', '', '', '', NULL, NULL, NULL, NULL, 1, NULL, NULL, NULL, NULL),
(935, 'Trường', 'Arytera littoralis Bl.', 0, 117, 0, '', '', '', '', '', NULL, NULL, NULL, NULL, 1, NULL, NULL, NULL, NULL),
(936, 'Tầm phỏng', 'Cardiospermum halicacabum L.', 0, 117, 0, '', '', '', '', '', NULL, NULL, NULL, NULL, 1, NULL, NULL, NULL, NULL),
(937, NULL, 'Dimocarpus fumatus (Bl.) Leenh.', 0, 117, 0, '', '', '', '', '', NULL, NULL, NULL, NULL, 1, NULL, NULL, NULL, NULL),
(938, 'Nhãn', 'D. longan Lour.', 0, 117, 0, '', '', '', '', '', NULL, NULL, NULL, NULL, 1, NULL, NULL, NULL, NULL),
(939, 'Vải', 'Litchi sinensis Radlk.', 0, 117, 0, '', '', '', '', '', NULL, NULL, NULL, NULL, 1, NULL, NULL, NULL, NULL),
(940, 'Nây', 'Mischocarpus poilanei Gagn.', 0, 117, 0, '', '', '', '', '', NULL, NULL, NULL, NULL, 1, NULL, NULL, NULL, NULL),
(941, 'Trôm mặt', 'Nephelium milliferum Gagn.', 0, 117, 0, '', '', '', '', '', NULL, NULL, NULL, NULL, 1, NULL, NULL, NULL, NULL),
(942, 'Trường mật', 'Paviesia annamensis Pierre', 0, 117, 0, '', '', '', '', '', NULL, NULL, NULL, NULL, 1, NULL, NULL, NULL, NULL),
(943, 'Trường', 'Pometia pinnata J. R.& Forst.', 0, 117, 0, '', '', '', '', '', NULL, NULL, NULL, NULL, 1, NULL, NULL, NULL, NULL),
(944, 'Săng sáp', 'Donella lanceolata (Bl.) Aubr.', 0, 133, 0, '', '', '', '', '', NULL, NULL, NULL, NULL, 1, NULL, NULL, NULL, NULL),
(945, 'Sến mật, Sến dưa', 'Madhuca pasquieri (Dub.) H.J.Lam', 0, 133, 0, '', '', '', '', '', '5', '24', '0', NULL, 1, NULL, NULL, '2023-07-11 13:27:27', '20'),
(946, 'Nhạn', 'Planchonella annamensis Pierre ex Dub.', 0, 133, 0, '', '', '', '', '', NULL, NULL, NULL, NULL, 1, NULL, NULL, NULL, NULL),
(947, 'Cheo', 'Xantolis dongnaiensis (Dub.) Aubr.', 0, 133, 0, '', '', '', '', '', NULL, NULL, NULL, NULL, 1, NULL, NULL, NULL, NULL),
(948, 'Sưn xe trung bộ', 'Kadsura roxburghiana Arnott.', 0, 140, 0, '', '', '', '', '', '0', '25', '32', NULL, 1, NULL, NULL, '2023-07-11 13:33:11', '20'),
(949, 'Thanh thất', 'Ailanthus triphysa (Dennst.) Alst', 0, 135, 0, '', '', '', '', '', NULL, NULL, NULL, NULL, 1, NULL, NULL, NULL, NULL),
(950, 'Sầu đâu', 'Brucea javanica (L.) Merr.', 0, 135, 0, '', '', '', '', '', NULL, NULL, NULL, NULL, 1, NULL, NULL, NULL, NULL),
(951, 'Bá bệnh', 'Eurycoma harmandiana Pierre', 0, 135, 0, '', '', '', '', '', NULL, NULL, NULL, NULL, 1, NULL, NULL, NULL, NULL),
(952, 'Hải sơn', 'Harrisonia perforata (Bl.) Merr', 0, 135, 0, '', '', '', '', '', NULL, NULL, NULL, NULL, 1, NULL, NULL, NULL, NULL),
(953, 'Ớt', 'Capsicum frutescens L.', 0, 118, 0, '', '', '', '', '', NULL, NULL, NULL, NULL, 1, NULL, NULL, NULL, NULL),
(954, 'Thù lù', 'Physalis angulata L. ', 0, 118, 0, '', '', '', '', '', NULL, NULL, NULL, NULL, 1, NULL, NULL, NULL, NULL),
(955, 'Lulu', 'Solanum americanum Midl.', 0, 118, 0, '', '', '', '', '', NULL, NULL, NULL, NULL, 1, NULL, NULL, NULL, NULL),
(956, 'La', 'S. erianthum D. Don', 0, 118, 0, '', '', '', '', '', NULL, NULL, NULL, NULL, 1, NULL, NULL, NULL, NULL),
(957, 'Cà hung', 'Solanum ferox L.', 0, 118, 0, '', '', '', '', '', NULL, NULL, NULL, NULL, 1, NULL, NULL, NULL, NULL),
(958, 'Cà tím', 'S. melogena L.', 0, 118, 0, '', '', '', '', '', NULL, NULL, NULL, NULL, 1, NULL, NULL, NULL, NULL),
(959, 'Cà bò', 'S. procumbens Lour.', 0, 118, 0, '', '', '', '', '', NULL, NULL, NULL, NULL, 1, NULL, NULL, NULL, NULL),
(960, 'Cà nồng', 'S. torvum Swartz.', 0, 118, 0, '', '', '', '', '', NULL, NULL, NULL, NULL, 1, NULL, NULL, NULL, NULL),
(961, 'Cà 3 thuỳ', 'S. trilobatum L.', 0, 118, 0, '', '', '', '', '', NULL, NULL, NULL, NULL, 1, NULL, NULL, NULL, NULL),
(962, 'Cà pháo', 'S. undatum Poir.', 0, 118, 0, '', '', '', '', '', NULL, NULL, NULL, NULL, 1, NULL, NULL, NULL, NULL),
(963, 'Phay', 'Duabanga grandiflora (DC.) Walp.', 0, 115, 0, '', '', '', '', '', NULL, NULL, NULL, NULL, 1, NULL, NULL, NULL, NULL),
(964, 'Cây bông vàng, tai mèo', 'Abroma angustata L.', 0, 138, 0, '', '', '', '', '', NULL, NULL, NULL, NULL, 1, NULL, NULL, NULL, NULL),
(965, 'Bích nữ lông', 'Byttneria  pilosa Roxb.', 0, 138, 0, '', '', '', '', '', NULL, NULL, NULL, NULL, 1, NULL, NULL, NULL, NULL),
(966, 'Bích nữ', 'B. andamensis Kurz.', 0, 138, 0, '', '', '', '', '', NULL, NULL, NULL, NULL, 1, NULL, NULL, NULL, NULL),
(967, 'Ổ kén', 'Helicteres angustifolia L.', 0, 138, 0, '', '', '', '', '', NULL, NULL, NULL, NULL, 1, NULL, NULL, NULL, NULL),
(968, 'Ổ kén hẹp', 'H. angustifolia Pierre.', 0, 138, 0, '', '', '', '', '', NULL, NULL, NULL, NULL, 1, NULL, NULL, NULL, NULL),
(969, 'Tổ kén', 'Helicteres glabriuscula', 0, 138, 0, '', '', '', '', '', NULL, NULL, NULL, NULL, 1, NULL, NULL, NULL, NULL),
(970, 'Dó chuột', 'H. hirsuta Lour.', 0, 138, 0, '', '', '', '', '', NULL, NULL, NULL, NULL, 1, NULL, NULL, NULL, NULL),
(971, 'Dó trin', 'H. viscida Bl.', 0, 138, 0, '', '', '', '', '', NULL, NULL, NULL, NULL, 1, NULL, NULL, NULL, NULL),
(972, 'Ổ kén', 'Helicteres sp', 0, 138, 0, '', '', '', '', '', NULL, NULL, NULL, NULL, 1, NULL, NULL, NULL, NULL),
(973, 'Huỳnh', 'Helitiera cochinchinensis (Pierre) Kost.', 0, 138, 0, '', '', '', '', '', NULL, NULL, NULL, NULL, 1, NULL, NULL, NULL, NULL),
(974, 'Lòng mang', 'Pterospermum diversifolium Bl.', 0, 138, 0, '', '', '', '', '', NULL, NULL, NULL, NULL, 1, NULL, NULL, NULL, NULL),
(975, 'Lòng mang lá dị dạng', 'P. heterophyllum. Hance', 0, 138, 0, '', '', '', '', '', NULL, NULL, NULL, NULL, 1, NULL, NULL, NULL, NULL),
(976, 'Màng kiêng', 'P. truncatolobatum Gagn.', 0, 138, 0, '', '', '', '', '', NULL, NULL, NULL, NULL, 1, NULL, NULL, NULL, NULL),
(977, 'Lười ươi', 'Scaphium macropodium L.', 0, 138, 0, '', '', '', '', '', NULL, NULL, NULL, NULL, 1, NULL, NULL, NULL, NULL),
(978, 'Sãng cánh', 'Sterculia alata Roxb.', 0, 138, 0, '', '', '', '', '', NULL, NULL, NULL, NULL, 1, NULL, NULL, NULL, NULL),
(979, 'Trâm cuống mãnh', 'Sterculia Gracilipes Pierre', 0, 138, 0, '', '', '', '', '', NULL, NULL, NULL, NULL, 1, NULL, NULL, NULL, NULL),
(980, NULL, 'Sterculia Sp', 0, 138, 0, '', '', '', '', '', NULL, NULL, NULL, NULL, 1, NULL, NULL, NULL, NULL),
(981, 'Trôm dài màng ', 'S. hymenocalyx K. Schum', 0, 138, 0, '', '', '', '', '', NULL, NULL, NULL, NULL, 1, NULL, NULL, NULL, NULL),
(982, 'Trôm', 'S. hyposticta Miq.', 0, 138, 0, '', '', '', '', '', NULL, NULL, NULL, NULL, 1, NULL, NULL, NULL, NULL),
(983, 'Sảng', 'S. lanceolata Cav.', 0, 138, 0, '', '', '', '', '', NULL, NULL, NULL, NULL, 1, NULL, NULL, NULL, NULL),
(984, 'Đua đũa đông dương', 'Rehderodendron indochinense H.Li', 0, 116, 0, '', '', '', '', '', NULL, NULL, NULL, NULL, 1, NULL, NULL, NULL, NULL),
(985, 'An tức lá bạc', 'Ityrax Argeatifolins', 0, 116, 0, '', '', '', '', '', NULL, NULL, NULL, NULL, 1, NULL, NULL, NULL, NULL),
(986, 'Dung có tuyến', 'Symplocos  adenophylla Wall. ex O. Don', 0, 124, 0, '', '', '', '', '', NULL, NULL, NULL, NULL, 1, NULL, NULL, NULL, NULL),
(987, 'Dung trung bộ', 'Symplocos annanensis', 0, 124, 0, '', '', '', '', '', NULL, NULL, NULL, NULL, 1, NULL, NULL, NULL, NULL),
(988, 'Dung khác thường', 'S. anomala Brand. ', 0, 124, 0, '', '', '', '', '', NULL, NULL, NULL, NULL, 1, NULL, NULL, NULL, NULL),
(989, 'Dung lá hẹp', 'S. cochinchinensis (Lour.) Nooteb.', 0, 124, 0, '', '', '', '', '', NULL, NULL, NULL, NULL, 1, NULL, NULL, NULL, NULL),
(990, 'Dung 2 lá dài', 'S. disepala Guill. ', 0, 124, 0, '', '', '', '', '', NULL, NULL, NULL, NULL, 1, NULL, NULL, NULL, NULL),
(991, 'Dung lá thon', 'S. lanceolata Sieb. & Zucc', 0, 124, 0, '', '', '', '', '', NULL, NULL, NULL, NULL, 1, NULL, NULL, NULL, NULL),
(992, 'Dung chum', 'S. paniculata (Thunb.) Druce', 0, 124, 0, '', '', '', '', '', NULL, NULL, NULL, NULL, 1, NULL, NULL, NULL, NULL),
(993, 'Dung thòng', 'S. pendula Wight.', 0, 124, 0, '', '', '', '', '', NULL, NULL, NULL, NULL, 1, NULL, NULL, NULL, NULL),
(994, 'Rum đỏ', 'Adinandra annamensis Gagn.', 0, 136, 0, '', '', '', '', '', NULL, NULL, NULL, NULL, 1, NULL, NULL, NULL, NULL),
(995, ' Sum đỏ điều', 'A. rubropunctata Merr. & Chun', 0, 136, 0, '', '', '', '', '', NULL, NULL, NULL, NULL, 1, NULL, NULL, NULL, NULL),
(996, 'Chà hoa hồng', 'Camellia assimilis Champ. ex Benth.', 0, 136, 0, '', '', '', '', '', NULL, NULL, NULL, NULL, 1, NULL, NULL, NULL, NULL),
(997, NULL, 'C. dormoyana (Pierr.) Senly', 0, 136, 0, '', '', '', '', '', NULL, NULL, NULL, NULL, 1, NULL, NULL, NULL, NULL),
(998, 'Trà', 'C. sinensis (L.) O. Ktze', 0, 136, 0, '', '', '', '', '', NULL, NULL, NULL, NULL, 1, NULL, NULL, NULL, NULL),
(999, 'Linh lá Sởi', 'Eurya cerasifolia (D.Don) Kob.', 0, 136, 0, '', '', '', '', '', NULL, NULL, NULL, NULL, 1, NULL, NULL, NULL, NULL),
(1000, 'Trơn trà Trung bộ', 'E. annamensis Gagn.', 0, 136, 0, '', '', '', '', '', NULL, NULL, NULL, NULL, 1, NULL, NULL, NULL, NULL),
(1001, 'Linh lá Sơ ri', 'E. cerasifolia (D. Don.) Kob.', 0, 136, 0, '', '', '', '', '', NULL, NULL, NULL, NULL, 1, NULL, NULL, NULL, NULL),
(1002, 'Linh Bắc bộ', 'E. tonkinensis Gagn.', 0, 136, 0, '', '', '', '', '', NULL, NULL, NULL, NULL, 1, NULL, NULL, NULL, NULL),
(1003, 'Súm', 'Eurya nitida ', 0, 136, 0, '', '', '', '', '', NULL, NULL, NULL, NULL, 1, NULL, NULL, NULL, NULL),
(1004, 'Linh chà', 'Eurya stenophylla', 0, 136, 0, '', '', '', '', '', NULL, NULL, NULL, NULL, 1, NULL, NULL, NULL, NULL),
(1005, 'Gò đồng nách', 'Gordonia axillaris (Roxb. ex Ker-Gawl.) Endl. ', 0, 136, 0, '', '', '', '', '', NULL, NULL, NULL, NULL, 1, NULL, NULL, NULL, NULL),
(1006, 'Gò đồng Bắc bộ', 'Godonia tonkinensis Pit.', 0, 136, 0, '', '', '', '', '', NULL, NULL, NULL, NULL, 1, NULL, NULL, NULL, NULL),
(1007, 'Thạch châu', 'Pyrenaria poilaneana  Gagn.', 0, 136, 0, '', '', '', '', '', NULL, NULL, NULL, NULL, 1, NULL, NULL, NULL, NULL),
(1008, 'Thạch châu', 'Pyrenaria garretiana', 0, 136, 0, '', '', '', '', '', NULL, NULL, NULL, NULL, 1, NULL, NULL, NULL, NULL),
(1009, 'Vối thuốc', 'Schima wallichii DC. Korth.', 0, 136, 0, '', '', '', '', '', NULL, NULL, NULL, NULL, 1, NULL, NULL, NULL, NULL),
(1010, 'Giang núi', 'Ternstroemia japonica Thunb.', 0, 136, 0, '', '', '', '', '', NULL, NULL, NULL, NULL, 1, NULL, NULL, NULL, NULL),
(1011, 'Tam thư', 'Tristylium aff. ochnaceum (DC.) Merr. ', 0, 136, 0, '', '', '', '', '', NULL, NULL, NULL, NULL, 1, NULL, NULL, NULL, NULL),
(1012, 'Dó trầm, Trầm hương', 'Aquilaria crassna Pierre ex Lec', 0, 137, 0, '', '', '', '', '', '3', '24', '0', NULL, 1, NULL, NULL, '2023-07-11 13:44:33', '20'),
(1013, 'Dó bai lon', 'A. baillonii Pierre. ex Lec.', 0, 137, 0, '', '', '', '', '', NULL, NULL, NULL, NULL, 1, NULL, NULL, NULL, NULL),
(1014, 'Dó miết', 'Wikstroemia poilanei Leandri', 0, 137, 0, '', '', '', '', '', NULL, NULL, NULL, NULL, 1, NULL, NULL, NULL, NULL),
(1015, 'Bố dại', 'Corchorus nestuans L.', 0, 122, 0, '', '', '', '', '', NULL, NULL, NULL, NULL, 1, NULL, NULL, NULL, NULL),
(1016, 'Bù lốt ', 'Grewia bulot Gagn.', 0, 122, 0, '', '', '', '', '', NULL, NULL, NULL, NULL, 1, NULL, NULL, NULL, NULL),
(1017, 'Cò kè', 'G. eberhardtii H. Lec.', 0, 122, 0, '', '', '', '', '', NULL, NULL, NULL, NULL, 1, NULL, NULL, NULL, NULL),
(1018, 'Bung lai', 'G. paniculata Roxb. ex DC', 0, 122, 0, '', '', '', '', '', NULL, NULL, NULL, NULL, 1, NULL, NULL, NULL, NULL),
(1019, 'Cò ke cánh sao, Meo', 'Grewia astropetala Pierre', 0, 122, 0, '', '', '', '', '', NULL, NULL, NULL, NULL, 1, NULL, NULL, NULL, NULL),
(1020, 'Gai đầu lông', 'Triumfetta pseudocana Spragua & Craib.', 0, 122, 0, '', '', '', '', '', NULL, NULL, NULL, NULL, 1, NULL, NULL, NULL, NULL),
(1021, 'Gai đầu hình thoi', 'T. bactramia L.', 0, 122, 0, '', '', '', '', '', NULL, NULL, NULL, NULL, 1, NULL, NULL, NULL, NULL),
(1022, 'Ngát trơn', 'Gironniera cuspidata (Bl.) Pl. ex Kurz.', 0, 123, 0, '', '', '', '', '', NULL, NULL, NULL, NULL, 1, NULL, NULL, NULL, NULL),
(1023, 'Ki gân bằng', 'G. subequalis Pl.', 0, 123, 0, '', '', '', '', '', NULL, NULL, NULL, NULL, 1, NULL, NULL, NULL, NULL),
(1024, 'Sếu đông', 'G. orientalis Thunb.', 0, 123, 0, '', '', '', '', '', NULL, NULL, NULL, NULL, 1, NULL, NULL, NULL, NULL),
(1025, 'Hu day lá nhỏ', 'Trema cannabina Lour.', 0, 123, 0, '', '', '', '', '', NULL, NULL, NULL, NULL, 1, NULL, NULL, NULL, NULL),
(1026, 'Hu đay', 'T. orientasis (L.) Bl.', 0, 123, 0, '', '', '', '', '', NULL, NULL, NULL, NULL, 1, NULL, NULL, NULL, NULL),
(1027, 'Đay suối', 'Boemeria tonkinensis Gagn.', 0, 126, 0, '', '', '', '', '', NULL, NULL, NULL, NULL, 1, NULL, NULL, NULL, NULL),
(1028, 'Đề gia vảy', 'Debregeasia squamata King.f. ', 0, 126, 0, '', '', '', '', '', NULL, NULL, NULL, NULL, 1, NULL, NULL, NULL, NULL),
(1029, 'Han voi', 'Dendrocnide urentissima (Gagn.) Chev.', 0, 126, 0, '', '', '', '', '', NULL, NULL, NULL, NULL, 1, NULL, NULL, NULL, NULL),
(1030, 'Cao hung', 'Elatostema cuneatum Wight.', 0, 126, 0, '', '', '', '', '', NULL, NULL, NULL, NULL, 1, NULL, NULL, NULL, NULL),
(1031, 'Cao hùng cắt hai', 'E. dissectum Wedd.', 0, 126, 0, '', '', '', '', '', NULL, NULL, NULL, NULL, 1, NULL, NULL, NULL, NULL),
(1032, 'Han tím', 'Laportea interrupta (Gauld.) Chew.', 0, 126, 0, '', '', '', '', '', NULL, NULL, NULL, NULL, 1, NULL, NULL, NULL, NULL),
(1033, 'Han bò', 'L. thorelii Gagn.', 0, 126, 0, '', '', '', '', '', NULL, NULL, NULL, NULL, 1, NULL, NULL, NULL, NULL),
(1034, 'Phu lệ', 'Pellonia eberhardtii Gagn.', 0, 126, 0, '', '', '', '', '', NULL, NULL, NULL, NULL, 1, NULL, NULL, NULL, NULL),
(1035, 'Mồng nhỏ', 'P. cristulata Gagn.', 0, 126, 0, '', '', '', '', '', NULL, NULL, NULL, NULL, 1, NULL, NULL, NULL, NULL),
(1036, 'Rum thơm', 'Poikilospermum  suaveolens (Bl.) Merr.', 0, 126, 0, '', '', '', '', '', NULL, NULL, NULL, NULL, 1, NULL, NULL, NULL, NULL),
(1037, 'Bo mẩn', 'Pouzolzia zeylanica (L.) Benn.', 0, 126, 0, '', '', '', '', '', NULL, NULL, NULL, NULL, 1, NULL, NULL, NULL, NULL),
(1038, 'Thuốc vòi lông', 'P. hirta Hassk.', 0, 126, 0, '', '', '', '', '', NULL, NULL, NULL, NULL, 1, NULL, NULL, NULL, NULL),
(1039, 'Nai bắc bộ', 'Villebrunea tonkinensis Gagn.', 0, 126, 0, '', '', '', '', '', NULL, NULL, NULL, NULL, 1, NULL, NULL, NULL, NULL),
(1040, 'Nai', 'V. frutescens  Bl. ', 0, 126, 0, '', '', '', '', '', NULL, NULL, NULL, NULL, 1, NULL, NULL, NULL, NULL),
(1041, 'Túc cầu', 'Callicarpa acutidens Schauer ', 0, 121, 0, '', '', '', '', '', NULL, NULL, NULL, NULL, 1, NULL, NULL, NULL, NULL),
(1042, 'Ngọc nữ gaudichau', 'Clerodendrum gaudichaudii Dop', 0, 121, 0, '', '', '', '', '', NULL, NULL, NULL, NULL, 1, NULL, NULL, NULL, NULL),
(1043, 'Ngọc nữ colebrook', 'Clerodendrum colebrookiamum Walp.', 0, 121, 0, '', '', '', '', '', NULL, NULL, NULL, NULL, 1, NULL, NULL, NULL, NULL),
(1044, 'Ngọc nữ', 'Clerodendrum Sp', 0, 121, 0, '', '', '', '', '', NULL, NULL, NULL, NULL, 1, NULL, NULL, NULL, NULL),
(1045, 'Ngọc nữ Wallich', 'Clerodendrum wallichi Merr', 0, 121, 0, '', '', '', '', '', NULL, NULL, NULL, NULL, 1, NULL, NULL, NULL, NULL),
(1046, 'Tu hú gỗ', 'Callicarpa arborea Roxb. ', 0, 121, 0, '', '', '', '', '', NULL, NULL, NULL, NULL, 1, NULL, NULL, NULL, NULL),
(1047, 'Từ châu', 'Callicarpa Giarchiana', 0, 121, 0, '', '', '', '', '', NULL, NULL, NULL, NULL, 1, NULL, NULL, NULL, NULL),
(1048, 'Túc cầu', 'C. longifolia Lam', 0, 121, 0, '', '', '', '', '', NULL, NULL, NULL, NULL, 1, NULL, NULL, NULL, NULL),
(1049, 'Đắng cảy', 'Clerodendrum cyrtophyllum Turz', 0, 121, 0, '', '', '', '', '', NULL, NULL, NULL, NULL, 1, NULL, NULL, NULL, NULL),
(1050, 'Ngọc nữ đỏ', 'C. paniculatum L. ', 0, 121, 0, '', '', '', '', '', NULL, NULL, NULL, NULL, 1, NULL, NULL, NULL, NULL),
(1051, 'Ngọc nữ', 'C. schmidtii C.B.Cl.', 0, 121, 0, '', '', '', '', '', NULL, NULL, NULL, NULL, 1, NULL, NULL, NULL, NULL),
(1052, 'Lõi thọ', 'Gmelia arborea Roxb.', 0, 121, 0, '', '', '', '', '', NULL, NULL, NULL, NULL, 1, NULL, NULL, NULL, NULL),
(1053, 'Tu hú', 'G. asiatica L.', 0, 121, 0, '', '', '', '', '', NULL, NULL, NULL, NULL, 1, NULL, NULL, NULL, NULL),
(1054, 'Bông ổi', 'Lantana camara L.', 0, 121, 0, '', '', '', '', '', NULL, NULL, NULL, NULL, 1, NULL, NULL, NULL, NULL),
(1055, 'Cách balan', 'Premna balansae Dop.', 0, 121, 0, '', '', '', '', '', NULL, NULL, NULL, NULL, 1, NULL, NULL, NULL, NULL),
(1056, 'Cách', 'P. serratifolia L.', 0, 121, 0, '', '', '', '', '', NULL, NULL, NULL, NULL, 1, NULL, NULL, NULL, NULL),
(1057, 'Cách leo', 'Premna scandens', 0, 121, 0, '', '', '', '', '', NULL, NULL, NULL, NULL, 1, NULL, NULL, NULL, NULL),
(1058, 'Thọ ', 'Tsoongia axillariflora Merr.', 0, 121, 0, '', '', '', '', '', NULL, NULL, NULL, NULL, 1, NULL, NULL, NULL, NULL),
(1059, 'Bình linh đá', 'Vitex pierreana P. Dop.', 0, 121, 0, '', '', '', '', '', NULL, NULL, NULL, NULL, 1, NULL, NULL, NULL, NULL),
(1060, 'Bình linh', 'V. sumatrana King & Gamble', 0, 121, 0, '', '', '', '', '', NULL, NULL, NULL, NULL, 1, NULL, NULL, NULL, NULL),
(1061, 'Ngũ chảo', 'V. negundo L.', 0, 121, 0, '', '', '', '', '', NULL, NULL, NULL, NULL, 1, NULL, NULL, NULL, NULL),
(1062, 'Đẹn 3 lá', 'V. trifolia (O. Ktze) Mold', 0, 121, 0, '', '', '', '', '', NULL, NULL, NULL, NULL, 1, NULL, NULL, NULL, NULL),
(1063, 'Roi ngựa', 'Verbena officinalis L.', 0, 121, 0, '', '', '', '', '', NULL, NULL, NULL, NULL, 1, NULL, NULL, NULL, NULL),
(1064, 'Song nho trung bộ', 'Ampelopsis annamensis Gagn.', 0, 130, 0, '', '', '', '', '', NULL, NULL, NULL, NULL, 1, NULL, NULL, NULL, NULL),
(1065, 'Chè dây', 'Ampelopsis cantiniensis Planch.', 0, 130, 0, '', '', '', '', '', '6', '0', '0', NULL, 1, NULL, NULL, '2023-07-11 13:51:47', '20'),
(1066, 'Vác sừng nhỏ', 'Cayratia corniculata (Benth.) Gagnep.', 0, 130, 0, '', '', '', '', '', NULL, NULL, NULL, NULL, 1, NULL, NULL, NULL, NULL),
(1067, 'Vác chân vịt', 'Cayratia palmata Gagn.', 0, 130, 0, '', '', '', '', '', NULL, NULL, NULL, NULL, 1, NULL, NULL, NULL, NULL),
(1068, 'Dây vác', 'C. trifolia (L.) Domino', 0, 130, 0, '', '', '', '', '', NULL, NULL, NULL, NULL, 1, NULL, NULL, NULL, NULL),
(1069, 'Hồ đằng', 'Cissus astrotricha Gagn.', 0, 130, 0, '', '', '', '', '', NULL, NULL, NULL, NULL, 1, NULL, NULL, NULL, NULL),
(1070, 'Hồ đằng mũi giáo', 'C. hastata Pl.', 0, 130, 0, '', '', '', '', '', NULL, NULL, NULL, NULL, 1, NULL, NULL, NULL, NULL),
(1071, 'Hồ đằng 6 cạnh', 'C. hexangularis Thor. ex Gagn.', 0, 130, 0, '', '', '', '', '', NULL, NULL, NULL, NULL, 1, NULL, NULL, NULL, NULL),
(1072, 'Chìa vôi', 'C. modeccoides Pl.', 0, 130, 0, '', '', '', '', '', NULL, NULL, NULL, NULL, 1, NULL, NULL, NULL, NULL),
(1073, 'Tứ thư hoa trên thân', 'Tetrastigma cauliflorum Merr. ', 0, 130, 0, '', '', '', '', '', NULL, NULL, NULL, NULL, 1, NULL, NULL, NULL, NULL),
(1074, 'Tứ thư thân dẹp', 'Tetrastigma planicaule (Hook. f.) Gagnep. ', 0, 130, 0, '', '', '', '', '', NULL, NULL, NULL, NULL, 1, NULL, NULL, NULL, NULL),
(1075, 'Tứ thư mũi', 'Tetrastigma apiculatum Gagn..', 0, 130, 0, '', '', '', '', '', NULL, NULL, NULL, NULL, 1, NULL, NULL, NULL, NULL),
(1076, 'Tứ thư', 'Tetrastigma subsuberosum', 0, 130, 0, '', '', '', '', '', NULL, NULL, NULL, NULL, 1, NULL, NULL, NULL, NULL),
(1077, 'Nho đất', 'Vitis balanseana Pl.', 0, 130, 0, '', '', '', '', '', NULL, NULL, NULL, NULL, 1, NULL, NULL, NULL, NULL),
(1078, 'Liên đằng', 'Illigera celebica Miq..', 0, 130, 0, '', '', '', '', '', NULL, NULL, NULL, NULL, 1, NULL, NULL, NULL, NULL),
(1079, 'Liên đằng hoa nhỏ', 'Illigera rhodantha', 0, 130, 0, '', '', '', '', '', NULL, NULL, NULL, NULL, 1, NULL, NULL, NULL, NULL),
(1080, 'Tai voi', 'Chirita colaniae ', 0, 130, 0, '', '', '', '', '', NULL, NULL, NULL, NULL, 1, NULL, NULL, NULL, NULL),
(1081, 'Huyết giác', 'Dracaena cochinchnensis (Lour.) Merr.', 0, 5, 0, '', '', '', '', '', NULL, NULL, NULL, NULL, 1, NULL, NULL, NULL, NULL),
(1082, 'Bồng bồng', 'Dracaena angustifolia', 0, 5, 0, '', '', '', '', '', NULL, NULL, NULL, NULL, 1, NULL, NULL, NULL, NULL),
(1083, 'Phất thủ mảnh', 'D. gracilis Wall.', 0, 5, 0, '', '', '', '', '', NULL, NULL, NULL, NULL, 1, NULL, NULL, NULL, NULL),
(1084, 'Phất thủ căm bot', 'D. cambodia Pierre ex Gagn.', 0, 5, 0, '', '', '', '', '', NULL, NULL, NULL, NULL, 1, NULL, NULL, NULL, NULL),
(1085, 'Lưỡi cọp', 'Sanseviera hyacinthoides (L.) Druce', 0, 5, 0, '', '', '', '', '', NULL, NULL, NULL, NULL, 1, NULL, NULL, NULL, NULL),
(1086, 'Cồ nốc song đích', 'Curculigo disticha Gagn.', 0, 8, 0, '', '', '', '', '', NULL, NULL, NULL, NULL, 1, NULL, NULL, NULL, NULL),
(1087, 'Cồ nốc mảnh', 'C. gracilis Wall.', 0, 8, 0, '', '', '', '', '', NULL, NULL, NULL, NULL, 1, NULL, NULL, NULL, NULL),
(1088, 'Cỏ nốc annam', 'Curculigo annamitica Gagn', 0, 8, 0, '', '', '', '', '', NULL, NULL, NULL, NULL, 1, NULL, NULL, NULL, NULL),
(1089, 'Bồ bồ núi', 'Acorus tatarinowi Schott. ', 0, 15, 0, '', '', '', '', '', NULL, NULL, NULL, NULL, 1, NULL, NULL, NULL, NULL),
(1090, 'Thạch xương bồ lá nhỏ', 'Acorus gramieus', 0, 15, 0, '', '', '', '', '', '6', '0', '0', NULL, 1, NULL, NULL, '2023-07-11 13:47:32', '20'),
(1091, 'Ráy mũi', 'Alocasia cuspidata Engler.', 0, 15, 0, '', '', '', '', '', NULL, NULL, NULL, NULL, 1, NULL, NULL, NULL, NULL),
(1092, 'Ráy nằm', 'A. decumbens Buchet.', 0, 15, 0, '', '', '', '', '', NULL, NULL, NULL, NULL, 1, NULL, NULL, NULL, NULL),
(1093, NULL, 'Amorphophyllus mekongensis Engler. & Gegrm', 0, 15, 0, '', '', '', '', '', NULL, NULL, NULL, NULL, 1, NULL, NULL, NULL, NULL),
(1094, 'Thiên niên kiện', 'Homalonema occulta (Lour.) Schott.', 0, 15, 0, '', '', '', '', '', NULL, NULL, NULL, NULL, 1, NULL, NULL, NULL, NULL),
(1095, 'Cơm lênh', 'Pothos augustifolius Presl.', 0, 15, 0, '', '', '', '', '', NULL, NULL, NULL, NULL, 1, NULL, NULL, NULL, NULL),
(1096, NULL, 'P. gigantipes Buchet', 0, 15, 0, '', '', '', '', '', NULL, NULL, NULL, NULL, 1, NULL, NULL, NULL, NULL),
(1097, 'Cơm lênh', 'P. repens (Lour.) Druce', 0, 15, 0, '', '', '', '', '', NULL, NULL, NULL, NULL, 1, NULL, NULL, NULL, NULL),
(1098, 'Ráy leo', 'P. scandens L. ', 0, 15, 0, '', '', '', '', '', NULL, NULL, NULL, NULL, 1, NULL, NULL, NULL, NULL),
(1099, 'Ráy vân nam', 'P. yunanensis Engler', 0, 15, 0, '', '', '', '', '', NULL, NULL, NULL, NULL, 1, NULL, NULL, NULL, NULL),
(1100, 'Bán hạ rẻ', 'Typhonium blumei Nich', 0, 15, 0, '', '', '', '', '', NULL, NULL, NULL, NULL, 1, NULL, NULL, NULL, NULL),
(1101, 'Đuôi phượng', 'Raphidophora decursiva (Roxb.) Schot.', 0, 15, 0, '', '', '', '', '', '0', '0', '0', NULL, 1, NULL, NULL, '2022-11-15 17:14:18', '20'),
(1102, 'Trâm đài', 'raphidophora hookeri', 0, 15, 0, '', '', '', '', '', NULL, NULL, NULL, NULL, 1, NULL, NULL, NULL, NULL),
(1103, 'Đoác', 'Arenga pinnata (Wurmb.) Merr.', 0, 17, 0, '', '', '', '', '', NULL, NULL, NULL, NULL, 1, NULL, NULL, NULL, NULL),
(1104, 'Phướn', 'arenga caudata', 0, 17, 0, '', '', '', '', '', NULL, NULL, NULL, NULL, 1, NULL, NULL, NULL, NULL),
(1105, 'Mây', 'Calamus henryanus Becc', 0, 17, 0, '', '', '', '', '', NULL, NULL, NULL, NULL, 1, NULL, NULL, NULL, NULL),
(1106, 'Mây roi', 'C. flagellum Griff.', 0, 17, 0, '', '', '', '', '', NULL, NULL, NULL, NULL, 1, NULL, NULL, NULL, NULL),
(1107, 'Song bột, Mây bột', 'Calamus poilanei Conr.', 0, 17, 0, '', '', '', '', '', '0', '24', '0', NULL, 1, NULL, NULL, '2023-07-11 13:55:36', '20'),
(1108, 'Mây mật', 'C. tetradactylus Hance', 0, 17, 0, '', '', '', '', '', '27', NULL, NULL, NULL, 1, NULL, NULL, NULL, NULL),
(1109, 'Đùng đình ngứa', 'Caryota urens L', 0, 17, 0, '', '', '', '', '', NULL, NULL, NULL, NULL, 1, NULL, NULL, NULL, NULL),
(1110, 'Đùng đình Bắc sơn', 'C. bacsonensis Magalon', 0, 17, 0, '', '', '', '', '', NULL, NULL, NULL, NULL, 1, NULL, NULL, NULL, NULL),
(1111, 'Đùng đình', 'Caryota sympactala Gagnep.', 0, 17, 0, '', '', '', '', '', NULL, NULL, NULL, NULL, 1, NULL, NULL, NULL, NULL),
(1112, 'Mây rút', 'Daemonorops pierreanus Becc', 0, 17, 0, '', '', '', '', '', NULL, NULL, NULL, NULL, 1, NULL, NULL, NULL, NULL),
(1113, 'Mây dạ', 'Korthalsia laciniosa Mart.', 0, 17, 0, '', '', '', '', '', NULL, NULL, NULL, NULL, 1, NULL, NULL, NULL, NULL),
(1114, 'Lá nón', 'Licuala centralis  Henderson, N.K.Ban & N.Q.Dung', 0, 17, 0, '', '', '', '', '', NULL, NULL, NULL, NULL, 1, NULL, NULL, NULL, NULL),
(1115, 'Lá nón đăk rông', 'L. dakrongensis A.J.Hend., N.K.Ban & B.V.Thanh', 0, 17, 0, '', '', '', '', '', NULL, NULL, NULL, NULL, 1, NULL, NULL, NULL, NULL),
(1116, 'Trụi thành', 'Licuala elegans Magalon ', 0, 17, 0, '', '', '', '', '', NULL, NULL, NULL, NULL, 1, NULL, NULL, NULL, NULL),
(1117, 'Mật cật to', 'L. grandis Wendl.', 0, 17, 0, '', '', '', '', '', NULL, NULL, NULL, NULL, 1, NULL, NULL, NULL, NULL),
(1118, 'Ra bàn nạo', 'L. radula Gagn.', 0, 17, 0, '', '', '', '', '', NULL, NULL, NULL, NULL, 1, NULL, NULL, NULL, NULL),
(1119, 'Kè Bắc bộ', 'Livistona tonkinensis Magalon', 0, 17, 0, '', '', '', '', '', NULL, NULL, NULL, NULL, 1, NULL, NULL, NULL, NULL),
(1120, 'Cau chuột', 'Pinanga duperreana Pierre ex Gagn.', 0, 17, 0, '', '', '', '', '', NULL, NULL, NULL, NULL, 1, NULL, NULL, NULL, NULL),
(1121, 'Lụi', 'Rhapis excelsa (Thunb.) Henry ex. Rehd.', 0, 17, 0, '', '', '', '', '', NULL, NULL, NULL, NULL, 1, NULL, NULL, NULL, NULL),
(1122, 'Lụi lào', 'Rhaphis  laoensis Becc.', 0, 17, 0, '', '', '', '', '', NULL, NULL, NULL, NULL, 1, NULL, NULL, NULL, NULL),
(1123, 'Thơm', 'Ananas comosus (L.) Merr.', 0, 30, 0, '', '', '', '', '', NULL, NULL, NULL, NULL, 1, NULL, NULL, NULL, NULL),
(1124, 'Lâm trai', 'Amischolotype mollissima (Bl.) Hassk.', 0, 42, 0, '', '', '', '', '', NULL, NULL, NULL, NULL, 1, NULL, NULL, NULL, NULL),
(1125, 'Đầu riều', 'Commelina benganlensis L.', 0, 42, 0, '', '', '', '', '', NULL, NULL, NULL, NULL, 1, NULL, NULL, NULL, NULL),
(1126, 'Trai trắng', 'C. communis L.', 0, 42, 0, '', '', '', '', '', NULL, NULL, NULL, NULL, 1, NULL, NULL, NULL, NULL),
(1127, 'Bích trai', 'Cyanotis axillaris L.', 0, 42, 0, '', '', '', '', '', NULL, NULL, NULL, NULL, 1, NULL, NULL, NULL, NULL),
(1128, 'Loã trai lá xoan', 'Dictyospermum ovalifolium Wight', 0, 42, 0, '', '', '', '', '', NULL, NULL, NULL, NULL, 1, NULL, NULL, NULL, NULL),
(1129, 'Đầu riều không lông', 'Floscopa glabratus Hassk', 0, 42, 0, '', '', '', '', '', NULL, NULL, NULL, NULL, 1, NULL, NULL, NULL, NULL),
(1130, 'Đầu riều leo', 'F. scandens Lour.', 0, 42, 0, '', '', '', '', '', NULL, NULL, NULL, NULL, 1, NULL, NULL, NULL, NULL),
(1131, 'Thài lài trung quốc', 'Murdannia loriformis (Hassk.) R. S. Rao & Kammathy', 0, 42, 0, '', '', '', '', '', NULL, NULL, NULL, NULL, 1, NULL, NULL, NULL, NULL),
(1132, 'Trai ', 'Murdannia spectabilis (Kurz) Faden', 0, 42, 0, '', '', '', '', '', NULL, NULL, NULL, NULL, 1, NULL, NULL, NULL, NULL),
(1133, 'Loã trai soắn', 'M. spirata (L.) Bruckner.', 0, 42, 0, '', '', '', '', '', NULL, NULL, NULL, NULL, 1, NULL, NULL, NULL, NULL),
(1134, 'Bạng hoa', 'Tradescentia discolor L\'Herit .', 0, 42, 0, '', '', '', '', '', NULL, NULL, NULL, NULL, 1, NULL, NULL, NULL, NULL),
(1135, 'Mía dò hoa trắng', 'Costus speciosus (Koenig ex Retz.) J. E. Smith.', 0, 45, 0, '', '', '', '', '', NULL, NULL, NULL, NULL, 1, NULL, NULL, NULL, NULL),
(1136, 'Cói túi ấn', 'Carex indica L.', 0, 49, 0, '', '', '', '', '', NULL, NULL, NULL, NULL, 1, NULL, NULL, NULL, NULL),
(1137, 'Kiết rộng', 'Carex spatiosa Boott', 0, 49, 0, '', '', '', '', '', NULL, NULL, NULL, NULL, 1, NULL, NULL, NULL, NULL),
(1138, 'Cỏ bạc đầu', 'Cyperus dubius Rottb.', 0, 49, 0, '', '', '', '', '', NULL, NULL, NULL, NULL, 1, NULL, NULL, NULL, NULL),
(1139, 'Cỏ cú', 'C. halpan L.', 0, 49, 0, '', '', '', '', '', NULL, NULL, NULL, NULL, 1, NULL, NULL, NULL, NULL),
(1140, 'Hương phụ', 'C. rottundus L.', 0, 49, 0, '', '', '', '', '', '6', '0', '0', NULL, 1, NULL, NULL, '2023-07-11 14:09:45', '20');
INSERT INTO `loai` (`id`, `name`, `nameLatinh`, `loai`, `idHo`, `rPH`, `dacDiem`, `giaTriSuDung`, `phanBo`, `nguonTaiLieu`, `hinhAnh`, `mucDoBaoTonIUCN`, `mucDoBaoTonSDVN`, `mucDoBaoTonNDCP`, `mucDoBaoTonND64CP`, `status`, `createdAt`, `createdBy`, `updatedAt`, `updatedBy`) VALUES
(1141, 'Cỏ cú nhỏ', 'C. pumilus L. ', 0, 49, 0, '', '', '', '', '', NULL, NULL, NULL, NULL, 1, NULL, NULL, NULL, NULL),
(1142, 'Cỏ 3 cạnh', 'C. trialatus (Boeck) Kern', 0, 49, 0, '', '', '', '', '', NULL, NULL, NULL, NULL, 1, NULL, NULL, NULL, NULL),
(1143, 'Cỏ chác', 'Fimbristylis miliacea (L.) Vahl.', 0, 49, 0, '', '', '', '', '', NULL, NULL, NULL, NULL, 1, NULL, NULL, NULL, NULL),
(1144, 'Cỏ bạc đầu', 'Kyllinga nemoralis (J.R. & G.Forst) Dandy ex Hutch. & Dalz', 0, 49, 0, '', '', '', '', '', NULL, NULL, NULL, NULL, 1, NULL, NULL, NULL, NULL),
(1145, 'Hoàng thảo hến', 'Scirpus juncoides Roxb. ', 0, 49, 0, '', '', '', '', '', NULL, NULL, NULL, NULL, 1, NULL, NULL, NULL, NULL),
(1146, 'Hoàng thảo', 'S. massfeldianus Kuk.', 0, 49, 0, '', '', '', '', '', NULL, NULL, NULL, NULL, 1, NULL, NULL, NULL, NULL),
(1147, 'Hoàng thảo xiêm ', 'S. siamensis (C.B.Clarck.) Kern.', 0, 49, 0, '', '', '', '', '', NULL, NULL, NULL, NULL, 1, NULL, NULL, NULL, NULL),
(1148, 'Củ tím', 'Dioscorea alata L.', 0, 53, 0, '', '', '', '', '', NULL, NULL, NULL, NULL, 1, NULL, NULL, NULL, NULL),
(1149, 'Củ nâu', 'D. cirrhosa Prain. & Burk.', 0, 53, 0, '', '', '', '', '', NULL, NULL, NULL, NULL, 1, NULL, NULL, NULL, NULL),
(1150, 'Củ mài', 'D. glabra Roxb.', 0, 53, 0, '', '', '', '', '', NULL, NULL, NULL, NULL, 1, NULL, NULL, NULL, NULL),
(1151, 'Khoai dãi, khoai trời', 'Dioscorea bulbifera L..', 0, 53, 0, '', '', '', '', '', NULL, NULL, NULL, NULL, 1, NULL, NULL, NULL, NULL),
(1152, 'Mây nước', 'Flagellaria indica L.', 0, 64, 0, '', '', '', '', '', NULL, NULL, NULL, NULL, 1, NULL, NULL, NULL, NULL),
(1153, 'Xà thảo', 'Liriope spicata Lour.', 0, 69, 0, '', '', '', '', '', NULL, NULL, NULL, NULL, 1, NULL, NULL, NULL, NULL),
(1154, 'Cao cẳng', 'Ophiopogon reptan Hook.f.', 0, 69, 0, '', '', '', '', '', NULL, NULL, NULL, NULL, 1, NULL, NULL, NULL, NULL),
(1155, 'Xà thảo lá dài', 'O. longifolius Dene ', 0, 69, 0, '', '', '', '', '', NULL, NULL, NULL, NULL, 1, NULL, NULL, NULL, NULL),
(1156, 'Bì xà', 'O. peliosanthoides W & Arn.', 0, 69, 0, '', '', '', '', '', NULL, NULL, NULL, NULL, 1, NULL, NULL, NULL, NULL),
(1157, 'Xà bì', 'Ophiopogon tonkinensis', 0, 69, 0, '', '', '', '', '', NULL, NULL, NULL, NULL, 1, NULL, NULL, NULL, NULL),
(1158, 'Rẻ quạt', 'Belamcandra chinensis (L) DC. ', 0, 74, 0, '', '', '', '', '', NULL, NULL, NULL, NULL, 1, NULL, NULL, NULL, NULL),
(1159, 'Sâm đại hành', 'Eleuthrine bulbosa (Mill.) Urban.', 0, 74, 0, '', '', '', '', '', NULL, NULL, NULL, NULL, 1, NULL, NULL, NULL, NULL),
(1160, 'Xương quạt hương lâu', 'Dianella nemorosa Lam. ex Schiller.f', 0, 80, 0, '', '', '', '', '', NULL, NULL, NULL, NULL, 1, NULL, NULL, NULL, NULL),
(1161, 'Song bào móng', 'Disporum calcaratum D. Don ', 0, 80, 0, '', '', '', '', '', NULL, NULL, NULL, NULL, 1, NULL, NULL, NULL, NULL),
(1162, 'Song bào đá', 'Disporum trabeculatum Gagn.', 0, 80, 0, '', '', '', '', '', NULL, NULL, NULL, NULL, 1, NULL, NULL, NULL, NULL),
(1163, 'Bần hướng', 'Oligobotrya henryi Bak.', 0, 80, 0, '', '', '', '', '', NULL, NULL, NULL, NULL, 1, NULL, NULL, NULL, NULL),
(1164, 'Hưu túc', 'Paris polyphylla Sm.', 0, 80, 0, '', '', '', '', '', NULL, NULL, NULL, NULL, 1, NULL, NULL, NULL, NULL),
(1165, 'Bẩy lá một hoa', 'Paris chinensis Franch.', 0, 80, 0, '', '', '', '', '', '0', '0', '32', NULL, 1, NULL, NULL, '2022-11-15 15:48:11', '20'),
(1166, 'Hoàng tinh', 'Polygonatum kingianum coll.et Hemsl', 0, 80, 0, '', '', '', '', '', NULL, NULL, NULL, NULL, 1, NULL, NULL, NULL, NULL),
(1167, 'Hoàng tinh rằn', 'Calathea clossoni Hort.', 0, 88, 0, '', '', '', '', '', NULL, NULL, NULL, NULL, 1, NULL, NULL, NULL, NULL),
(1168, 'Dong nếp', 'Phrynium dispermum Gagn.', 0, 88, 0, '', '', '', '', '', NULL, NULL, NULL, NULL, 1, NULL, NULL, NULL, NULL),
(1169, 'Chuối rừng', 'Musa aucuminata Colla.', 0, 95, 0, '', '', '', '', '', NULL, NULL, NULL, NULL, 1, NULL, NULL, NULL, NULL),
(1170, 'Lan yên ngựa vạch', 'Acanthephippium striatum Lindl.', 0, 104, 0, '', '', '', '', '', '0', '0', '32', NULL, 1, NULL, NULL, '2023-07-11 14:25:21', '20'),
(1171, 'Giáng hương', 'Aerides falcata Lindl.', 0, 104, 0, '', '', '', '', '', '0', '0', '32', NULL, 1, NULL, NULL, '2023-07-18 09:59:12', '20'),
(1172, 'Giáng hương hồng nhạn', 'Aerides odorata Lour', 0, 104, 0, '', '', '', '', '', '0', '0', '32', NULL, 1, NULL, NULL, '2023-07-18 10:03:42', '20'),
(1173, 'Lan cang cua thân ngắn', 'Agrostophyllum brevipes King & Pantl.', 0, 104, 0, '', '', '', '', '', NULL, NULL, '32', NULL, 1, NULL, NULL, NULL, NULL),
(1174, 'Xích thủ', 'Agrostophyllum planicaule (Lindl.) Reichb.f.', 0, 104, 0, '', '', '', '', '', NULL, NULL, '32', NULL, 1, NULL, NULL, NULL, NULL),
(1175, 'Lan gấm', 'Anoectochilus cetaceus Blume', 0, 104, 0, '', '', '', '', '', NULL, NULL, '31', NULL, 1, NULL, NULL, NULL, NULL),
(1176, 'Gia thuỳ', 'A. lylei Rolfe ex Downies ', 0, 104, 0, '', '', '', '', '', '0', '0', '31', NULL, 1, NULL, NULL, '2022-11-23 13:58:14', '20'),
(1177, 'Lan kim tuyến', 'Anoectochilus roxburghii (Wall.) Lindl.', 0, 104, 0, '', '', '', '', '', NULL, NULL, '31', NULL, 1, NULL, NULL, NULL, NULL),
(1178, 'Sậy lan', 'Arundina graminifolia (D.Don) Hochr.', 0, 104, 0, '', '', '', '', '', NULL, NULL, '32', NULL, 1, NULL, NULL, NULL, NULL),
(1179, 'Cầu diệp', 'Bulbophyllum poilanei Gagn.', 0, 104, 0, '', '', '', '', '', NULL, NULL, '32', NULL, 1, NULL, NULL, NULL, NULL),
(1180, 'Lan lọng tà', 'Bulbophyllum retusiusculum Rchb.f.', 0, 104, 0, '', '', '', '', '', '0', '0', '32', NULL, 1, NULL, NULL, '2023-07-18 10:16:35', '20'),
(1181, 'Lan lọng đầu', 'B. sigaldiae Guill.', 0, 104, 0, '', '', '', '', '', NULL, NULL, '32', NULL, 1, NULL, NULL, NULL, NULL),
(1182, 'Lan lọng tán', 'B. umbellatum Lindl.', 0, 104, 0, '', '', '', '', '', NULL, NULL, '32', NULL, 1, NULL, NULL, NULL, NULL),
(1183, 'Lan bầu rượu', 'Calanthe aleizettii Gagn.', 0, 104, 0, '', '', '', '', '', '0', '0', '32', NULL, 1, NULL, NULL, '2023-07-18 10:26:44', '20'),
(1184, 'Kiều lan', 'Calanthe triplicata (Willem.) Ames.', 0, 104, 0, '', '', '', '', '', '0', '0', '32', NULL, 1, NULL, NULL, '2023-07-18 10:30:05', '20'),
(1185, 'Kiều lan', 'Calanthe lyroglossa', 0, 104, 0, '', '', '', '', '', NULL, NULL, '32', NULL, 1, NULL, NULL, NULL, NULL),
(1186, 'Trung lan', 'Cephalantheropsis obcordata (Lindl.) Ormerod', 0, 104, 0, '', '', '', '', '', '0', '0', '32', NULL, 1, NULL, NULL, '2023-07-18 10:33:18', '20'),
(1187, 'Vòi sừng lùn', 'Ceratostylis siamensis Downie', 0, 104, 0, '', '', '', '', '', NULL, NULL, '32', NULL, 1, NULL, NULL, NULL, NULL),
(1188, 'Miệng kín hai gai', 'Cleisostoma birmanicum (Schltr.) Garay', 0, 104, 0, '', '', '', '', '', '0', '0', '32', NULL, 1, NULL, NULL, '2023-03-20 16:17:15', '20'),
(1189, 'Miệng kín buông rủ', 'C. williamsonii (Rchb.f.) Garay', 0, 104, 0, '', '', '', '', '', NULL, NULL, '32', NULL, 1, NULL, NULL, NULL, NULL),
(1190, 'Tuyết ngọn', 'Coelogyne mooreana Sander ex Rolfe', 0, 104, 0, '', '', '', '', '', '0', '0', '32', NULL, 1, NULL, NULL, '2023-07-18 10:38:04', '20'),
(1191, 'Lan thanh đạm', 'Coelogyne ovalis Lindl.', 0, 104, 0, '', '', '', '', '', '0', '0', '32', NULL, 1, NULL, NULL, '2023-03-20 16:15:00', '20'),
(1192, 'Tản lan', 'Corymborkis veratrifolia (Reinw.) Bl.', 0, 104, 0, '', '', '', '', '', '0', '0', '32', NULL, 1, NULL, NULL, '2023-07-18 10:42:13', '20'),
(1193, 'Đoản kiếm', 'Cymbidium banaense Gagn.', 0, 104, 0, '', '', '', '', '', '0', '0', '32', NULL, 1, NULL, NULL, '2023-07-18 10:51:53', '20'),
(1194, 'Lan kiếm lá giáo', 'Cymbidium lancifolium Hook.f.', 0, 104, 0, '', '', '', '', '', '0', '0', '32', NULL, 1, NULL, NULL, '2023-07-18 10:53:44', '20'),
(1195, 'Bích ngọc', 'Cymbidium dayanum Reichb. F', 0, 104, 0, '', '', '', '', '', '0', '0', '32', NULL, 1, NULL, NULL, '2023-03-20 16:09:32', '20'),
(1196, 'Thuỷ tiên hường', 'Dendrobium amabile (Lour.) O\'brien ', 0, 104, 0, '', '', '', '', '', '0', '0', '32', NULL, 1, NULL, NULL, '2023-03-20 16:06:07', '20'),
(1197, 'Ngọc điểm, Thuỷ tiên', 'Dendrobium farmeri Paxt.', 0, 104, 0, '', '', '', '', '', '0', '25', '32', NULL, 1, NULL, NULL, '2023-07-18 13:38:13', '20'),
(1198, 'Kim điệp', 'Dendrobium fimbriatum Hook.', 0, 104, 0, '', '', '', '', '', '0', '0', '32', NULL, 1, NULL, NULL, '2023-07-18 13:42:31', '20'),
(1199, 'Thạch hộc hoa tím', 'D. hercoglossum Rchb.f.', 0, 104, 0, '', '', '', '', '', NULL, NULL, '32', NULL, 1, NULL, NULL, NULL, NULL),
(1200, 'Vảy rắn', 'Dendrobium lindleyi Steudel.', 0, 104, 0, '', '', '', '', '', '0', '0', '32', NULL, 1, NULL, NULL, '2023-03-20 15:39:52', '20'),
(1201, 'Hoàng thảo thạch hộc', 'Dendrobium loddigesii Rolfe', 0, 104, 0, '', '', '', '', '', '0', '0', '32', NULL, 1, NULL, NULL, '2023-03-20 15:19:19', '20'),
(1202, 'Thạch hộc', 'Dendrobium nobile Steudel', 0, 104, 0, '', '', '', '', '', '0', '24', '32', NULL, 1, NULL, NULL, '2023-03-20 15:13:29', '20'),
(1203, 'Hường lan', 'Dendrobium parciflorum Reichb.f.ex Lindl', 0, 104, 0, '', '', '', '', '', '0', '0', '32', NULL, 1, NULL, NULL, '2023-03-20 15:05:33', '20'),
(1204, 'Thủy tiên phi', 'Dendrobium phi E.Christenson', 0, 104, 0, '', '', '', '', '', '0', '0', '32', NULL, 1, NULL, NULL, '2023-03-20 15:05:12', '20'),
(1205, 'Lan trăm', 'D. terminale Par. & Rchb.f.', 0, 104, 0, '', '', '', '', '', NULL, NULL, '32', NULL, 1, NULL, NULL, NULL, NULL),
(1206, 'Thuỷ tiên', 'Dendrobium thyrsiflorum Reichb.f.', 0, 104, 0, '', '', '', '', '', '0', '0', '32', NULL, 1, NULL, NULL, '2023-03-20 15:04:08', '20'),
(1207, 'Hoàng thảo xoắn', 'Dendrobium tortile', 0, 104, 0, '', '', '', '', '', '0', '0', '32', NULL, 1, NULL, NULL, '2023-03-20 14:51:58', '20'),
(1208, 'Lưỡng giả búi', 'Didymoplexiopsis khiriwongensis Seidenf.', 0, 104, 0, '', '', '', '', '', NULL, NULL, '32', NULL, 1, NULL, NULL, NULL, NULL),
(1209, 'Thượng lan', 'Epipogium roseum (D.Don) Lindl.', 0, 104, 0, '', '', '', '', '', '0', '0', '32', NULL, 1, NULL, NULL, '2023-07-18 14:26:03', '20'),
(1210, 'Nỉ lan', 'Eria amica Reichb.f.f', 0, 104, 0, '', '', '', '', '', '0', '0', '32', NULL, 1, NULL, NULL, '2023-07-18 14:29:48', '20'),
(1211, 'Nỉ lan', 'Eria corneri Reichb.f.', 0, 104, 0, '', '', '', '', '', '0', '0', '32', NULL, 1, NULL, NULL, '2023-07-18 14:31:31', '20'),
(1212, 'Nỉ lan cầu', 'Eria globulifera Seidenf.', 0, 104, 0, '', '', '', '', '', '0', '0', '32', NULL, 1, NULL, NULL, '2023-07-18 14:33:19', '20'),
(1213, 'Nỉ lan lá mác', 'E. lactiflora Aver.', 0, 104, 0, '', '', '', '', '', NULL, NULL, '32', NULL, 1, NULL, NULL, NULL, NULL),
(1214, 'Nỉ lan lá tả tơi', 'Eria pannea Lindl.', 0, 104, 0, '', '', '', '', '', '0', '0', '32', NULL, 1, NULL, NULL, '2023-03-20 14:41:36', '20'),
(1215, 'Nỉ lan bé', 'Eria pusilla (Griff.) Lindl.', 0, 104, 0, '', '', '', '', '', '0', '0', '32', NULL, 1, NULL, NULL, '2023-07-18 14:36:04', '20'),
(1216, 'Nỉ lan hẹp', 'Eria siamensis Schlechter', 0, 104, 0, '', '', '', '', '', '0', '0', '32', NULL, 1, NULL, NULL, '2023-07-18 14:36:37', '20'),
(1217, 'Nỉ lan thao', 'Eri thao Gagnep.', 0, 104, 0, '', '', '', '', '', '0', '0', '32', NULL, 1, NULL, NULL, '2023-03-20 14:46:59', '20'),
(1218, 'Xích lan', 'Erythrodes hirsuta (Griff.) Ormerod', 0, 104, 0, '', '', '', '', '', NULL, NULL, '32', NULL, 1, NULL, NULL, NULL, NULL),
(1219, 'Xích lan', 'Erythrorchis ochobiensis (Hary.) Gray', 0, 104, 0, '', '', '', '', '', '0', '0', '32', NULL, 1, NULL, NULL, '2023-07-18 14:38:56', '20'),
(1220, 'Luân lan hoa vàng', 'Eulophia flava (Lindl.) Hook. F', 0, 104, 0, '', '', '', '', '', NULL, NULL, '32', NULL, 1, NULL, NULL, NULL, NULL),
(1221, 'Hà biện răng', 'Herbenaria dentata (Sw.) Schltr.', 0, 104, 0, '', '', '', '', '', NULL, NULL, '32', NULL, 1, NULL, NULL, NULL, NULL),
(1222, 'Lan kiến cò', 'Herbenaria rhodocheita Hance', 0, 104, 0, '', '', '', '', '', NULL, NULL, '32', NULL, 1, NULL, NULL, NULL, NULL),
(1223, 'Hà biện hoa xanh', 'H. viridiflora (Sw.) R.Br.', 0, 104, 0, '', '', '', '', '', NULL, NULL, '32', NULL, 1, NULL, NULL, NULL, NULL),
(1224, 'Phiên thần hai môi', 'Hetaeria anomala (Lindl.) Hook.f.', 0, 104, 0, '', '', '', '', '', NULL, NULL, '32', NULL, 1, NULL, NULL, NULL, NULL),
(1225, 'Lan tóc tiên', 'Holcoglossum subulifolium (Rchb.f.) ', 0, 104, 0, '', '', '', '', '', '0', '0', '32', NULL, 1, NULL, NULL, '2023-03-20 14:25:57', '20'),
(1226, 'Nhẵn diệp bầu dục', 'Liparis elliptica Wight', 0, 104, 0, '', '', '', '', '', '0', '0', '32', NULL, 1, NULL, NULL, '2023-03-20 14:16:11', '20'),
(1227, 'Lan cánh nhạn', 'L. tixieri Guillaum.', 0, 104, 0, '', '', '', '', '', NULL, NULL, '32', NULL, 1, NULL, NULL, NULL, NULL),
(1228, 'Lan lá gấm', 'Ludisia discolor (Ker-Gawl.) A.Rich.', 0, 104, 0, '', '', '', '', '', '0', '0', '32', NULL, 1, NULL, NULL, '2022-11-23 15:01:34', '20'),
(1229, 'Lan gấm', 'L. zollingeri Rchb.f.', 0, 104, 0, '', '', '', '', '', '0', '0', '32', NULL, 1, NULL, NULL, '2023-03-20 14:11:28', '20'),
(1230, 'Lan tuyến tơ', 'Anoectochilus setaceus', 0, 104, 0, '', '', '', '', '', '0', '24', '31', NULL, 1, NULL, NULL, '2023-03-20 14:10:40', '20'),
(1231, 'Phi hành mũi dài', 'Mischobulbum ovifolium (Tsi & S.C.Chen) Aver.', 0, 104, 0, '', '', '', '', '', NULL, NULL, '32', NULL, 1, NULL, NULL, NULL, NULL),
(1232, 'Vân diệp hoa nhỏ', 'Nephelaphyllum tenuiflorum Blume', 0, 104, 0, '', '', '', '', '', '0', '0', '32', NULL, 1, NULL, NULL, '2023-03-20 13:50:59', '20'),
(1233, 'Nơ lan', 'Neuwiedia balansae Baill. ex Gagnep.', 0, 104, 0, '', '', '', '', '', NULL, NULL, '32', NULL, 1, NULL, NULL, NULL, NULL),
(1234, 'Lan quạt sâu róm', 'Oberonia longibracteata Lindl.', 0, 104, 0, '', '', '', '', '', '0', '0', '32', NULL, 1, NULL, NULL, '2023-03-20 13:42:28', '20'),
(1235, 'Lan quạt', 'Otochilus sp.', 0, 104, 0, '', '', '', '', '', NULL, NULL, '32', NULL, 1, NULL, NULL, NULL, NULL),
(1236, 'Vệ hài', 'Paphiopedilum amabile Hall. f.', 0, 104, 0, '', '', '', '', '', '0', '0', '31', NULL, 1, NULL, NULL, '2023-03-20 13:43:05', '20'),
(1237, 'Lan hài vân', 'Paphiopedilum appletonianum (Gower) Rolfe forma tridentatum Aver.', 0, 104, 0, '', '', '', '', '', '0', '0', '31', NULL, 1, NULL, NULL, '2023-03-20 13:43:12', '20'),
(1238, 'Túc thiệt', 'Podochilus intermedius Aver.', 0, 104, 0, '', '', '', '', '', '0', '0', '32', NULL, 1, NULL, NULL, '2023-03-20 13:51:53', '20'),
(1239, 'Huyết nhung', 'Renanthera coccinea Lour.', 0, 104, 0, '', '', '', '', '', '0', '0', '32', NULL, 1, NULL, NULL, '2023-03-20 13:52:30', '20'),
(1240, 'Đuôi cáo', 'Rhynchostylis retusa (L.) Bl.', 0, 104, 0, '', '', '', '', '', '0', '0', '32', NULL, 1, NULL, NULL, '2023-03-20 13:52:06', '20'),
(1241, 'Nang lan chồi', 'Schoenorchis gemmata (Lindl.) J.J.Smith', 0, 104, 0, '', '', '', '', '', '0', '0', '32', NULL, 1, NULL, NULL, '2023-03-20 09:39:39', '20'),
(1242, 'Hổ bí', 'Staurochlilis fasciatus', 0, 104, 0, '', '', '', '', '', '0', '0', '32', NULL, 1, NULL, NULL, '2023-03-20 10:03:55', '20'),
(1243, 'Tài lan xanh nâu', 'Tainia viridifusca (Hook.) Benth. & Hook.f.', 0, 104, 0, '', '', '', '', '', NULL, NULL, '32', NULL, 1, NULL, NULL, NULL, NULL),
(1244, 'Lan củ chén', 'Thecostele alata (Roxb.) Par. & Rchb.f.', 0, 104, 0, '', '', '', '', '', '0', '0', '32', NULL, 1, NULL, NULL, '2022-11-23 13:50:36', '20'),
(1245, 'Ái trụ lùn', 'Thelasis pygmaea (Griff.) Blume', 0, 104, 0, '', '', '', '', '', '0', '0', '32', NULL, 1, NULL, NULL, '2023-07-18 16:15:58', '20'),
(1246, 'Mao tử trung', 'Thrixspermum sp.nov.', 0, 104, 0, '', '', '', '', '', NULL, NULL, '32', NULL, 1, NULL, NULL, NULL, NULL),
(1247, 'Tam lan mũi', 'Trias nasuta (Rchb.f.) Stapf.', 0, 104, 0, '', '', '', '', '', '0', '0', '32', NULL, 1, NULL, NULL, '2023-07-18 16:21:18', '20'),
(1248, 'Lan chùm ba', 'T. nummularia Aver. et Averyanova', 0, 104, 0, '', '', '', '', '', NULL, NULL, '32', NULL, 1, NULL, NULL, NULL, NULL),
(1249, 'Mao lan', 'Trichotosia pulvinata (Lindl.) Kraenzl.', 0, 104, 0, '', '', '', '', '', '0', '0', '32', NULL, 1, NULL, NULL, '2023-07-18 16:27:52', '20'),
(1250, 'Thơ sinh', 'Zeuxine aphylla sp.nov.', 0, 104, 0, '', '', '', '', '', NULL, NULL, '32', NULL, 1, NULL, NULL, NULL, NULL),
(1251, 'Thơ sinh hoa vàng', 'Z. flava (Wall. ex Lindl.) Trimen', 0, 104, 0, '', '', '', '', '', NULL, NULL, '32', NULL, 1, NULL, NULL, NULL, NULL),
(1252, 'Dứa bắc bộ', 'Pandanus tonkinensis Mart. ex Stone', 0, 107, 0, '', '', '', '', '', NULL, NULL, NULL, NULL, 1, NULL, NULL, NULL, NULL),
(1253, 'Dứa cam', 'P. affinis Kurz.', 0, 107, 0, '', '', '', '', '', NULL, NULL, NULL, NULL, 1, NULL, NULL, NULL, NULL),
(1254, 'Dứa nhỏ', 'Pandanus humilis Lour', 0, 107, 0, '', '', '', '', '', NULL, NULL, NULL, NULL, 1, NULL, NULL, NULL, NULL),
(1255, 'Lồ ô', 'Bambusa balcoa Roxb.', 0, 113, 0, '', '', '', '', '', NULL, NULL, NULL, NULL, 1, NULL, NULL, NULL, NULL),
(1256, 'Tre gai', 'B. blumeana Schultes ', 0, 113, 0, '', '', '', '', '', NULL, NULL, NULL, NULL, 1, NULL, NULL, NULL, NULL),
(1257, 'Cỏ móc', 'Centhotheca lappacea (L.) Desv.', 0, 113, 0, '', '', '', '', '', NULL, NULL, NULL, NULL, 1, NULL, NULL, NULL, NULL),
(1258, 'Cỏ may', 'Chrysopogon aciculatus (Retz) Trin', 0, 113, 0, '', '', '', '', '', NULL, NULL, NULL, NULL, 1, NULL, NULL, NULL, NULL),
(1259, 'Ý dĩ', 'Coix lacryma Jobi L.', 0, 113, 0, '', '', '', '', '', NULL, NULL, NULL, NULL, 1, NULL, NULL, NULL, NULL),
(1260, 'Cỏ chỉ', 'Cynodon dactylon (L.) Pers', 0, 113, 0, '', '', '', '', '', NULL, NULL, NULL, NULL, 1, NULL, NULL, NULL, NULL),
(1261, 'Giang', 'Dendrocalamus patellaris Gamble', 0, 113, 0, '', '', '', '', '', NULL, NULL, NULL, NULL, 1, NULL, NULL, NULL, NULL),
(1262, 'Tre rắn', 'D. sinuata (Gamble) Holtt.', 0, 113, 0, '', '', '', '', '', NULL, NULL, NULL, NULL, 1, NULL, NULL, NULL, NULL),
(1263, 'Cỏ lông vực', 'Echinochloa colonum (L.) Link', 0, 113, 0, '', '', '', '', '', NULL, NULL, NULL, NULL, 1, NULL, NULL, NULL, NULL),
(1264, 'Mần trầu', 'Eleusine indica (L.) Gaertn', 0, 113, 0, '', '', '', '', '', '0', '0', '0', NULL, 1, NULL, NULL, '2023-07-18 16:35:18', '20'),
(1265, 'Lau', 'Erianthus arundinaceus (Retz.) Jeswiet', 0, 113, 0, '', '', '', '', '', NULL, NULL, NULL, NULL, 1, NULL, NULL, NULL, NULL),
(1266, 'Cỏ tranh', 'Imperata cylindrica (L.) P.Beauv.', 0, 113, 0, '', '', '', '', '', NULL, NULL, NULL, NULL, 1, NULL, NULL, NULL, NULL),
(1267, 'Cỏ rác', 'Isachne dispa Trin', 0, 113, 0, '', '', '', '', '', NULL, NULL, NULL, NULL, 1, NULL, NULL, NULL, NULL),
(1268, 'Chè vè', 'Miscanthus floridulus (Labill.) Warb. ex Schum & Lauterb.', 0, 113, 0, '', '', '', '', '', NULL, NULL, NULL, NULL, 1, NULL, NULL, NULL, NULL),
(1269, 'Lúa', 'Oryza sativa L.', 0, 113, 0, '', '', '', '', '', NULL, NULL, NULL, NULL, 1, NULL, NULL, NULL, NULL),
(1270, 'Cỏ đắng', 'Paspalum scrobiculatum L.', 0, 113, 0, '', '', '', '', '', NULL, NULL, NULL, NULL, 1, NULL, NULL, NULL, NULL),
(1271, 'Sậy', 'Phragmites vallatoria (L.) Veldk.', 0, 113, 0, '', '', '', '', '', NULL, NULL, NULL, NULL, 1, NULL, NULL, NULL, NULL),
(1272, 'Mía', 'Saccharum officinarum L.', 0, 113, 0, '', '', '', '', '', NULL, NULL, NULL, NULL, 1, NULL, NULL, NULL, NULL),
(1273, 'Lách', 'S. spontaneum L.', 0, 113, 0, '', '', '', '', '', NULL, NULL, NULL, NULL, 1, NULL, NULL, NULL, NULL),
(1274, 'Sâu dóm', 'Setaria pumila (Poir.) Roem. & Schult.', 0, 113, 0, '', '', '', '', '', NULL, NULL, NULL, NULL, 1, NULL, NULL, NULL, NULL),
(1275, 'Trúc gai', 'Sinarundinaria griffithiana (Munro) Chalo & Rens', 0, 113, 0, '', '', '', '', '', NULL, NULL, NULL, NULL, 1, NULL, NULL, NULL, NULL),
(1276, 'Đót, chít', 'Thysanolaena maxima (Roxb.) O. Ktze.', 0, 113, 0, '', '', '', '', '', NULL, NULL, NULL, NULL, 1, NULL, NULL, NULL, NULL),
(1277, 'Ngô', 'Zea mays L.', 0, 113, 0, '', '', '', '', '', NULL, NULL, NULL, NULL, 1, NULL, NULL, NULL, NULL),
(1278, 'Kim cang móng bò', 'Smilax bauhinioides Kunth.', 0, 145, 0, '', '', '', '', '', NULL, NULL, NULL, NULL, 1, NULL, NULL, NULL, NULL),
(1279, 'Kim cang', 'S. corbularia Kunth.', 0, 145, 0, '', '', '', '', '', NULL, NULL, NULL, NULL, 1, NULL, NULL, NULL, NULL),
(1280, 'Kim cang ganepain.', 'S. ganepainii Koy.', 0, 145, 0, '', '', '', '', '', NULL, NULL, NULL, NULL, 1, NULL, NULL, NULL, NULL),
(1281, 'Thổ phục linh', 'S. glabra Roxb.', 0, 145, 0, '', '', '', '', '', NULL, NULL, NULL, NULL, 1, NULL, NULL, NULL, NULL),
(1282, 'Kim cang thon', 'S. lanceifolia Roxb.', 0, 145, 0, '', '', '', '', '', NULL, NULL, NULL, NULL, 1, NULL, NULL, NULL, NULL),
(1283, 'Kim cang chùm', 'S. paniculata Gagn.', 0, 145, 0, '', '', '', '', '', NULL, NULL, NULL, NULL, 1, NULL, NULL, NULL, NULL),
(1284, 'Kim cang hở', 'S. riparia A.&C.DC ', 0, 145, 0, '', '', '', '', '', NULL, NULL, NULL, NULL, 1, NULL, NULL, NULL, NULL),
(1285, 'Khúc khắc – Kim cang', 'Smilax china', 0, 145, 0, '', '', '', '', '', NULL, NULL, NULL, NULL, 1, NULL, NULL, NULL, NULL),
(1286, 'Bách bộ củ', 'Stemona tuberosa Lour. ', 0, 146, 0, '', '', '', '', '', '0', '0', '0', NULL, 1, NULL, NULL, '2023-07-10 08:44:03', '20'),
(1287, 'Râu hùm', 'Tacca chantrieri Andre', 0, 147, 0, '', '', '', '', '', '0', '25', '0', NULL, 1, NULL, NULL, '2023-03-20 13:53:12', '20'),
(1288, 'Vùi dâu', 'T. plantaginea (Hance) Drenth', 0, 147, 0, '', '', '', '', '', '0', '0', '0', NULL, 1, NULL, NULL, '2021-11-28 09:57:02', '20'),
(1289, 'Hạ túc, Ngãi rợm', 'T. intergrifolia Ker.-Gawl.', 0, 147, 0, '', '', '', '', '', NULL, '25', NULL, NULL, 1, NULL, NULL, NULL, NULL),
(1290, 'Gừng trung quốc', 'Alpinia chinensis (Retz.) Rosacoe', 0, 151, 0, '', '', '', '', '', NULL, NULL, NULL, NULL, 1, NULL, NULL, NULL, NULL),
(1291, 'Mè tré', 'Alpinia globosa (Lour.) Horan.', 0, 151, 0, '', '', '', '', '', NULL, NULL, NULL, NULL, 1, NULL, NULL, NULL, NULL),
(1292, 'Riềng', 'Alpinia officina Hance', 0, 151, 0, '', '', '', '', '', NULL, NULL, NULL, NULL, 1, NULL, NULL, NULL, NULL),
(1293, NULL, 'Catimbium bracteatum Rox', 0, 151, 0, '', '', '', '', '', NULL, NULL, NULL, NULL, 1, NULL, NULL, NULL, NULL),
(1294, 'Lô ba', 'Globba pendula Roxb.', 0, 151, 0, '', '', '', '', '', NULL, NULL, NULL, NULL, 1, NULL, NULL, NULL, NULL),
(1295, 'Ngải tiên', 'Hedychium stenopetalum Lodd.', 0, 151, 0, '', '', '', '', '', NULL, NULL, NULL, NULL, 1, NULL, NULL, '2022-06-01 15:39:28', '20'),
(1296, 'Tiết mi', 'Thismia tentaculata', 0, 32, 0, '', '', '', '', '', NULL, NULL, NULL, NULL, 1, NULL, NULL, '2022-06-01 15:39:27', '20'),
(1297, 'Song đinh việt nam', 'Diplopanax vietnamensis', 0, 99, 0, '', '', '', '', '', NULL, NULL, NULL, NULL, 1, NULL, NULL, '2021-11-29 16:07:16', '20'),
(1298, 'Chuột voi đồi', 'Hylomys suillus (Müller, 1839)', 1, 192, 0, '', '', '', '', '', NULL, NULL, NULL, NULL, 1, NULL, NULL, NULL, NULL),
(1299, 'Chuột chũi', 'Euroscaptor sp.', 1, 256, 0, '', '', '', '', '', NULL, NULL, NULL, NULL, 1, NULL, NULL, NULL, NULL),
(1300, 'Chuột chù đuôi đen', 'Crocidura attenuata Milne-Edwards, 1872', 1, 250, 0, '', '', '', '', '', NULL, NULL, NULL, NULL, 1, NULL, NULL, NULL, NULL),
(1301, 'Đồi', 'Tupaia glis (Diard,1820)', 1, 262, 0, '', '', '', '', '', NULL, NULL, NULL, NULL, 1, NULL, NULL, NULL, NULL),
(1302, 'Chồn dơi', 'Cynocephalus variegatus (Audebert,1799)', 1, 187, 0, '', '', '', '', '', NULL, '24', NULL, NULL, 1, NULL, NULL, NULL, NULL),
(1303, 'Dơi chó ấn', 'Cynopterus sphinx (Vahl, 1797)', 1, 237, 0, '', '', '', '', '', NULL, NULL, NULL, NULL, 1, NULL, NULL, NULL, NULL),
(1304, 'Dơi ăn mật hoa lớn', 'Macroglosus subrinus (K. Andersen, 1911)', 1, 237, 0, '', '', '', '', '', NULL, NULL, NULL, NULL, 1, NULL, NULL, NULL, NULL),
(1305, 'Dơi quả lưỡi dài', 'Eonycteris spelaea (Dobson, 1871)', 1, 237, 0, '', '', '', '', '', NULL, NULL, NULL, NULL, 1, NULL, NULL, NULL, NULL),
(1306, 'Dơi quả không đuôi lớn', 'Megaerops niphanae(Yenbutra and Felten, 1983)', 1, 237, 0, '', '', '', '', '', NULL, NULL, NULL, NULL, 1, NULL, NULL, NULL, NULL),
(1307, 'Dơi quả núi cao', 'Sphaerias blanfordi (Thomas, 1891)', 1, 237, 0, '', '', '', '', '', NULL, NULL, NULL, NULL, 1, NULL, NULL, NULL, NULL),
(1308, 'Dơi ma bắc', 'Megaderma lyra (E. Geoffroy, 1810)', 1, 213, 0, '', '', '', '', '', NULL, NULL, NULL, NULL, 1, NULL, NULL, NULL, NULL),
(1309, 'Dơi lá đuôi', 'Rhinolophus affinis (Horsfield, 1823)', 1, 243, 0, '', '', '', '', '', NULL, NULL, NULL, NULL, 1, NULL, NULL, NULL, NULL),
(1310, 'Dơi lá mũi nhỏ', 'Rhinolophus pusillus (Temmicki, 1834)', 1, 243, 0, '', '', '', '', '', NULL, NULL, NULL, NULL, 1, NULL, NULL, NULL, NULL),
(1311, 'Dơi lá mũi ô-gút', 'Rhinolophus cf. Pusillus (Blyth, 1844)', 1, 243, 0, '', '', '', '', '', NULL, NULL, NULL, NULL, 1, NULL, NULL, NULL, NULL),
(1312, 'Dơi lá tai dài', 'Rhinolophus macrotis Blyth, 1844', 1, 243, 0, '', '', '', '', '', NULL, NULL, NULL, NULL, 1, NULL, NULL, NULL, NULL),
(1313, 'Dơi lá péc-xôn', 'Rhinolophus pearsonii Horsfield, 1851', 1, 243, 0, '', '', '', '', '', NULL, NULL, NULL, NULL, 1, NULL, NULL, NULL, NULL),
(1314, 'Dơi lá nam á', 'Rhinolophus cf.microglobosus Csorba and Jenkins, 1998', 1, 243, 0, '', '', '', '', '', NULL, NULL, NULL, NULL, 1, NULL, NULL, NULL, NULL),
(1315, 'Dơi lá quạt', 'Rhinolophus paradoxolophus (Bourret, 1951)', 1, 243, 0, '', '', '', '', '', NULL, NULL, NULL, NULL, 1, NULL, NULL, NULL, NULL),
(1316, 'Dơi lá tô-ma', 'Rhinolophus thomasi (K. Andersen, 1905)', 1, 243, 0, '', '', '', '', '', NULL, '25', NULL, NULL, 1, NULL, NULL, NULL, NULL),
(1317, 'Dơi nếp mũi quạ', 'Hipposideros armiger (Hodgson, 1835)', 1, 203, 0, '', '', '', '', '', NULL, NULL, NULL, NULL, 1, NULL, NULL, NULL, NULL),
(1318, 'Dơi nếp mũi lông đen', 'Hipposideros cineraceus Blyth, 1853', 1, 203, 0, '', '', '', '', '', NULL, NULL, NULL, NULL, 1, NULL, NULL, NULL, NULL),
(1319, 'Dơi nếp mũi xám', 'Hipposideros larvatus (Horsfield, 1823)', 1, 203, 0, '', '', '', '', '', NULL, NULL, NULL, NULL, 1, NULL, NULL, NULL, NULL),
(1320, 'Dơi nếp mũi xinh', 'Hipposideros pomona K.Adersen, 1918', 1, 203, 0, '', '', '', '', '', NULL, NULL, NULL, NULL, 1, NULL, NULL, NULL, NULL),
(1321, 'Dơi nếp mũi ba lá', 'Aselliscus stoliczkanus (Dobson, 1871)', 1, 203, 0, '', '', '', '', '', NULL, NULL, NULL, NULL, 1, NULL, NULL, NULL, NULL),
(1322, 'Dơi tai sọ cao', 'Myotis siligorensis (Horsfield, 1855)', 1, 266, 0, '', '', '', '', '', NULL, NULL, NULL, NULL, 1, NULL, NULL, NULL, NULL),
(1323, 'Dơi mũi ống tai tròn', 'Murina cyclotis (Dobson, 1872)', 1, 266, 0, '', '', '', '', '', NULL, NULL, NULL, NULL, 1, NULL, NULL, NULL, NULL),
(1324, 'Dơi mũi ống lông chân', 'Murina tubinaris (Scully, 1881)', 1, 266, 0, '', '', '', '', '', NULL, NULL, NULL, NULL, 1, NULL, NULL, NULL, NULL),
(1325, 'Dơi muỗi sọ nhỏ', 'Pipistrellus paterculus (Thomas, 1915)', 1, 266, 0, '', '', '', '', '', '26', NULL, NULL, NULL, 1, NULL, NULL, NULL, NULL),
(1326, 'Dơi', 'Pipistrellus sp.', 1, 266, 0, '', '', '', '', '', NULL, NULL, NULL, NULL, 1, NULL, NULL, NULL, NULL),
(1327, 'Dơi', 'Myotis muricola', 1, 266, 0, '', '', '', '', '', NULL, NULL, NULL, NULL, 1, NULL, NULL, NULL, NULL),
(1328, 'Dơi chân đệm thịt', 'Tylonycteris pachypus (Temminck, 1840)', 1, 266, 0, '', '', '', '', '', NULL, NULL, NULL, NULL, 1, NULL, NULL, NULL, NULL),
(1329, 'Dơi mũi ống', 'Murina sp.', 1, 266, 0, '', '', '', '', '', NULL, NULL, NULL, NULL, 1, NULL, NULL, NULL, NULL),
(1330, 'Dơi mũi ống', 'Murina beelzebub (Son, Furey, Csorba, 2011)', 1, 266, 0, '', '', '', '', '', NULL, NULL, NULL, NULL, 1, NULL, NULL, NULL, NULL),
(1331, 'Dơi mũi nhẵn', 'Kerivoula sp', 1, 266, 0, '', '', '', '', '', NULL, NULL, NULL, NULL, 1, NULL, NULL, NULL, NULL),
(1332, 'Dơi mũi nhẵn lớn', 'Kerivoula titania Bates, (Struebig, Hayes, Furey, Mya, Thong, Son, Harrison, Csorba, Francis, 2007)', 1, 266, 0, '', '', '', '', '', NULL, NULL, NULL, NULL, 1, NULL, NULL, NULL, NULL),
(1333, 'Cu li lớn', 'Nycticebus coucang (Boddaert, 1875)', 1, 210, 0, '', '', '', '', '', '25', '25', '41', NULL, 1, NULL, NULL, NULL, NULL),
(1334, 'Cu li nhỏ', 'Nycticebus pygmaeus (Bonhote, 1907)', 1, 210, 0, '', '', '', '', '', '4', '25', '41', '41', 1, NULL, NULL, '2023-08-02 09:40:30', '20'),
(1335, 'Khỉ đuôi lợn', 'Macaca nemestrina (Linnaeus, 1767)', 1, 174, 0, '', '', '', '', '', '5', '25', '42', NULL, 1, NULL, NULL, '2023-08-02 10:33:26', '20'),
(1336, 'Khỉ vàng', 'Macaca mulatta (Zimmermann, 1870)', 1, 174, 0, '', '', '', '', '', '0', '26', '42', NULL, 1, NULL, NULL, '2023-08-02 10:37:08', '20'),
(1337, 'Khỉ mặt đỏ', 'Macaca arctoides (Geoffroy, 1831)', 1, 174, 0, '', '', '', '', '', '5', '25', '42', NULL, 1, NULL, NULL, '2023-08-02 10:35:05', '20'),
(1338, 'Chà vá chân nâu', 'Pygathrix nemaeus  (Linnaeus, 1771)', 1, 174, 0, '', '', '', '', '', '3', '24', '41', NULL, 1, NULL, NULL, '2023-08-02 09:26:54', '20'),
(1339, 'Voọc Hà Tĩnh', 'Trachypithecus laotum hatinhensis (Dao 1970)', 1, 174, 0, '', '', '', '', '', '4', '24', '41', NULL, 1, NULL, NULL, '2023-08-02 15:09:12', '20'),
(1340, 'Vượn đen má trắng', 'Hylobates concolor leucogenys (Ogiby, 1840)', 1, 205, 0, '', '', '', '', '', '24', '24', '41', NULL, 1, NULL, NULL, NULL, NULL),
(1341, 'Vượn siki', 'Nomascus siki', 1, 205, 0, '', '', '', '', '', '24', '24', '41', NULL, 1, NULL, NULL, NULL, NULL),
(1342, 'Sói đỏ', 'Cuon alpinus (Pallas, 1811)     ', 1, 172, 0, '', '', '', '', '', '24', '24', '41', NULL, 1, NULL, NULL, NULL, NULL),
(1343, 'Gấu ngựa', 'Ursus thibetanus (G. Cuvier, 1823)     ', 1, 264, 0, '', '', '', '', '', '25', '24', '41', NULL, 1, NULL, NULL, NULL, NULL),
(1344, 'Gấu chó', 'Ursus malayanus (Raffles, 1821)', 1, 264, 0, '', '', '', '', '', '25', '24', '41', NULL, 1, NULL, NULL, NULL, NULL),
(1345, 'Chồn vàng', 'Martes flavigula (Boddaert, 1785)', 1, 222, 0, '', '', '', '', '', '0', '0', '0', NULL, 1, NULL, NULL, '2023-08-02 09:31:26', '20'),
(1346, 'Chồn bạc má bắc', 'Melogale moschata(Gray, 1831)', 1, 222, 0, '', '', '', '', '', NULL, NULL, NULL, NULL, 1, NULL, NULL, NULL, NULL),
(1347, 'Chồn bạc má nam', 'Melogale personata(Gray, 1831)', 1, 222, 0, '', '', '', '', '', '0', '0', '0', NULL, 1, NULL, NULL, '2023-08-02 09:29:25', '20'),
(1348, 'Triết bụng vàng', 'Mustela kathiah (Hodgson, Jour. As. Soc. Beng. IV. P. 702)', 1, 222, 0, '', '', '', '', '', '25', '25', NULL, NULL, 1, NULL, NULL, NULL, NULL),
(1349, 'Lửng lợn', 'Arctonyx collaris  (F. Cuvier, 1825)        ', 1, 222, 0, '', '', '', '', '', NULL, NULL, NULL, NULL, 1, NULL, NULL, NULL, NULL),
(1350, 'Rái cá vuốt bé', 'Aonyx cinerea (Illiger, 1815)    ', 1, 222, 0, '', '', '', '', '', '25', '25', '41', NULL, 1, NULL, NULL, NULL, NULL),
(1351, 'Rái cá thường', 'Lutra lutra (Linnaeus,1758)', 1, 222, 0, '', '', '', '', '', '8', '25', '41', NULL, 1, NULL, NULL, '2023-08-02 14:12:58', '20'),
(1352, 'Cầy giông', 'Viverra zibetha (Linnaeus,1758)', 1, 268, 0, '', '', '', '', '', '0', '0', '42', NULL, 1, NULL, NULL, '2023-08-02 09:13:39', '20'),
(1353, 'Cầy hương', 'Viverricula indica (Desmares, 1817) ', 1, 268, 0, '', '', '', '', '', NULL, NULL, '42', NULL, 1, NULL, NULL, NULL, NULL),
(1354, 'Cầy tai trắng', 'Arctogalidia trivirgata(Grey,1832)', 1, 268, 0, '', '', '', '', '', '26', '26', '42', NULL, 1, NULL, NULL, NULL, NULL),
(1355, 'Cầy vòi mốc', 'Paguma larvata(H.Smith, 1827)', 1, 268, 0, '', '', '', '', '', '0', '0', '42', NULL, 1, NULL, NULL, '2023-08-02 09:24:56', '20'),
(1356, 'Cầy vòi đốm', 'Paradoxurut hermaphroditus        (Pallas, 1777)', 1, 268, 0, '', '', '', '', '', '0', '0', '42', NULL, 1, NULL, NULL, '2023-08-02 09:19:47', '20'),
(1357, 'Cầy gấm', 'Prionodon pardicolor (Hodgson, 1842)', 1, 268, 0, '', '', '', '', '', '0', '25', '41', NULL, 1, NULL, NULL, '2023-08-02 09:10:57', '20'),
(1358, 'Cầy mực', 'Arctictis binturong(Raffles, 1821)', 1, 268, 0, '', '', '', '', '', '25', '24', '41', NULL, 1, NULL, NULL, NULL, NULL),
(1359, 'Cầy vằn bắc', 'Chrotogale owstoni(Thomas, 1912)', 1, 268, 0, '', '', '', '', '', '25', '25', '42', NULL, 1, NULL, NULL, NULL, NULL),
(1360, 'Cầy lỏn', 'Herpestes javanicus(Geoffroy 1818)', 1, 202, 0, '', '', '', '', '', NULL, NULL, NULL, NULL, 1, NULL, NULL, NULL, NULL),
(1361, 'Cầy móc cua', 'Herspestes urva( Hogdson, 1836)', 1, 202, 0, '', '', '', '', '', '0', '0', '0', NULL, 1, NULL, NULL, '2023-08-02 09:16:31', '20'),
(1362, 'Mèo rừng', 'Prionailurus bengalensis (Kerr, 1792) ', 1, 196, 0, '', '', '', '', '', '0', '0', '42', NULL, 1, NULL, NULL, '2023-08-02 14:10:14', '20'),
(1363, 'Beo lửa', 'Catopuma temminckii (Vigors et Horsfield,1827)', 1, 196, 0, '', '', '', '', '', '29', '24', '41', NULL, 1, NULL, NULL, NULL, NULL),
(1364, 'Mèo gấm', 'Pardofelis marmorata( Martin, 1837)', 1, 196, 0, '', '', '', '', '', '25', '25', '41', NULL, 1, NULL, NULL, NULL, NULL),
(1365, 'Báo gấm', 'Pardofelis nebulosa (Griffithi,1821)', 1, 196, 0, '', '', '', '', '', '25', '24', '41', NULL, 1, NULL, NULL, NULL, NULL),
(1366, 'Báo hoa mai', 'Panthera pardus (Linnaeus,1758)', 1, 196, 0, '', '', '', '', '', '25', '24', '41', NULL, 1, NULL, NULL, NULL, NULL),
(1367, 'Hổ', 'Panthera tigris (Linnaeus,1758)', 1, 196, 0, '', '', '', '', '', '24', '23', '41', NULL, 1, NULL, NULL, NULL, NULL),
(1368, 'Lợn rừng', 'Sus scrofa( Linnaeus,1758)', 1, 253, 0, '', '', '', '', '', NULL, NULL, NULL, NULL, 1, NULL, NULL, NULL, NULL),
(1369, 'Cheo cheo java ', 'Tragulus javanicus (Osbeck, 1765)', 1, 259, 0, '', '', '', '', '', NULL, '25', '42', NULL, 1, NULL, NULL, NULL, NULL),
(1370, 'Nai', 'Cervus unicolor (Kerr,1792)', 1, 175, 0, '', '', '', '', '', '25', '25', '42', NULL, 1, NULL, NULL, NULL, NULL),
(1371, 'Mang (Hoẵng)', 'Muntiacus muntjak (Zimmermann,1780)', 1, 175, 0, '', '', '', '', '', NULL, NULL, NULL, NULL, 1, NULL, NULL, NULL, NULL),
(1372, 'Mang lớn', 'Megamuntiacus vuquangensis(Do Tuoc at al., 1994)', 1, 175, 0, '', '', '', '', '', '24', '25', '41', NULL, 1, NULL, NULL, NULL, NULL),
(1373, 'Mang Trường Sơn', 'Muntiacus truongsonensis', 1, 175, 0, '', '', '', '', '', '0', '25', '41', '41', 1, NULL, NULL, '2023-08-02 14:07:51', '20'),
(1374, 'Bò tót', 'Bos gaurus Smith, 1827', 1, 170, 0, '', '', '', '', '', '25', '24', '41', NULL, 1, NULL, NULL, NULL, NULL),
(1375, 'Sơn dương', 'Capricornis sumatraensis (Bechstein, 1799)', 1, 170, 0, '', '', '', '', '', '5', '24', '41', NULL, 1, NULL, NULL, '2023-08-02 14:58:09', '20'),
(1376, 'Sao la', 'Pseudoryx nghetinhensis (Dung et al., 1993)', 1, 170, 0, '', '', '', '', '', '23', '24', '41', NULL, 1, NULL, NULL, NULL, NULL),
(1377, 'Tê tê Java', 'Manis javanica (Desmarest 1822)', 1, 211, 0, '', '', '', '', '', '3', '24', '41', NULL, 1, NULL, NULL, '2023-08-02 15:00:38', '20'),
(1378, 'Tê tê vàng', 'Manis pentadactyla (Linnaeus,1758)', 1, 211, 0, '', '', '', '', '', '26', '24', '41', NULL, 1, NULL, NULL, NULL, NULL),
(1379, 'Sóc đen', 'Ratufa bicolor (Sparrmann, 1778)', 1, 236, 0, '', '', '', '', '', '0', '25', '42', NULL, 1, NULL, NULL, '2023-08-02 14:53:52', '20'),
(1380, 'Sóc bay', 'Hylopetes sp.', 1, 236, 0, '', '', '', '', '', NULL, NULL, NULL, NULL, 1, NULL, NULL, NULL, NULL),
(1381, 'Sóc bụng đỏ', 'Callosciurus erythraeus (Pallas, 1779)', 1, 236, 0, '', '', '', '', '', '0', '0', '0', NULL, 1, NULL, NULL, '2023-06-20 16:29:50', '20'),
(1382, 'Sóc bụng xám', 'Callosciurus inornatus(Gray, 1867)', 1, 236, 0, '', '', '', '', '', NULL, NULL, NULL, NULL, 1, NULL, NULL, NULL, NULL),
(1383, 'Sóc má đào, Sóc mõm hung', 'Dremomys rufigenis (Blanford, 1878)', 1, 236, 0, '', '', '', '', '', NULL, NULL, NULL, NULL, 1, NULL, NULL, NULL, NULL),
(1384, 'Sóc chuột Hải Nam', 'Tamiops maritimus (Bonhote, 1900)', 1, 236, 0, '', '', '', '', '', NULL, NULL, NULL, NULL, 1, NULL, NULL, NULL, NULL),
(1385, 'Sóc vằn lưng', 'Menetes berdmorei (Blyth, 1849)', 1, 236, 0, '', '', '', '', '', NULL, NULL, NULL, NULL, 1, NULL, NULL, NULL, NULL),
(1386, 'Sóc chân vàng', 'Callosciurus flavimanus (Geoffroy, 1831)', 1, 236, 0, '', '', '', '', '', NULL, NULL, NULL, NULL, 1, NULL, NULL, NULL, NULL),
(1387, 'Sóc chuột lửa', 'Tamiops rodoilphei  (Milne-Edwwards, 1867)', 1, 236, 0, '', '', '', '', '', NULL, NULL, NULL, NULL, 1, NULL, NULL, NULL, NULL),
(1388, 'Sóc bay lớn', 'Petaurista philippensis (Ellios, 1839)', 1, 236, 0, '', '', '', '', '', '0', '25', '42', NULL, 1, NULL, NULL, '2023-08-02 14:51:51', '20'),
(1389, 'Dúi má đào', 'Rhizomys sumatrensis', 1, 245, 0, '', '', '', '', '', NULL, NULL, NULL, NULL, 1, NULL, NULL, NULL, NULL),
(1390, 'Dúi mốc lớn', 'Rhizomys pruinosus (Blyth, 1851)', 1, 245, 0, '', '', '', '', '', NULL, NULL, NULL, NULL, 1, NULL, NULL, NULL, NULL),
(1391, 'Chuột đất lớn ', 'Bandicota indica (Bechstein, 1800)', 1, 220, 0, '', '', '', '', '', NULL, NULL, NULL, NULL, 1, NULL, NULL, NULL, NULL),
(1392, 'Chuột mốc bé ', 'Berylmys cf. berdmorei (Blyth, 1851)', 1, 220, 0, '', '', '', '', '', NULL, NULL, NULL, NULL, 1, NULL, NULL, NULL, NULL),
(1393, 'Chuột mốc lớn ', 'Berylmys cf. bowersi (Anderson, 1879)', 1, 220, 0, '', '', '', '', '', NULL, NULL, NULL, NULL, 1, NULL, NULL, NULL, NULL),
(1394, 'Chuột núi đuôi dài ', 'Leopoldamys cf. sabanus (Thomas, 1887)', 1, 220, 0, '', '', '', '', '', NULL, NULL, NULL, NULL, 1, NULL, NULL, NULL, NULL),
(1395, 'Chuột su-ri ', 'Maxomys surifer  (Miller, 1900)', 1, 220, 0, '', '', '', '', '', NULL, NULL, NULL, NULL, 1, NULL, NULL, NULL, NULL),
(1396, 'Chuột nhắt ', 'Mus pahari', 1, 220, 0, '', '', '', '', '', NULL, NULL, NULL, NULL, 1, NULL, NULL, NULL, NULL),
(1397, 'Chuột hươu bé ', 'Niviventer cf. fulvescens (Gray, 1847)', 1, 220, 0, '', '', '', '', '', NULL, NULL, NULL, NULL, 1, NULL, NULL, NULL, NULL),
(1398, 'Chuột lang-bi-an ', 'Niviventer cf. langbianis (Robinson et Kloss, 1922)', 1, 220, 0, '', '', '', '', '', NULL, NULL, NULL, NULL, 1, NULL, NULL, NULL, NULL),
(1399, 'Chuột núi đông dương ', 'Niviventer cf. tenaster  (Thomas, 1916 )', 1, 220, 0, '', '', '', '', '', NULL, NULL, NULL, NULL, 1, NULL, NULL, NULL, NULL),
(1400, 'Chuột lắt', 'Rattus exulans (Peale. 1848)', 1, 220, 0, '', '', '', '', '', NULL, NULL, NULL, NULL, 1, NULL, NULL, NULL, NULL),
(1401, 'Chuột', 'Rattus nitidus', 1, 220, 0, '', '', '', '', '', NULL, NULL, NULL, NULL, 1, NULL, NULL, NULL, NULL),
(1402, 'Chuột', 'Rattus sp sp.', 1, 220, 0, '', '', '', '', '', NULL, NULL, NULL, NULL, 1, NULL, NULL, NULL, NULL),
(1403, 'Nhím đuôi ngắn', 'Hystrix brachyurus (Linnaeus, 1758)', 1, 206, 0, '', '', '', '', '', NULL, NULL, NULL, NULL, 1, NULL, NULL, NULL, NULL),
(1404, 'Đon', 'Atherurus macrourus (Linnaeus, 1758)', 1, 206, 0, '', '', '', '', '', '0', '0', '0', NULL, 1, NULL, NULL, '2023-08-02 09:48:55', '20'),
(1405, 'Thỏ xám ', 'Lepus peguensis', 1, 209, 0, '', '', '', '', '', NULL, NULL, NULL, NULL, 1, NULL, NULL, NULL, NULL),
(1406, 'Thỏ nâu', 'Lepus nigricollis( Cuvier,1823)', 1, 209, 0, '', '', '', '', '', NULL, NULL, NULL, NULL, 1, NULL, NULL, NULL, NULL),
(1407, 'Thỏ vằn', 'Nesolagus timminsi(Averianov,Abranov,Tikhonov, 2000)', 1, 209, 0, '', '', '', '', '', '4', '24', '41', NULL, 1, NULL, NULL, '2023-08-02 15:04:57', '20'),
(1408, 'Đa đa (gà gô)', 'Francolinus pintadeanus', 1, 230, 0, '', '', '', '', '', NULL, NULL, NULL, NULL, 1, NULL, NULL, NULL, NULL),
(1409, 'Gà so ngực gụ', 'Arborophila brunneopectus', 1, 230, 0, '', '', '', '', '', '0', '26', '42', NULL, 1, NULL, NULL, '2023-08-02 10:17:30', '20'),
(1410, 'Gà so họng trắng', 'A. chloropus', 1, 230, 0, '', '', '', '', '', '0', '0', '42', NULL, 1, NULL, NULL, '2023-08-02 10:15:17', '20'),
(1411, 'Gà so Trung bộ', 'A. charltonii', 1, 230, 0, '', '', '', '', '', NULL, NULL, '42', NULL, 1, NULL, NULL, NULL, NULL),
(1412, 'Gà rừng', 'Gallus gallus', 1, 230, 0, '', '', '', '', '', '0', '0', '0', NULL, 1, NULL, NULL, '2023-06-20 16:01:12', '20'),
(1413, 'Gà lôi trắng', 'Lophura nycthemera', 1, 230, 0, '', '', '', '', '', '0', '26', '41', NULL, 1, NULL, NULL, '2023-08-02 10:04:46', '20'),
(1414, 'Gà lôi lam mào trắng', 'L. edwardsi', 1, 230, 0, '', '', '', '', '', '23', '24', '41', NULL, 1, NULL, NULL, NULL, NULL),
(1415, 'Gà lôi hông tía', 'Lophura diardi (Bonaparte, 1856)', 1, 230, 0, '', '', '', '', '', '0', '25', '42', NULL, 1, NULL, NULL, '2023-08-02 10:01:30', '20'),
(1416, 'Gà tiền mặt vàng', 'Polyplectron bicalcaratum', 1, 230, 0, '', '', '', '', '', NULL, NULL, '41', NULL, 1, NULL, NULL, NULL, NULL),
(1417, 'Trĩ sao', 'Rheinardia ocellata', 1, 230, 0, '', '', '', '', '', '29', '25', '41', NULL, 1, NULL, NULL, NULL, NULL),
(1418, 'Cò lửa lùn', 'Ixobrychus sinensis', 1, 165, 0, '', '', '', '', '', NULL, NULL, NULL, NULL, 1, NULL, NULL, NULL, NULL),
(1419, 'Cò hương', 'Dupetor flavicollis', 1, 165, 0, '', '', '', '', '', NULL, NULL, NULL, NULL, 1, NULL, NULL, NULL, NULL),
(1420, 'Cò xanh', 'Butorides striata', 1, 165, 0, '', '', '', '', '', NULL, NULL, NULL, NULL, 1, NULL, NULL, NULL, NULL),
(1421, 'Cò bợ', 'Ardeola bacchus', 1, 165, 0, '', '', '', '', '', NULL, NULL, NULL, NULL, 1, NULL, NULL, NULL, NULL),
(1422, 'Cắt nhỏ bụng trắng', 'Microhierax melanoleucos', 1, 195, 0, '', '', '', '', '', NULL, NULL, NULL, NULL, 1, NULL, NULL, NULL, NULL),
(1423, 'Diều ăn Ong', 'Pernis ptilorhynchus', 1, 159, 0, '', '', '', '', '', NULL, NULL, NULL, NULL, 1, NULL, NULL, NULL, NULL),
(1424, 'Diều cá bé', 'Ichthyophaga humilis', 1, 159, 0, '', '', '', '', '', '29', '25', NULL, NULL, 1, NULL, NULL, NULL, NULL),
(1425, 'Diều hoa Miến Điện', 'Spilornis cheela', 1, 159, 0, '', '', '', '', '', '0', '0', '42', NULL, 1, NULL, NULL, '2023-08-02 09:58:14', '20'),
(1426, 'Ưng xám', 'Accipiter trivirgatus', 1, 159, 0, '', '', '', '', '', NULL, NULL, NULL, NULL, 1, NULL, NULL, NULL, NULL),
(1427, 'Ưng Ấn Độ', 'A. badius', 1, 159, 0, '', '', '', '', '', '0', '0', '42', NULL, 1, NULL, NULL, '2023-08-02 15:06:48', '20'),
(1428, 'Ưng', 'A. gularis', 1, 159, 0, '', '', '', '', '', NULL, NULL, NULL, NULL, 1, NULL, NULL, NULL, NULL),
(1429, 'Diều Ân Độ', 'Butastur indicus', 1, 159, 0, '', '', '', '', '', NULL, NULL, NULL, NULL, 1, NULL, NULL, NULL, NULL),
(1430, 'Đại bàng Mã Lai', 'Ictinaetus malayensis', 1, 159, 0, '', '', '', '', '', '0', '0', '42', NULL, 1, NULL, NULL, '2023-08-02 09:45:55', '20'),
(1431, 'Đại bàng bụng hung', 'Hieraaetus kienerii', 1, 159, 0, '', '', '', '', '', NULL, NULL, NULL, NULL, 1, NULL, NULL, NULL, NULL),
(1432, 'Diều núi', 'S. nipalensis', 1, 159, 0, '', '', '', '', '', NULL, NULL, NULL, NULL, 1, NULL, NULL, NULL, NULL),
(1433, 'Cuốc ngực trắng', 'Amaurornis phoenicurus', 1, 240, 0, '', '', '', '', '', NULL, NULL, NULL, NULL, 1, NULL, NULL, NULL, NULL),
(1434, 'Cun cút lưng nâu', 'Turnix suscitator', 1, 263, 0, '', '', '', '', '', NULL, NULL, NULL, NULL, 1, NULL, NULL, NULL, NULL),
(1435, 'Rẽ gà', 'Scolopax rusticola', 1, 247, 0, '', '', '', '', '', NULL, NULL, NULL, NULL, 1, NULL, NULL, NULL, NULL),
(1436, 'Cu ngói', 'Streptopelia tranquebarica', 1, 183, 0, '', '', '', '', '', NULL, NULL, NULL, NULL, 1, NULL, NULL, NULL, NULL),
(1437, 'Cu sen', 'Streptopelia orientalis', 1, 183, 0, '', '', '', '', '', NULL, NULL, NULL, NULL, 1, NULL, NULL, NULL, NULL),
(1438, 'Cu gáy', 'Streptopelia chinensis', 1, 183, 0, '', '', '', '', '', NULL, NULL, NULL, NULL, 1, NULL, NULL, NULL, NULL),
(1439, 'Cu luồng', 'Chalcophaps indica', 1, 183, 0, '', '', '', '', '', NULL, NULL, NULL, NULL, 1, NULL, NULL, NULL, NULL),
(1440, 'Gầm ghì vằn', 'Macropygia unchall', 1, 183, 0, '', '', '', '', '', NULL, NULL, NULL, NULL, 1, NULL, NULL, NULL, NULL),
(1441, 'Cu xanh khoang cổ', 'Treron  bicinctus', 1, 183, 0, '', '', '', '', '', NULL, NULL, NULL, NULL, 1, NULL, NULL, NULL, NULL),
(1442, 'Cu xanh mỏ quặp', 'Treron curvirostra', 1, 183, 0, '', '', '', '', '', NULL, NULL, NULL, NULL, 1, NULL, NULL, NULL, NULL),
(1443, 'Cu xanh đuôi nhọn', 'Treron apicauda', 1, 183, 0, '', '', '', '', '', NULL, NULL, NULL, NULL, 1, NULL, NULL, NULL, NULL),
(1444, 'Gầm ghì lưng nâu', 'Ducula badia', 1, 183, 0, '', '', '', '', '', '0', '0', '0', NULL, 1, NULL, NULL, '2023-06-20 16:20:09', '20'),
(1445, 'Vẹt lùn', 'Loriculus vernalis', 1, 235, 0, '', '', '', '', '', NULL, NULL, '42', NULL, 1, NULL, NULL, NULL, NULL),
(1446, 'Chèo chẹo lớn', 'Cuculus sparverioides', 1, 186, 0, '', '', '', '', '', NULL, NULL, NULL, NULL, 1, NULL, NULL, NULL, NULL),
(1447, 'Bắt cô trói cột', 'Cuculus micropterus', 1, 186, 0, '', '', '', '', '', NULL, NULL, NULL, NULL, 1, NULL, NULL, NULL, NULL),
(1448, 'Tìm vịt', 'Cacomantis merulinus', 1, 186, 0, '', '', '', '', '', NULL, NULL, NULL, NULL, 1, NULL, NULL, NULL, NULL),
(1449, 'Cu cu đen', 'Surniculus lugubris', 1, 186, 0, '', '', '', '', '', NULL, NULL, NULL, NULL, 1, NULL, NULL, NULL, NULL),
(1450, 'Tu hú', 'Eudynamys scolopaceus', 1, 186, 0, '', '', '', '', '', NULL, NULL, NULL, NULL, 1, NULL, NULL, NULL, NULL),
(1451, 'Phướn nhỏ', 'Phaenicophaeus tristis', 1, 186, 0, '', '', '', '', '', NULL, NULL, NULL, NULL, 1, NULL, NULL, NULL, NULL),
(1452, 'Phướn đất', 'Carprococcyx renauldi', 1, 186, 0, '', '', '', '', '', NULL, '25', NULL, NULL, 1, NULL, NULL, NULL, NULL),
(1453, 'Bìm bịp lớn', 'Centropus sinensis', 1, 173, 0, '', '', '', '', '', '0', '0', '0', NULL, 1, NULL, NULL, '2023-06-20 15:24:04', '20'),
(1454, 'Bìm bịp nhỏ', 'C. bengalensis', 1, 173, 0, '', '', '', '', '', NULL, NULL, NULL, NULL, 1, NULL, NULL, NULL, NULL),
(1455, 'Cú mèo Latusơ', 'Otus spilocephalus', 1, 251, 0, '', '', '', '', '', NULL, NULL, '42', NULL, 1, NULL, NULL, NULL, NULL),
(1456, 'Cú mèo khoang cổ', 'O. bakkamoena', 1, 251, 0, '', '', '', '', '', NULL, NULL, '42', NULL, 1, NULL, NULL, NULL, NULL),
(1457, 'Cú vọ mặt trắng', 'Glaucidium brodiei', 1, 251, 0, '', '', '', '', '', NULL, NULL, '42', NULL, 1, NULL, NULL, NULL, NULL),
(1458, 'Cú vọ', 'Glaucidium cuculoides', 1, 251, 0, '', '', '', '', '', '0', '0', '42', NULL, 1, NULL, NULL, '2023-08-02 09:43:05', '20'),
(1459, 'Yến đuôi cứng bụng trắng', 'Hirundapus cochinchinensis', 1, 164, 0, '', '', '', '', '', NULL, NULL, NULL, NULL, 1, NULL, NULL, NULL, NULL),
(1460, 'Yến cọ', 'Cypsiurus balasiensis', 1, 164, 0, '', '', '', '', '', NULL, NULL, NULL, NULL, 1, NULL, NULL, NULL, NULL),
(1461, 'Yến hông trắng', 'Apus affinis', 1, 164, 0, '', '', '', '', '', NULL, NULL, NULL, NULL, 1, NULL, NULL, NULL, NULL),
(1462, 'Nuốc bụng đỏ', 'Harpactes erythrocephalus', 1, 261, 0, '', '', '', '', '', NULL, NULL, NULL, NULL, 1, NULL, NULL, NULL, NULL),
(1463, 'Yểng quạ', 'Eurystomas orientalis', 1, 184, 0, '', '', '', '', '', NULL, NULL, NULL, NULL, 1, NULL, NULL, NULL, NULL),
(1464, 'Sả hung', 'Halycon coromanda', 1, 201, 0, '', '', '', '', '', NULL, NULL, NULL, NULL, 1, NULL, NULL, NULL, NULL),
(1465, 'Sả đầu đen', 'Halcyon pileata', 1, 201, 0, '', '', '', '', '', NULL, NULL, NULL, NULL, 1, NULL, NULL, NULL, NULL),
(1466, 'Sả đầu nâu', 'Halcyon smyrnensis', 1, 201, 0, '', '', '', '', '', NULL, NULL, NULL, NULL, 1, NULL, NULL, NULL, NULL),
(1467, 'Bồng chanh đỏ', 'Ceyx erythacus', 1, 162, 0, '', '', '', '', '', NULL, NULL, NULL, NULL, 1, NULL, NULL, NULL, NULL),
(1468, 'Bồng chanh rừng', 'Alcedo hercules', 1, 162, 0, '', '', '', '', '', NULL, NULL, NULL, NULL, 1, NULL, NULL, NULL, NULL),
(1469, 'Bồng chanh', 'Alcedo atthis', 1, 162, 0, '', '', '', '', '', NULL, NULL, NULL, NULL, 1, NULL, NULL, NULL, NULL),
(1470, 'Bói cá lớn', 'Megaceryle lugubris', 1, 176, 0, '', '', '', '', '', NULL, '25', NULL, NULL, 1, NULL, NULL, NULL, NULL),
(1471, 'Trảu lớn', 'Nyctyornis athertoni', 1, 216, 0, '', '', '', '', '', NULL, NULL, NULL, NULL, 1, NULL, NULL, NULL, NULL),
(1472, 'Trẩu ngực nâu', 'Merops philippinus', 1, 216, 0, '', '', '', '', '', NULL, NULL, NULL, NULL, 1, NULL, NULL, NULL, NULL),
(1473, 'Niệc nâu', 'Anorrhinus austeni', 1, 157, 0, '', '', '', '', '', '29', '25', '41', NULL, 1, NULL, NULL, NULL, NULL),
(1474, 'Cao cát bụng trắng', 'Anthracoceros albirostris', 1, 157, 0, '', '', '', '', '', NULL, NULL, '42', NULL, 1, NULL, NULL, NULL, NULL),
(1475, 'Hồng hoàng', 'Buceros bicornis', 1, 157, 0, '', '', '', '', '', '0', '25', '41', NULL, 1, NULL, NULL, '2023-08-02 10:18:40', '20'),
(1476, 'Thầy chùa đít đỏ', 'Megalaima lagrandieri', 1, 214, 0, '', '', '', '', '', NULL, NULL, NULL, NULL, 1, NULL, NULL, NULL, NULL),
(1477, 'Cu rốc đầu xám', 'M. lineata', 1, 214, 0, '', '', '', '', '', NULL, NULL, NULL, NULL, 1, NULL, NULL, NULL, NULL),
(1478, 'Thầy chùa đầu xám', 'M. faiostricta', 1, 214, 0, '', '', '', '', '', NULL, NULL, NULL, NULL, 1, NULL, NULL, NULL, NULL),
(1479, 'Cu rốc đầu vàng', 'M. franklinii', 1, 214, 0, '', '', '', '', '', NULL, NULL, NULL, NULL, 1, NULL, NULL, NULL, NULL),
(1480, 'Gõ kiến lùn đầu vàng', 'Picumnus innominatus', 1, 231, 0, '', '', '', '', '', NULL, NULL, NULL, NULL, 1, NULL, NULL, NULL, NULL),
(1481, 'Gõ kiến lùn mày trắng', 'Sasia ochracea', 1, 231, 0, '', '', '', '', '', NULL, NULL, NULL, NULL, 1, NULL, NULL, NULL, NULL),
(1482, 'Rufous Woodpecker (Gõ kiến nâu)', 'Celeus brachyurus', 1, 231, 0, '', '', '', '', '', '1', '24', '41', '42', 1, NULL, NULL, '2024-01-14 23:25:59', '81b0366a-0d23-49c9-70f7-08dbb3fec38d'),
(1483, 'Gõ kiến xanh cánh đỏ', 'Picus chlorolophus', 1, 231, 0, '', '', '', '', '', NULL, NULL, NULL, NULL, 1, NULL, NULL, NULL, NULL),
(1484, 'Gõ kiến xanh gáy vàng', 'Picus flavinucha', 1, 231, 0, '', '', '', '', '', NULL, NULL, NULL, NULL, 1, NULL, NULL, NULL, NULL),
(1485, 'Gõ kiến xanh cổ đỏ', 'Picus rabieri', 1, 231, 0, '', '', '', '', '', '29', NULL, NULL, NULL, 1, NULL, NULL, NULL, NULL),
(1486, 'Gõ kiến nâu cổ đỏ', 'Blythipicus pyrrhotis', 1, 231, 0, '', '', '', '', '', NULL, NULL, NULL, NULL, 1, NULL, NULL, NULL, NULL),
(1487, 'Mỏ rộng xanh', 'Psarisomus dalhousiae', 1, 194, 0, '', '', '', '', '', NULL, NULL, NULL, NULL, 1, NULL, NULL, NULL, NULL),
(1488, ' Mỏ rộng hung', 'Serilophus lunatus', 1, 194, 0, '', '', '', '', '', NULL, NULL, NULL, NULL, 1, NULL, NULL, NULL, NULL),
(1489, 'Đuôi cụt đầu xám', 'Pitta soror', 1, 232, 0, '', '', '', '', '', NULL, NULL, NULL, NULL, 1, NULL, NULL, NULL, NULL),
(1490, 'Đuôi cụt bụng vằn', 'P. elliotii', 1, 232, 0, '', '', '', '', '', NULL, NULL, NULL, NULL, 1, NULL, NULL, NULL, NULL),
(1491, 'Nhạn rừng', 'Artamus fuscus', 1, 166, 0, '', '', '', '', '', '0', '0', '0', NULL, 1, NULL, NULL, '2023-06-20 16:25:29', '20'),
(1492, 'Chim nghệ lớn', 'Aegithina lafresnayei', 1, 160, 0, '', '', '', '', '', NULL, NULL, NULL, NULL, 1, NULL, NULL, NULL, NULL),
(1493, 'Phường chèo nâu', 'Tephrodornis gularis', 1, 158, 0, '', '', '', '', '', NULL, NULL, NULL, NULL, 1, NULL, NULL, NULL, NULL),
(1494, 'Phường chèo xám lớn', 'Coracina macei', 1, 158, 0, '', '', '', '', '', NULL, NULL, NULL, NULL, 1, NULL, NULL, NULL, NULL),
(1495, 'Phường chèo xám', 'C. melaschistos', 1, 158, 0, '', '', '', '', '', NULL, NULL, NULL, NULL, 1, NULL, NULL, NULL, NULL),
(1496, 'Phường chèo nhỏ', 'Pericrocotus divaricatus', 1, 158, 0, '', '', '', '', '', NULL, NULL, NULL, NULL, 1, NULL, NULL, NULL, NULL),
(1497, 'Phường chèo đỏ lớn', 'Pericrocotus flammeus', 1, 158, 0, '', '', '', '', '', NULL, NULL, NULL, NULL, 1, NULL, NULL, NULL, NULL),
(1498, 'Phường chèo đen', 'Hemipus picatus', 1, 158, 0, '', '', '', '', '', NULL, NULL, NULL, NULL, 1, NULL, NULL, NULL, NULL);
INSERT INTO `loai` (`id`, `name`, `nameLatinh`, `loai`, `idHo`, `rPH`, `dacDiem`, `giaTriSuDung`, `phanBo`, `nguonTaiLieu`, `hinhAnh`, `mucDoBaoTonIUCN`, `mucDoBaoTonSDVN`, `mucDoBaoTonNDCP`, `mucDoBaoTonND64CP`, `status`, `createdAt`, `createdBy`, `updatedAt`, `updatedBy`) VALUES
(1499, 'Bách thanh', 'Lanius schach', 1, 208, 0, '', '', '', '', '', NULL, NULL, NULL, NULL, 1, NULL, NULL, NULL, NULL),
(1500, 'Đớp ruồi xanh gáy đen', 'Hypothymis azurea', 1, 218, 0, '', '', '', '', '', NULL, NULL, NULL, NULL, 1, NULL, NULL, NULL, NULL),
(1501, 'Thiên đường đuôi phướn', 'Terpsiphone paradisi', 1, 218, 0, '', '', '', '', '', NULL, NULL, NULL, NULL, 1, NULL, NULL, NULL, NULL),
(1502, 'Tử anh', 'Oriolus  traillii', 1, 225, 0, '', '', '', '', '', NULL, NULL, NULL, NULL, 1, NULL, NULL, NULL, NULL),
(1503, 'Chèo bẻo', 'Dicrurus macrocercus', 1, 190, 0, '', '', '', '', '', '0', '0', '0', NULL, 1, NULL, NULL, '2023-06-20 15:51:20', '20'),
(1504, 'Chèo bẻo xám', 'D. leucophaeus', 1, 190, 0, '', '', '', '', '', NULL, NULL, NULL, NULL, 1, NULL, NULL, NULL, NULL),
(1505, 'Chèo bẻo mỏ quạ', 'D. annectans', 1, 190, 0, '', '', '', '', '', NULL, NULL, NULL, NULL, 1, NULL, NULL, NULL, NULL),
(1506, 'Chèo bẻo rừng', 'D. aeneus', 1, 190, 0, '', '', '', '', '', NULL, NULL, NULL, NULL, 1, NULL, NULL, NULL, NULL),
(1507, 'Chèo bẻo cờ đuôi bằng', 'D. remifer', 1, 190, 0, '', '', '', '', '', NULL, NULL, NULL, NULL, 1, NULL, NULL, NULL, NULL),
(1508, 'Chèo bẻo bờm', 'D. hottenttus', 1, 190, 0, '', '', '', '', '', NULL, NULL, NULL, NULL, 1, NULL, NULL, NULL, NULL),
(1509, 'Chèo bẻo cờ đuôi chẻ', 'D. paradiseus', 1, 190, 0, '', '', '', '', '', NULL, NULL, NULL, NULL, 1, NULL, NULL, NULL, NULL),
(1510, 'Rẻ quạt họng trắng', 'Rhipidura albicollis', 1, 244, 0, '', '', '', '', '', NULL, NULL, NULL, NULL, 1, NULL, NULL, NULL, NULL),
(1511, 'Giẻ cùi vàng', 'Urocissa whiteheadi', 1, 185, 0, '', '', '', '', '', NULL, NULL, NULL, NULL, 1, NULL, NULL, NULL, NULL),
(1512, 'Giẻ cùi bụng vàng', 'Cissa hypoleuca', 1, 185, 0, '', '', '', '', '', NULL, NULL, NULL, NULL, 1, NULL, NULL, NULL, NULL),
(1513, 'Chim khách', 'Crypsirina temia', 1, 185, 0, '', '', '', '', '', NULL, NULL, NULL, NULL, 1, NULL, NULL, NULL, NULL),
(1514, 'Chim khách đuôi cờ', 'Temnurus temnurus', 1, 185, 0, '', '', '', '', '', NULL, NULL, NULL, NULL, 1, NULL, NULL, NULL, NULL),
(1515, 'Quạ đen', 'Corvus macrohynchos', 1, 185, 0, '', '', '', '', '', NULL, NULL, NULL, NULL, 1, NULL, NULL, NULL, NULL),
(1516, 'Chim mào vàng', 'Melanochlora sultanea', 1, 227, 0, '', '', '', '', '', NULL, NULL, NULL, NULL, 1, NULL, NULL, NULL, NULL),
(1517, 'Nhạn bụng trắng', 'Hirundo rustica', 1, 204, 0, '', '', '', '', '', NULL, NULL, NULL, NULL, 1, NULL, NULL, NULL, NULL),
(1518, 'Nhạn bụng xám', 'H. daurica', 1, 204, 0, '', '', '', '', '', NULL, NULL, NULL, NULL, 1, NULL, NULL, NULL, NULL),
(1519, 'Nhạn hông trắng Á Châu', 'Delichon dasypus', 1, 204, 0, '', '', '', '', '', NULL, NULL, NULL, NULL, 1, NULL, NULL, NULL, NULL),
(1520, 'Chiền chiện bụng vàng', 'Prinia flaviventris', 1, 179, 0, '', '', '', '', '', NULL, NULL, NULL, NULL, 1, NULL, NULL, NULL, NULL),
(1521, 'Chiền chiện bụng hung', 'P. inornata', 1, 179, 0, '', '', '', '', '', NULL, NULL, NULL, NULL, 1, NULL, NULL, NULL, NULL),
(1522, 'Chào mào', 'Pycnonotus jocosus', 1, 238, 0, '', '', '', '', '', NULL, NULL, NULL, NULL, 1, NULL, NULL, NULL, NULL),
(1523, 'Bông lau tai trắng', 'P. aurigaster', 1, 238, 0, '', '', '', '', '', NULL, NULL, NULL, NULL, 1, NULL, NULL, NULL, NULL),
(1524, 'Cành cạch nhỏ', 'Iole propinqua', 1, 238, 0, '', '', '', '', '', NULL, NULL, NULL, NULL, 1, NULL, NULL, NULL, NULL),
(1525, 'Cành cạch lớn', 'Alophoixus pallidus', 1, 238, 0, '', '', '', '', '', NULL, NULL, NULL, NULL, 1, NULL, NULL, NULL, NULL),
(1526, 'Cành cạch núi ', 'Hypsipetes mcclellandii', 1, 238, 0, '', '', '', '', '', NULL, NULL, NULL, NULL, 1, NULL, NULL, NULL, NULL),
(1527, 'Cành cạch đen', 'Hypsipetes leucocephalus', 1, 238, 0, '', '', '', '', '', '0', '0', '0', NULL, 1, NULL, NULL, '2023-06-20 15:35:11', '20'),
(1528, 'Chích bông đuôi dài', 'Orthotomus sutorius', 1, 254, 0, '', '', '', '', '', NULL, NULL, NULL, NULL, 1, NULL, NULL, NULL, NULL),
(1529, 'Chích bông cánh vàng', 'O. atrogularis', 1, 254, 0, '', '', '', '', '', NULL, NULL, NULL, NULL, 1, NULL, NULL, NULL, NULL),
(1530, 'Chích Á Châu', 'Urosphena squameiceps', 1, 254, 0, '', '', '', '', '', NULL, NULL, NULL, NULL, 1, NULL, NULL, NULL, NULL),
(1531, 'Chích họng trắng', 'Phylloscopus armandii', 1, 254, 0, '', '', '', '', '', NULL, NULL, NULL, NULL, 1, NULL, NULL, NULL, NULL),
(1532, 'Chích mày vàng', 'P. inornatus', 1, 254, 0, '', '', '', '', '', NULL, NULL, NULL, NULL, 1, NULL, NULL, NULL, NULL),
(1533, 'Chích phương bắc', 'P. borealis', 1, 254, 0, '', '', '', '', '', NULL, NULL, NULL, NULL, 1, NULL, NULL, NULL, NULL),
(1534, 'Chích đuôi xám', 'P. reguloides', 1, 254, 0, '', '', '', '', '', NULL, NULL, NULL, NULL, 1, NULL, NULL, NULL, NULL),
(1535, 'Chích vành khuyên', 'Abroscopus affinis', 1, 254, 0, '', '', '', '', '', NULL, NULL, NULL, NULL, 1, NULL, NULL, NULL, NULL),
(1536, 'Chích đớp ruồi mỏ vàng', 'A. supercilliaris', 1, 254, 0, '', '', '', '', '', NULL, NULL, NULL, NULL, 1, NULL, NULL, NULL, NULL),
(1537, 'Chuối tiêu họng đốm', 'Pellorneum albiventre', 1, 258, 0, '', '', '', '', '', NULL, NULL, NULL, NULL, 1, NULL, NULL, NULL, NULL),
(1538, 'Chuối tiêu ngực đốm', 'P. ruficeps', 1, 258, 0, '', '', '', '', '', NULL, NULL, NULL, NULL, 1, NULL, NULL, NULL, NULL),
(1539, 'Chuối tiêu đất', 'Trichostoma tickelli', 1, 258, 0, '', '', '', '', '', NULL, NULL, NULL, NULL, 1, NULL, NULL, NULL, NULL),
(1540, 'Chuối tiêu đuôi ngắn', 'Malacopteron cinereum', 1, 258, 0, '', '', '', '', '', NULL, NULL, NULL, NULL, 1, NULL, NULL, NULL, NULL),
(1541, 'Họa mi đất mỏ dài', 'Pomatorhinus hypoleucos', 1, 258, 0, '', '', '', '', '', NULL, NULL, NULL, NULL, 1, NULL, NULL, NULL, NULL),
(1542, 'Hoạ mi đất mày trắng', 'P. schisticeps', 1, 258, 0, '', '', '', '', '', NULL, NULL, NULL, NULL, 1, NULL, NULL, NULL, NULL),
(1543, 'Hoạ mi đất ngực luốc', 'P. ruficollis', 1, 258, 0, '', '', '', '', '', NULL, NULL, NULL, NULL, 1, NULL, NULL, NULL, NULL),
(1544, 'Hoạ mi đất mỏ đỏ', 'P. ocharaciceps', 1, 258, 0, '', '', '', '', '', NULL, NULL, NULL, NULL, 1, NULL, NULL, NULL, NULL),
(1545, 'Khướu mỏ dài', 'Jabouilleia danjjoui', 1, 258, 0, '', '', '', '', '', '29', NULL, NULL, NULL, 1, NULL, NULL, NULL, NULL),
(1546, 'Khướu đá đuôi ngắn', 'Napothera brevicaudata', 1, 258, 0, '', '', '', '', '', NULL, NULL, NULL, NULL, 1, NULL, NULL, NULL, NULL),
(1547, 'Khướu đá nhỏ', 'N. epilepidota', 1, 258, 0, '', '', '', '', '', NULL, NULL, NULL, NULL, 1, NULL, NULL, NULL, NULL),
(1548, 'Khướu bụi đầu đỏ', 'Stachyris ruficeps', 1, 258, 0, '', '', '', '', '', NULL, NULL, NULL, NULL, 1, NULL, NULL, NULL, NULL),
(1549, 'Khướu bụi vàng', 'S. chrysea', 1, 258, 0, '', '', '', '', '', NULL, NULL, NULL, NULL, 1, NULL, NULL, NULL, NULL),
(1550, 'Khướu bụi đầu đen', 'S. nigriceps', 1, 258, 0, '', '', '', '', '', NULL, NULL, NULL, NULL, 1, NULL, NULL, NULL, NULL),
(1551, 'Khướu đá nhỏ đốm cổ', 'Stachyris striolata', 1, 258, 0, '', '', '', '', '', NULL, NULL, NULL, NULL, 1, NULL, NULL, NULL, NULL),
(1552, 'Chích chạch má vàng', 'Macronous gularis', 1, 258, 0, '', '', '', '', '', NULL, NULL, NULL, NULL, 1, NULL, NULL, NULL, NULL),
(1553, 'Chích chạch má xám', 'Macronous kelleyi', 1, 258, 0, '', '', '', '', '', NULL, NULL, NULL, NULL, 1, NULL, NULL, NULL, NULL),
(1554, 'Hoạ mi nhỏ', 'Timalia pileata', 1, 258, 0, '', '', '', '', '', NULL, NULL, NULL, NULL, 1, NULL, NULL, NULL, NULL),
(1555, 'Khướu đầu trắng', 'Garrulax leucolophus', 1, 258, 0, '', '', '', '', '', NULL, NULL, '42', NULL, 1, NULL, NULL, NULL, NULL),
(1556, 'Khướu khoang cổ', 'G. monileger', 1, 258, 0, '', '', '', '', '', NULL, NULL, '42', NULL, 1, NULL, NULL, NULL, NULL),
(1557, 'Khướu xám', 'G. maesi', 1, 258, 0, '', '', '', '', '', NULL, NULL, '42', NULL, 1, NULL, NULL, NULL, NULL),
(1558, 'Khướu bạc má', 'G. chinensis', 1, 258, 0, '', '', '', '', '', NULL, NULL, '42', NULL, 1, NULL, NULL, NULL, NULL),
(1559, 'Khướu đầu xám', 'G. vassali', 1, 258, 0, '', '', '', '', '', NULL, NULL, '42', NULL, 1, NULL, NULL, NULL, NULL),
(1560, 'Khướu mỏ quặp mày trắng', 'Pteruthius flaviscapis', 1, 258, 0, '', '', '', '', '', NULL, NULL, NULL, NULL, 1, NULL, NULL, NULL, NULL),
(1561, 'Khướu mỏ quặp tai đen', 'P. melanotis', 1, 258, 0, '', '', '', '', '', NULL, NULL, NULL, NULL, 1, NULL, NULL, NULL, NULL),
(1562, 'Khướu đuôi dài', 'Gampsorhynchus torquatus', 1, 258, 0, '', '', '', '', '', NULL, NULL, NULL, NULL, 1, NULL, NULL, NULL, NULL),
(1563, 'Khướu lùn cánh xanh', 'Minla cyanouroptera', 1, 258, 0, '', '', '', '', '', NULL, NULL, NULL, NULL, 1, NULL, NULL, NULL, NULL),
(1564, 'Lách tác vành mắt', 'Alcippe peracensis', 1, 258, 0, '', '', '', '', '', NULL, NULL, NULL, NULL, 1, NULL, NULL, NULL, NULL),
(1565, 'Lách tách mày đen', 'Alcippe grotei', 1, 258, 0, '', '', '', '', '', NULL, NULL, NULL, NULL, 1, NULL, NULL, NULL, NULL),
(1566, 'Lách tách má xám', 'Alcippe morrisonia', 1, 258, 0, '', '', '', '', '', NULL, NULL, NULL, NULL, 1, NULL, NULL, NULL, NULL),
(1567, 'Khướu mào bụng trắng', 'Yuhina zantholeuca', 1, 258, 0, '', '', '', '', '', NULL, NULL, NULL, NULL, 1, NULL, NULL, NULL, NULL),
(1568, 'Vành khuyên họng vàng', 'Zosterops palpebrosus', 1, 269, 0, '', '', '', '', '', NULL, NULL, NULL, NULL, 1, NULL, NULL, NULL, NULL),
(1569, 'Chim lam', 'Irena puella', 1, 207, 0, '', '', '', '', '', NULL, NULL, NULL, NULL, 1, NULL, NULL, NULL, NULL),
(1570, 'Trèo cây trán đen', 'Sitta frontalis', 1, 249, 0, '', '', '', '', '', NULL, NULL, NULL, NULL, 1, NULL, NULL, NULL, NULL),
(1571, 'Yểng', 'Gracula religiosa', 1, 252, 0, '', '', '', '', '', NULL, NULL, '42', NULL, 1, NULL, NULL, NULL, NULL),
(1572, 'Sáo nâu', 'Acridotheres tristis', 1, 252, 0, '', '', '', '', '', NULL, NULL, NULL, NULL, 1, NULL, NULL, NULL, NULL),
(1573, 'Sáo mỏ vàng', 'A.  cinereus', 1, 252, 0, '', '', '', '', '', NULL, NULL, NULL, NULL, 1, NULL, NULL, NULL, NULL),
(1574, 'Sáo đen', 'A. cristatellus', 1, 252, 0, '', '', '', '', '', NULL, NULL, NULL, NULL, 1, NULL, NULL, NULL, NULL),
(1575, 'Sáo đá Trung Quốc ', 'S. sinensis', 1, 252, 0, '', '', '', '', '', NULL, NULL, NULL, NULL, 1, NULL, NULL, NULL, NULL),
(1576, 'Sáo sậu', 'Sturnus nigricollis', 1, 252, 0, '', '', '', '', '', '0', '0', '0', NULL, 1, NULL, NULL, '2023-06-20 15:28:39', '20'),
(1577, 'Hoét xanh', 'Myophonus caeruleus', 1, 221, 0, '', '', '', '', '', NULL, NULL, NULL, NULL, 1, NULL, NULL, NULL, NULL),
(1578, 'Oanh đuôi đỏ', 'Luscinia sibilans', 1, 221, 0, '', '', '', '', '', NULL, NULL, NULL, NULL, 1, NULL, NULL, NULL, NULL),
(1579, 'Oanh sườn hung', 'Tarsiger cyanurus', 1, 221, 0, '', '', '', '', '', NULL, NULL, NULL, NULL, 1, NULL, NULL, NULL, NULL),
(1580, 'Chích choè', 'Copsychus saularis', 1, 221, 0, '', '', '', '', '', '0', '0', '0', NULL, 1, NULL, NULL, '2023-06-20 15:56:28', '20'),
(1581, 'Chích choè lửa', 'C. malabaricus', 1, 221, 0, '', '', '', '', '', NULL, NULL, NULL, NULL, 1, NULL, NULL, NULL, NULL),
(1582, 'Chích chòe nước trán trắng', 'Enicurus schistaceus', 1, 221, 0, '', '', '', '', '', NULL, NULL, NULL, NULL, 1, NULL, NULL, NULL, NULL),
(1583, 'Chích chòe nước đầu trắng', 'Enicurus leschenaulti', 1, 221, 0, '', '', '', '', '', NULL, NULL, NULL, NULL, 1, NULL, NULL, NULL, NULL),
(1584, 'Sẻ bụi đầu đen', 'Saxicola torquatus', 1, 221, 0, '', '', '', '', '', NULL, NULL, NULL, NULL, 1, NULL, NULL, NULL, NULL),
(1585, 'Sẻ bụi xám', 'Saxicola ferrea', 1, 221, 0, '', '', '', '', '', NULL, NULL, NULL, NULL, 1, NULL, NULL, NULL, NULL),
(1586, 'Hoét đá', 'Monticola solitarius', 1, 221, 0, '', '', '', '', '', NULL, NULL, NULL, NULL, 1, NULL, NULL, NULL, NULL),
(1587, 'Đớp ruồi nâu', 'Muscicapa daurica', 1, 221, 0, '', '', '', '', '', NULL, NULL, NULL, NULL, 1, NULL, NULL, NULL, NULL),
(1588, 'Đớp ruồi Mugi', 'Ficedula mugimaki', 1, 221, 0, '', '', '', '', '', NULL, NULL, NULL, NULL, 1, NULL, NULL, NULL, NULL),
(1589, 'Đớp ruồi họng đỏ', 'F. parva', 1, 221, 0, '', '', '', '', '', NULL, NULL, NULL, NULL, 1, NULL, NULL, NULL, NULL),
(1590, 'Đớp ruồi họng trắng', 'F. monileger', 1, 221, 0, '', '', '', '', '', NULL, NULL, NULL, NULL, 1, NULL, NULL, NULL, NULL),
(1591, 'Đớp ruồi xanh xám', 'Eumyias thalassina', 1, 221, 0, '', '', '', '', '', NULL, NULL, NULL, NULL, 1, NULL, NULL, NULL, NULL),
(1592, 'Đớp ruồi họng trắng', 'Cyornis concretus', 1, 221, 0, '', '', '', '', '', NULL, NULL, NULL, NULL, 1, NULL, NULL, NULL, NULL),
(1593, 'Đớp ruồi Hải Nam', 'C. hainanus', 1, 221, 0, '', '', '', '', '', NULL, NULL, NULL, NULL, 1, NULL, NULL, NULL, NULL),
(1594, 'Đớp ruồi họng hung', 'C. banyumas', 1, 221, 0, '', '', '', '', '', NULL, NULL, NULL, NULL, 1, NULL, NULL, NULL, NULL),
(1595, 'Đớp ruồi đầu xám', 'Culicicapa ceylonensis', 1, 221, 0, '', '', '', '', '', NULL, NULL, NULL, NULL, 1, NULL, NULL, NULL, NULL),
(1596, 'Chim xanh Nam bộ', 'Chloropsis cochinchinensis', 1, 178, 0, '', '', '', '', '', NULL, NULL, NULL, NULL, 1, NULL, NULL, NULL, NULL),
(1597, 'Chim xanh hông vàng', 'C. hardwickii', 1, 178, 0, '', '', '', '', '', NULL, NULL, NULL, NULL, 1, NULL, NULL, NULL, NULL),
(1598, 'Chim sâu vàng lục', 'D. concolor', 1, 223, 0, '', '', '', '', '', NULL, NULL, NULL, NULL, 1, NULL, NULL, NULL, NULL),
(1599, 'Chim sâu lưng đỏ', 'Dicaeum cruentatum', 1, 223, 0, '', '', '', '', '', NULL, NULL, NULL, NULL, 1, NULL, NULL, NULL, NULL),
(1600, 'Hút mật bụng vạch', 'Hypogramma hypogrammicum', 1, 223, 0, '', '', '', '', '', NULL, NULL, NULL, NULL, 1, NULL, NULL, NULL, NULL),
(1601, 'Hút mật họng tím', 'Nectarinia jugularis', 1, 223, 0, '', '', '', '', '', NULL, NULL, NULL, NULL, 1, NULL, NULL, NULL, NULL),
(1602, 'Hút mật họng vàng', 'Aethopyga gouldiae', 1, 223, 0, '', '', '', '', '', NULL, NULL, NULL, NULL, 1, NULL, NULL, NULL, NULL),
(1603, 'Hút mật đuôi nhọn', 'A. christinae', 1, 223, 0, '', '', '', '', '', NULL, NULL, NULL, NULL, 1, NULL, NULL, NULL, NULL),
(1604, 'Hút mật ngực đỏ', 'A. saturata', 1, 223, 0, '', '', '', '', '', NULL, NULL, NULL, NULL, 1, NULL, NULL, NULL, NULL),
(1605, 'Hút mật đỏ', 'Aethopyga siparaja', 1, 223, 0, '', '', '', '', '', NULL, NULL, NULL, NULL, 1, NULL, NULL, NULL, NULL),
(1606, 'Bắp chuối mỏ dài', 'Arachnothera longirostra', 1, 223, 0, '', '', '', '', '', NULL, NULL, NULL, NULL, 1, NULL, NULL, NULL, NULL),
(1607, 'Bắp chuối đốm đen', 'A. magna', 1, 223, 0, '', '', '', '', '', NULL, NULL, NULL, NULL, 1, NULL, NULL, NULL, NULL),
(1608, 'Sẻ nhà', 'Passer montanus', 1, 228, 0, '', '', '', '', '', NULL, NULL, NULL, NULL, 1, NULL, NULL, NULL, NULL),
(1609, 'Di cam', 'Lonchura striata', 1, 193, 0, '', '', '', '', '', NULL, NULL, NULL, NULL, 1, NULL, NULL, NULL, NULL),
(1610, 'Chìa vôi trắng', 'Motacilla alba', 1, 219, 0, '', '', '', '', '', NULL, NULL, NULL, NULL, 1, NULL, NULL, NULL, NULL),
(1611, 'Chìa vôi núi', 'M. cinerea', 1, 219, 0, '', '', '', '', '', NULL, NULL, NULL, NULL, 1, NULL, NULL, NULL, NULL),
(1612, 'Chim manh lớn', 'Anthus richardi', 1, 219, 0, '', '', '', '', '', NULL, NULL, NULL, NULL, 1, NULL, NULL, NULL, NULL),
(1613, 'Chim manh Vân Nam', 'A. hodgsoni', 1, 219, 0, '', '', '', '', '', NULL, NULL, NULL, NULL, 1, NULL, NULL, NULL, NULL),
(1614, 'Rồng đất', 'Physignathus cocincinus', 1, 161, 0, '', '', '', '', '', '25', '25', NULL, NULL, 1, NULL, NULL, NULL, NULL),
(1615, 'Ô rô vẩy', 'Acanthosaura lepidogaster', 1, 161, 0, '', '', '', '', '', NULL, NULL, NULL, NULL, 1, NULL, NULL, NULL, NULL),
(1616, 'Nhông em-ma', 'Calotes emma', 1, 161, 0, '', '', '', '', '', NULL, NULL, NULL, NULL, 1, NULL, NULL, NULL, NULL),
(1617, 'Thạch sùng ngón giả bốn vạch', 'Cyrtodactylus pseudoquadrivirrgatus', 1, 198, 0, '', '', '', '', '', NULL, NULL, NULL, NULL, 1, NULL, NULL, NULL, NULL),
(1618, 'Tắc kè', 'Gekko gecko', 1, 198, 0, '', '', '', '', '', NULL, '25', NULL, NULL, 1, NULL, NULL, NULL, NULL),
(1619, 'Thạch sùng đuôi thùy', 'Ptychozoon lionotum', 1, 198, 0, '', '', '', '', '', NULL, NULL, NULL, NULL, 1, NULL, NULL, NULL, NULL),
(1620, 'Thằn lằn bóng hoa', 'Eutropis multifasciata', 1, 246, 0, '', '', '', '', '', NULL, NULL, NULL, NULL, 1, NULL, NULL, NULL, NULL),
(1621, 'Thằn lằn co-ri-vo', 'Scincella reevesii', 1, 246, 0, '', '', '', '', '', NULL, NULL, NULL, NULL, 1, NULL, NULL, NULL, NULL),
(1622, 'Thằn lằn phe-no ấn độ', 'Sphenomorphus indicus ', 1, 246, 0, '', '', '', '', '', NULL, NULL, NULL, NULL, 1, NULL, NULL, NULL, NULL),
(1623, 'Thằn lằn tai nam bộ', 'Tropidophorus cocincinensis', 1, 246, 0, '', '', '', '', '', NULL, NULL, NULL, NULL, 1, NULL, NULL, NULL, NULL),
(1624, 'Kỳ đà hoa', 'Varanus salvator', 1, 265, 0, '', '', '', '', '', NULL, '24', '42', NULL, 1, NULL, NULL, NULL, NULL),
(1625, 'Trăn đất', 'Python molurus', 1, 239, 0, '', '', '', '', '', '25', '23', '42', NULL, 1, NULL, NULL, NULL, NULL),
(1626, 'Rắn mai gầm lát', 'Calamaria cf. pavimentata', 1, 182, 0, '', '', '', '', '', NULL, NULL, NULL, NULL, 1, NULL, NULL, NULL, NULL),
(1627, 'Rắn roi thường', 'Ahaetulla prasina', 1, 182, 0, '', '', '', '', '', NULL, NULL, NULL, NULL, 1, NULL, NULL, NULL, NULL),
(1628, 'Rắn ráo quảng tây', 'Boiga guangiensis', 1, 182, 0, '', '', '', '', '', NULL, NULL, NULL, NULL, 1, NULL, NULL, NULL, NULL),
(1629, 'Rắn leo cây ngân sơn', 'Dendrelaphis ngansonensis', 1, 182, 0, '', '', '', '', '', NULL, NULL, NULL, NULL, 1, NULL, NULL, NULL, NULL),
(1630, 'Rắn khuyết ẩn', 'Lycondon ruhstrati', 1, 182, 0, '', '', '', '', '', NULL, NULL, NULL, NULL, 1, NULL, NULL, NULL, NULL),
(1631, 'Rắn khuyết fut-sing', 'Lycodon futsingensis', 1, 182, 0, '', '', '', '', '', NULL, NULL, NULL, NULL, 1, NULL, NULL, NULL, NULL),
(1632, 'Rắn khuyết đốm', 'Lycodon fasciatus', 1, 182, 0, '', '', '', '', '', NULL, NULL, NULL, NULL, 1, NULL, NULL, NULL, NULL),
(1633, 'Rắn khiếm sp', 'Oligodon sp', 1, 182, 0, '', '', '', '', '', NULL, NULL, NULL, NULL, 1, NULL, NULL, NULL, NULL),
(1634, 'Rắn ráo trâu', 'Ptyas mucosa', 1, 182, 0, '', '', '', '', '', NULL, '24', '42', NULL, 1, NULL, NULL, NULL, NULL),
(1635, 'Rắn ri cá', 'Homalopsis buccata', 1, 182, 0, '', '', '', '', '', NULL, NULL, NULL, NULL, 1, NULL, NULL, NULL, NULL),
(1636, 'Rắn sãi mép trắng', 'Amphiesma leucomystax', 1, 182, 0, '', '', '', '', '', NULL, NULL, NULL, NULL, 1, NULL, NULL, NULL, NULL),
(1637, 'Rắn bình mũi trung bộ', 'Parahelicops annamensis', 1, 182, 0, '', '', '', '', '', NULL, NULL, NULL, NULL, 1, NULL, NULL, NULL, NULL),
(1638, 'Rắn hoa cỏ vàng', 'Rhabdophis cf. chrysargos', 1, 182, 0, '', '', '', '', '', NULL, NULL, NULL, NULL, 1, NULL, NULL, NULL, NULL),
(1639, 'Rắn hoa cỏ nhỏ', 'Rhabdophis subminiatus', 1, 182, 0, '', '', '', '', '', NULL, NULL, NULL, NULL, 1, NULL, NULL, NULL, NULL),
(1640, 'Rắn nước', 'Xenochrophis flavipunctatus', 1, 182, 0, '', '', '', '', '', NULL, NULL, NULL, NULL, 1, NULL, NULL, NULL, NULL),
(1641, 'Rắn hổ mây ham - ton ', 'Pareas hamptoni', 1, 182, 0, '', '', '', '', '', NULL, NULL, NULL, NULL, 1, NULL, NULL, NULL, NULL),
(1642, 'Rắn cạp nong', 'Bungarus fasciatus', 1, 191, 0, '', '', '', '', '', NULL, '24', NULL, NULL, 1, NULL, NULL, NULL, NULL),
(1643, 'Rắn hổ mang trung quốc', 'Naja atra', 1, 191, 0, '', '', '', '', '', '25', NULL, '42', NULL, 1, NULL, NULL, NULL, NULL),
(1644, 'Rắn hổ mang một mắt kính', 'Naja kaouthia', 1, 191, 0, '', '', '', '', '', NULL, NULL, '42', NULL, 1, NULL, NULL, NULL, NULL),
(1645, 'Rắn hổ mang chúa', 'Ophiophagus hannah', 1, 191, 0, '', '', '', '', '', '25', '23', '41', NULL, 1, NULL, NULL, NULL, NULL),
(1646, 'Rắn lục mép trắng', 'Cryptelytrops albolabris', 1, 267, 0, '', '', '', '', '', NULL, NULL, NULL, NULL, 1, NULL, NULL, NULL, NULL),
(1647, 'Rắn lục cườm ', 'Protobothrops mucrosquamatus', 1, 267, 0, '', '', '', '', '', NULL, NULL, NULL, NULL, 1, NULL, NULL, NULL, NULL),
(1648, 'Rắn lục von - gen', 'Viridovipera vogeli', 1, 267, 0, '', '', '', '', '', NULL, NULL, NULL, NULL, 1, NULL, NULL, NULL, NULL),
(1649, 'Rùa đầu to', 'Platysternon megacephalum', 1, 233, 0, '', '', '', '', '', '24', '24', '41', NULL, 1, NULL, NULL, NULL, NULL),
(1650, 'Rùa hộp bua-re', 'Cuora bourreti', 1, 199, 0, '', '', '', '', '', '23', NULL, '41', NULL, 1, NULL, NULL, NULL, NULL),
(1651, 'Rùa vàng', 'Coura cyclornata', 1, 199, 0, '', '', '', '', '', NULL, '23', '42', NULL, 1, NULL, NULL, NULL, NULL),
(1652, 'Rùa hộp trán vàng', 'Cuora galbinifrons', 1, 199, 0, '', '', '', '', '', '23', '24', '42', NULL, 1, NULL, NULL, NULL, NULL),
(1653, 'Rùa sa nhân', 'Cuora mouhotii', 1, 199, 0, '', '', '', '', '', '24', NULL, '42', NULL, 1, NULL, NULL, NULL, NULL),
(1654, 'Rùa đất se-pon', 'Cyclemys tcheponensis', 1, 199, 0, '', '', '', '', '', NULL, NULL, '42', NULL, 1, NULL, NULL, NULL, NULL),
(1655, 'Rùa bốn mắt', 'Sacalia quadriocellata', 1, 199, 0, '', '', '', '', '', '24', NULL, '42', NULL, 1, NULL, NULL, NULL, NULL),
(1656, 'Rùa núi viền', 'Manouria impressa ', 1, 257, 0, '', '', '', '', '', '25', '25', '42', NULL, 1, NULL, NULL, NULL, NULL),
(1657, 'Ba ba gai', 'Palea steindachneri', 1, 260, 0, '', '', '', '', '', '24', '25', '42', NULL, 1, NULL, NULL, NULL, NULL),
(1658, 'Cóc nhà', 'Duttaphrynus melanostictus', 1, 171, 0, '', '', '', '', '', NULL, NULL, NULL, NULL, 1, NULL, NULL, NULL, NULL),
(1659, 'Cóc rừng', 'Ingerophrynus galeatus', 1, 171, 0, '', '', '', '', '', NULL, '25', NULL, NULL, 1, NULL, NULL, NULL, NULL),
(1660, 'Cóc tai to', 'Ingerophrynus macrotis', 1, 171, 0, '', '', '', '', '', NULL, NULL, NULL, NULL, 1, NULL, NULL, NULL, NULL),
(1661, 'Cóc mắt trung gian', 'Brachytarsophrys intermedia ', 1, 215, 0, '', '', '', '', '', NULL, NULL, NULL, NULL, 1, NULL, NULL, NULL, NULL),
(1662, 'Cóc mày sần', 'Leptolalax tuberosus', 1, 215, 0, '', '', '', '', '', NULL, NULL, NULL, NULL, 1, NULL, NULL, NULL, NULL),
(1663, 'Cóc mày au-re-us', 'Leptolalax aureus', 1, 215, 0, '', '', '', '', '', NULL, NULL, NULL, NULL, 1, NULL, NULL, NULL, NULL),
(1664, 'Cóc núi han – x', 'Ophryophryne hansi', 1, 215, 0, '', '', '', '', '', NULL, NULL, NULL, NULL, 1, NULL, NULL, NULL, NULL),
(1665, 'Cóc núi miệng nhỏ', 'Ophryophryne microstoma', 1, 215, 0, '', '', '', '', '', NULL, NULL, NULL, NULL, 1, NULL, NULL, NULL, NULL),
(1666, 'Cóc mắt bên', 'Xenophrys major', 1, 215, 0, '', '', '', '', '', NULL, NULL, NULL, NULL, 1, NULL, NULL, NULL, NULL),
(1667, 'Nhái bầu hoa', 'Microhyla fissipes', 1, 217, 0, '', '', '', '', '', NULL, NULL, NULL, NULL, 1, NULL, NULL, NULL, NULL),
(1668, 'Nhái bầu hay - mon', 'Microhyla heymonsi', 1, 217, 0, '', '', '', '', '', NULL, NULL, NULL, NULL, 1, NULL, NULL, NULL, NULL),
(1669, 'Nhái bầu hoa cương', 'Microhyla marmorata', 1, 217, 0, '', '', '', '', '', NULL, NULL, NULL, NULL, 1, NULL, NULL, NULL, NULL),
(1670, 'Nhái bầu vân', 'Microhyla pulchra', 1, 217, 0, '', '', '', '', '', NULL, NULL, NULL, NULL, 1, NULL, NULL, NULL, NULL),
(1671, 'Ngóe', 'Fejervarya limnocharis', 1, 189, 0, '', '', '', '', '', NULL, NULL, NULL, NULL, 1, NULL, NULL, NULL, NULL),
(1672, 'Ếch đồng', 'Hoplobatrachus rugulosus', 1, 189, 0, '', '', '', '', '', NULL, NULL, NULL, NULL, 1, NULL, NULL, NULL, NULL),
(1673, 'Ếch hat - che', 'Limnonectes hascheanus', 1, 189, 0, '', '', '', '', '', NULL, NULL, NULL, NULL, 1, NULL, NULL, NULL, NULL),
(1674, 'Ếch trơn', 'Limnonectes kuhlii', 1, 189, 0, '', '', '', '', '', NULL, NULL, NULL, NULL, 1, NULL, NULL, NULL, NULL),
(1675, 'Ếch poi-lan', 'Limnonectes poilani', 1, 189, 0, '', '', '', '', '', NULL, NULL, NULL, NULL, 1, NULL, NULL, NULL, NULL),
(1676, 'Ếch trơn châu á', 'Limnonectes cf. asianensis', 1, 189, 0, '', '', '', '', '', NULL, NULL, NULL, NULL, 1, NULL, NULL, NULL, NULL),
(1677, 'Ếch Lim-bo-gi', 'Limnonectes limbogri ', 1, 189, 0, '', '', '', '', '', NULL, NULL, NULL, NULL, 1, NULL, NULL, NULL, NULL),
(1678, 'Ếch nhẽo nguyễn', 'Limnonectes cf. nguyenorum', 1, 189, 0, '', '', '', '', '', NULL, NULL, NULL, NULL, 1, NULL, NULL, NULL, NULL),
(1679, 'Ếch gai sần', 'Quasipaa verrucospinosa', 1, 189, 0, '', '', '', '', '', '29', NULL, NULL, NULL, 1, NULL, NULL, NULL, NULL),
(1680, 'Ếch at-ti-gua', 'Hylarana attigua', 1, 241, 0, '', '', '', '', '', NULL, NULL, NULL, NULL, 1, NULL, NULL, NULL, NULL),
(1681, 'Chẫu', 'Hylarana guentheri', 1, 241, 0, '', '', '', '', '', NULL, NULL, NULL, NULL, 1, NULL, NULL, NULL, NULL),
(1682, 'Ếch suối', 'Hylarana nigrovittata', 1, 241, 0, '', '', '', '', '', NULL, NULL, NULL, NULL, 1, NULL, NULL, NULL, NULL),
(1683, 'Ếch xanh', 'Odorrana chloronota', 1, 241, 0, '', '', '', '', '', NULL, NULL, NULL, NULL, 1, NULL, NULL, NULL, NULL),
(1684, 'Ếch mo-rap-ka', 'Odorrana morafkai', 1, 241, 0, '', '', '', '', '', NULL, NULL, NULL, NULL, 1, NULL, NULL, NULL, NULL),
(1685, 'Ếch mồ côi', 'Odorrana cf. orba', 1, 241, 0, '', '', '', '', '', NULL, NULL, NULL, NULL, 1, NULL, NULL, NULL, NULL),
(1686, 'Hiu hiu', 'Rana johnsi', 1, 241, 0, '', '', '', '', '', NULL, NULL, NULL, NULL, 1, NULL, NULL, NULL, NULL),
(1687, 'Nhái cây bà nà', 'Kurixalus banaensis', 1, 242, 0, '', '', '', '', '', NULL, NULL, NULL, NULL, 1, NULL, NULL, NULL, NULL),
(1688, 'Ếch cây gin-xiu', 'Philautus jinxiuensis', 1, 242, 0, '', '', '', '', '', '25', NULL, NULL, NULL, 1, NULL, NULL, NULL, NULL),
(1689, 'Ếch cây mép trắng', 'Polypedates leucomystax', 1, 242, 0, '', '', '', '', '', NULL, NULL, NULL, NULL, 1, NULL, NULL, NULL, NULL),
(1690, 'Ếch cây trung bộ', 'Rhacophorus annamensis', 1, 242, 0, '', '', '', '', '', NULL, NULL, NULL, NULL, 1, NULL, NULL, NULL, NULL),
(1691, 'Ếch cây nếp da mông', 'Rhacophurus exechopygus', 1, 242, 0, '', '', '', '', '', NULL, NULL, NULL, NULL, 1, NULL, NULL, NULL, NULL),
(1692, 'Ếch cây ki-o', 'Rhacophorus kio', 1, 242, 0, '', '', '', '', '', NULL, '24', NULL, NULL, 1, NULL, NULL, NULL, NULL),
(1693, 'Ếch cây ooc-lop', 'Rhacophurus orlovi', 1, 242, 0, '', '', '', '', '', NULL, NULL, NULL, NULL, 1, NULL, NULL, NULL, NULL),
(1694, 'Ếch cây sần việt nam', 'Theloderma cf. vietnamense', 1, 242, 0, '', '', '', '', '', NULL, NULL, NULL, NULL, 1, NULL, NULL, NULL, NULL),
(1695, 'Cá cân', 'Barbodes semifasciolatus (GÜNTHER, 1868)', 1, 188, 0, '', '', '', '', '', NULL, NULL, NULL, NULL, 1, NULL, NULL, NULL, NULL),
(1696, 'Cá nút', 'Crossocheilus reticulatus (Fowler, 1934)', 1, 188, 0, '', '', '', '', '', NULL, NULL, NULL, NULL, 1, NULL, NULL, NULL, NULL),
(1697, 'Cá sứt môi', 'Garra fuliginosa (Fowler, 1934)', 1, 188, 0, '', '', '', '', '', NULL, NULL, NULL, NULL, 1, NULL, NULL, NULL, NULL),
(1698, 'Cá mương', 'Hemiculter leucisculus (Basilewsky, 1855) ', 1, 188, 0, '', '', '', '', '', NULL, NULL, NULL, NULL, 1, NULL, NULL, NULL, NULL),
(1699, 'Cá sỉnh (cá niên)', 'Onychostoma gerlachi (Peters, 1881)', 1, 188, 0, '', '', '', '', '', NULL, NULL, NULL, NULL, 1, NULL, NULL, NULL, NULL),
(1700, 'Cá xanh', 'Onychostoma sp', 1, 188, 0, '', '', '', '', '', NULL, NULL, NULL, NULL, 1, NULL, NULL, NULL, NULL),
(1701, 'Cá cháo', 'Opsariichthys uncirostris (Gunther, 1874)', 1, 188, 0, '', '', '', '', '', NULL, NULL, NULL, NULL, 1, NULL, NULL, NULL, NULL),
(1702, 'Cá xảm 8 sọc ', 'Opsarius pulchellus (Smith, 1931) ', 1, 188, 0, '', '', '', '', '', NULL, NULL, NULL, NULL, 1, NULL, NULL, NULL, NULL),
(1703, 'Cá sao', 'Poropuntius sp', 1, 188, 0, '', '', '', '', '', NULL, NULL, NULL, NULL, 1, NULL, NULL, NULL, NULL),
(1704, 'Cá mại sọc', 'Rasbora paviana (Tirant, 1885) ', 1, 188, 0, '', '', '', '', '', NULL, NULL, NULL, NULL, 1, NULL, NULL, NULL, NULL),
(1705, 'Cá mại sọc bên (cá mại sọc)', 'Rasbora steineri', 1, 188, 0, '', '', '', '', '', NULL, NULL, NULL, NULL, 1, NULL, NULL, NULL, NULL),
(1706, 'Cá Chạch suối sọc ', 'Schistura fasciolata (Nichols & C. H.    Pope, 1927)  ', 1, 224, 0, '', '', '', '', '', NULL, NULL, NULL, NULL, 1, NULL, NULL, NULL, NULL),
(1707, 'Cá Đép cao  ', 'Sewellia sp2', 1, 197, 0, '', '', '', '', '', NULL, NULL, NULL, NULL, 1, NULL, NULL, NULL, NULL),
(1708, 'Cá vây băng', 'Vanmanenia serrilineata (Kottelat, 2000)', 1, 197, 0, '', '', '', '', '', NULL, NULL, NULL, NULL, 1, NULL, NULL, NULL, NULL),
(1709, 'Cá vây băng thường', 'Anamia normani (Hora, 1931', 1, 167, 0, '', '', '', '', '', NULL, NULL, NULL, NULL, 1, NULL, NULL, NULL, NULL),
(1710, 'Cá chạch hoa', 'Cobitis taenia (Linnaeus, 1758)', 1, 181, 0, '', '', '', '', '', NULL, NULL, NULL, NULL, 1, NULL, NULL, NULL, NULL),
(1711, 'Cá heo râu', 'Lepidocephalichthys  hasselti (Valenciennes, 1846)', 1, 181, 0, '', '', '', '', '', NULL, NULL, NULL, NULL, 1, NULL, NULL, NULL, NULL),
(1712, 'Cá heo', 'Yasuhikotakia eos (Taki, 1972)', 1, 169, 0, '', '', '', '', '', NULL, NULL, NULL, NULL, 1, NULL, NULL, NULL, NULL),
(1713, 'Cá trê  ', 'Clarias fuscus (Lacepede, 1803)', 1, 180, 0, '', '', '', '', '', NULL, NULL, NULL, NULL, 1, NULL, NULL, NULL, NULL),
(1714, 'Cá chiên suối', 'Glyptothorax macromaculatus (Li, 1984)', 1, 248, 0, '', '', '', '', '', NULL, NULL, NULL, NULL, 1, NULL, NULL, NULL, NULL),
(1715, 'Lươn đồng                                                           ', 'Monopterus albus (Zouiew, 1793)            ', 1, 255, 0, '', '', '', '', '', NULL, NULL, NULL, NULL, 1, NULL, NULL, NULL, NULL),
(1716, 'Lươn cuchia', 'Monopterus cuchia (F. Hamilton, 1822)', 1, 255, 0, '', '', '', '', '', NULL, NULL, NULL, NULL, 1, NULL, NULL, NULL, NULL),
(1717, 'Cá chạch sông (cá lấu)', 'Mastacembelus armatus (Lacepede, 1803)', 1, 212, 0, '', '', '', '', '', NULL, NULL, NULL, NULL, 1, NULL, NULL, NULL, NULL),
(1718, 'Cá chạch sông ', 'Macrognathus pancalus  (Hamilton, 1822)', 1, 212, 0, '', '', '', '', '', NULL, NULL, NULL, NULL, 1, NULL, NULL, NULL, NULL),
(1719, 'Cá Bống sọc ngang', 'Cryptrocentrus sp ', 1, 200, 0, '', '', '', '', '', NULL, NULL, NULL, NULL, 1, NULL, NULL, NULL, NULL),
(1720, 'Cá bống mắt      ', 'Rhinogobius ocellatus (Fowler, 1937)', 1, 200, 0, '', '', '', '', '', NULL, NULL, NULL, NULL, 1, NULL, NULL, NULL, NULL),
(1721, 'Cá chành đục (cá trầu núi)', 'Channa gachua  (Hamilton, 1822)', 1, 177, 0, '', '', '', '', '', NULL, NULL, NULL, NULL, 1, NULL, NULL, NULL, NULL),
(1722, 'Cá quả ', 'Channa striata (Bloch, 1792)', 1, 177, 0, '', '', '', '', '', NULL, NULL, NULL, NULL, 1, NULL, NULL, NULL, NULL),
(1723, 'Cá rô', 'Pristolepis fasciata (Bleeker, 1851) ', 1, 234, 0, '', '', '', '', '', NULL, NULL, NULL, NULL, 1, NULL, NULL, NULL, NULL),
(1724, 'Cá rô mó', 'Coreoperca whiteheadi (Boulenger, 1900)', 1, 229, 0, '', '', '', '', '', NULL, NULL, NULL, NULL, 1, NULL, NULL, '2022-02-22 17:00:52', '20'),
(1725, 'Cá đuôi cờ', 'Macropodus opercularis (Linnaeus, 1758)', 1, 226, 0, '', '', '', '', '', NULL, NULL, NULL, NULL, 1, NULL, NULL, NULL, NULL),
(1726, 'Cá nhói', 'Xenentodon cancila ', 1, 168, 0, '', '', '', '', '', NULL, NULL, NULL, NULL, 1, NULL, NULL, '2022-06-02 22:07:03', '20'),
(1727, 'Cá chình hoa', 'Anguilla marmorata (Quoy & Gaimard, 1824)', 1, 163, 0, '', '', '', '', '', '25', '25', NULL, NULL, 1, NULL, NULL, NULL, NULL),
(1730, 'Nai ', 'Rusa unicolor', 1, 175, 0, '', '', '', '', '', '0', '0', '0', NULL, 1, '2021-12-05 09:13:19', '20', '2023-06-20 16:25:53', '20'),
(1734, 'Kim tuyến đá vôi', 'Anoectochilus calcareus', 0, 104, 0, '', '', '', '', '', '0', '24', '31', NULL, 1, '2023-07-11 13:41:05', '20', '2023-07-11 13:41:08', '20'),
(1735, 'Hoàng tinh hoa trắng', 'Disporopsis longifolia Craib', 0, 69, 0, '', '', '', '', '', '0', '25', '32', NULL, 1, '2023-07-11 14:01:47', '20', '2023-07-11 14:10:57', '20'),
(1736, 'Cói hoa xòe', 'Cyperus diffusus Vahl.', 0, 49, 0, '', '', '', '', '', '6', '0', '0', NULL, 1, '2023-07-11 14:06:41', '20', '2023-07-11 14:06:43', '20'),
(1737, 'Chân rết giả', 'Appendicula reflexa', 0, 104, 0, '', '', '', '', '', '0', '0', '32', NULL, 1, '2023-07-18 10:08:44', '20', '2023-07-18 10:08:52', '20'),
(1738, 'Lan lọng đầu', 'Bulbophyllum sigaldiae Guill', 0, 104, 0, '', '', '', '', '', '0', '0', '32', NULL, 1, '2023-07-18 10:22:49', '20', '2023-07-18 10:22:55', '20'),
(1740, 'Lan lệ dương', 'Cyrtosia javanica', 0, 104, 0, '', '', '', '', '', '0', '0', '32', NULL, 1, '2023-07-18 11:01:09', '20', '2023-07-18 11:01:18', '20'),
(1741, 'Hồng cầu', 'Dendrobium aduncum', 0, 104, 0, '', '', '', '', '', '0', '0', '32', NULL, 1, '2023-07-18 13:33:31', '20', '2023-07-18 13:33:50', '20'),
(1742, 'Ngọc vân sáp', 'Dendrobium crepidatum Lindl. & Paxton 1850', 0, 104, 0, '', '', '', '', '', '0', '0', '32', NULL, 1, '2023-07-18 13:36:57', '20', '2023-07-18 13:36:59', '20'),
(1743, 'Thạch hộc hoa tím', 'Dendrobium hercoglossum Rchb. f. 1886', 0, 104, 0, '', '', '', '', '', '0', '0', '32', NULL, 1, '2023-07-18 13:45:27', '20', '2023-07-18 13:45:40', '20'),
(1744, 'Hoàng thảo một hoa', 'Dendrobium unicum Seidenfaden 1970', 0, 104, 0, '', '', '', '', '', '0', '0', '32', NULL, 1, '2023-07-18 13:50:10', '20', '2023-07-18 13:50:21', '20'),
(1745, 'Long tu', 'Dendrobium primulinum Lindley 1858', 0, 104, 0, '', '', '', '', '', '0', '0', '32', NULL, 1, '2023-07-18 13:55:12', '20', '2023-07-18 13:55:14', '20'),
(1746, 'Lăm tăm', 'Dendrobium terminale Par. & Rchb. f. 1874', 0, 104, 0, '', '', '', '', '', '0', '0', '32', NULL, 1, '2023-07-18 14:07:13', '20', '2023-07-18 14:07:29', '20'),
(1747, 'Ái lan lá rộng', 'Dienia ophrydis', 0, 104, 0, '', '', '', '', '', '0', '0', '32', NULL, 1, '2023-07-18 14:14:01', '20', '2023-07-18 14:14:07', '20'),
(1748, 'Nỉ lan thao', 'Eria thao Gagnep', 0, 104, 0, '', '', '', '', '', '0', '0', '32', NULL, 1, '2023-07-18 14:20:08', '20', '2023-07-18 14:20:10', '20'),
(1749, 'Nhẵn diệp gân', ' Liparis nervosa', 0, 104, 0, '', '', '', '', '', '0', '0', '32', NULL, 1, '2023-07-18 14:41:33', '20', '2023-07-18 14:51:04', '20'),
(1750, 'Tiêm nang lan', 'Kingidium deliciosum', 0, 104, 0, '', '', '', '', '', '0', '0', '32', NULL, 1, '2023-07-18 16:09:25', '20', '2023-07-18 16:09:32', '20'),
(1751, 'Gà so họng hung', 'Arborophila rufogularis', 1, 230, 0, '', '', '', '', '', '0', '0', '42', NULL, 1, '2023-08-02 10:09:31', '20', '2023-08-02 10:09:33', '20'),
(1752, 'Khướu má hung', 'Garrulax castanotis', 1, 258, 0, '', '', '', '', '', '0', '0', '42', NULL, 1, '2023-08-02 14:04:50', '20', '2023-08-02 14:04:52', '20'),
(1756, 'test loài', 'DFSFSDF', 1, 157, 0, '', '', '', '', '', '0', '0', '0', '0', 1, '2023-12-03 20:39:42', '81b0366a-0d23-49c9-70f7-08dbb3fec38d', '2023-12-03 20:39:42', NULL);

-- --------------------------------------------------------

--
-- Cấu trúc bảng cho bảng `lop`
--

CREATE TABLE `lop` (
  `id` int NOT NULL,
  `name` varchar(255) CHARACTER SET utf8mb4 COLLATE utf8mb4_0900_ai_ci DEFAULT NULL,
  `nameLatinh` varchar(255) CHARACTER SET utf8mb4 COLLATE utf8mb4_0900_ai_ci NOT NULL,
  `loai` tinyint(1) NOT NULL,
  `idNganh` int NOT NULL,
  `status` tinyint(1) NOT NULL,
  `createdAt` datetime DEFAULT NULL,
  `createdBy` varchar(255) CHARACTER SET utf8mb4 COLLATE utf8mb4_0900_ai_ci DEFAULT NULL,
  `updatedAt` datetime DEFAULT NULL,
  `updatedBy` varchar(255) CHARACTER SET utf8mb4 COLLATE utf8mb4_0900_ai_ci DEFAULT NULL
) ENGINE=InnoDB DEFAULT CHARSET=utf8mb4 COLLATE=utf8mb4_0900_ai_ci;

--
-- Đang đổ dữ liệu cho bảng `lop`
--

INSERT INTO `lop` (`id`, `name`, `nameLatinh`, `loai`, `idNganh`, `status`, `createdAt`, `createdBy`, `updatedAt`, `updatedBy`) VALUES
(1, 'Lớp Tuế', 'Cycadopsida', 0, 3, 1, NULL, NULL, NULL, NULL),
(2, 'Lớp Mộc tặc', 'Equisetopsida', 0, 2, 1, NULL, NULL, NULL, NULL),
(3, 'Lớp Gắm', 'Gnetopsida', 0, 3, 1, NULL, NULL, NULL, NULL),
(4, 'Lớp Quyển bá', 'Isoetopsida', 0, 4, 1, NULL, NULL, NULL, NULL),
(5, 'Lớp Loa kèn', 'Liliopsida', 0, 1, 1, NULL, NULL, NULL, NULL),
(6, 'Lớp Thông đất', 'Lycopodiopsida', 0, 4, 1, NULL, NULL, NULL, NULL),
(7, 'Lớp Ngọc lan', 'Magnoliopsida', 0, 1, 1, NULL, NULL, '2022-11-15 15:59:18', '20'),
(8, 'Lớp Móng ngựa', 'Marattiopsida', 0, 5, 1, NULL, NULL, NULL, NULL),
(9, 'Lớp Thông', 'Pinopsida', 0, 3, 1, NULL, NULL, '2022-11-15 15:59:11', '20'),
(10, 'Lớp Dương xỉ', 'Polypodiopsida', 0, 5, 1, NULL, NULL, NULL, NULL),
(11, 'LỚP CÁ VÂY TIA', 'ACTINOPTERYGII', 1, 6, 1, NULL, NULL, NULL, NULL),
(12, 'LỚP LƯỠNG CƯ', 'AMPHIBIA', 1, 6, 1, NULL, NULL, NULL, NULL),
(13, 'LỚP CHIM', 'AVES', 1, 6, 0, NULL, NULL, '2021-11-30 11:24:17', '20'),
(14, 'LỚP BÒ SÁT', 'LEPTILIA', 1, 6, 0, NULL, NULL, '2021-11-30 11:24:13', '20'),
(15, 'LỚP THÚ', 'MAMMALIA', 1, 6, 1, NULL, NULL, NULL, NULL),
(18, 'adadad', 'AA', 1, 6, 1, '2023-09-20 22:04:00', '7665e39a-567b-4233-971e-08dbb1bc5e0f', '2023-09-20 22:04:00', NULL),
(20, 'test lớp', 'DẤDADA', 1, 6, 1, '2023-12-03 20:38:23', '81b0366a-0d23-49c9-70f7-08dbb3fec38d', '2023-12-03 20:38:23', NULL);

-- --------------------------------------------------------

--
-- Cấu trúc bảng cho bảng `message`
--

CREATE TABLE `message` (
  `id` int NOT NULL,
  `name` varchar(255) DEFAULT NULL,
  `email` varchar(255) DEFAULT NULL,
  `phone` varchar(15) DEFAULT NULL,
  `rPH` tinyint(1) NOT NULL,
  `content` varchar(360) NOT NULL,
  `status` tinyint(1) NOT NULL DEFAULT '0',
  `note` varchar(255) DEFAULT NULL
) ENGINE=InnoDB DEFAULT CHARSET=utf8mb4 COLLATE=utf8mb4_0900_ai_ci;

-- --------------------------------------------------------

--
-- Cấu trúc bảng cho bảng `news`
--

CREATE TABLE `news` (
  `id` int NOT NULL,
  `title` varchar(255) NOT NULL,
  `image` varchar(255) NOT NULL,
  `rPH` tinyint(1) NOT NULL,
  `content` text NOT NULL,
  `status` tinyint(1) NOT NULL,
  `author` varchar(255) NOT NULL,
  `createdAt` datetime DEFAULT NULL,
  `updatedAt` datetime DEFAULT NULL
) ENGINE=InnoDB DEFAULT CHARSET=utf8mb4 COLLATE=utf8mb4_0900_ai_ci;

-- --------------------------------------------------------

--
-- Cấu trúc bảng cho bảng `nganh`
--

CREATE TABLE `nganh` (
  `id` int NOT NULL,
  `name` varchar(255) CHARACTER SET utf8mb4 COLLATE utf8mb4_0900_ai_ci DEFAULT NULL,
  `nameLatinh` varchar(255) CHARACTER SET utf8mb4 COLLATE utf8mb4_0900_ai_ci NOT NULL,
  `loai` tinyint(1) NOT NULL,
  `status` tinyint(1) NOT NULL,
  `createdAt` datetime DEFAULT NULL,
  `createdBy` varchar(255) CHARACTER SET utf8mb4 COLLATE utf8mb4_0900_ai_ci DEFAULT NULL,
  `updatedAt` datetime DEFAULT NULL,
  `updatedBy` varchar(255) CHARACTER SET utf8mb4 COLLATE utf8mb4_0900_ai_ci DEFAULT NULL
) ENGINE=InnoDB DEFAULT CHARSET=utf8mb4 COLLATE=utf8mb4_0900_ai_ci;

--
-- Đang đổ dữ liệu cho bảng `nganh`
--

INSERT INTO `nganh` (`id`, `name`, `nameLatinh`, `loai`, `status`, `createdAt`, `createdBy`, `updatedAt`, `updatedBy`) VALUES
(1, 'NGÀNH THỰC VẬT HẠT KÍN', 'ANGIOSPERMAE', 0, 1, NULL, NULL, '2021-11-29 11:20:09', '20'),
(2, 'NGÀNH MỘC TẶC', 'EQUISETOPHYTA', 0, 1, NULL, NULL, '2021-11-29 11:20:08', '20'),
(3, 'NGÀNH HẠT TRẦN', 'GYMNOSPERMAE', 0, 1, NULL, NULL, '2021-11-29 11:20:08', '20'),
(4, 'NGÀNH THÔNG ĐẤT', 'LYCOPODIOPHYTA', 0, 1, NULL, NULL, '2021-11-30 15:45:36', '20'),
(5, 'NGÀNH DƯƠNG XỈ', 'POLYPODIOPHYTA', 0, 1, NULL, NULL, '2021-11-29 11:20:06', '20'),
(6, 'NGÀNH CÓ DÂY SỐNG', 'CHORDATA', 1, 1, NULL, NULL, '2023-08-04 09:09:41', '20'),
(9, 'test ngành', 'dấdadsada', 1, 1, '2023-09-20 16:38:29', '7665e39a-567b-4233-971e-08dbb1bc5e0f', '2023-09-20 16:38:29', NULL),
(15, 'test ngành', 'CHORDATA1', 1, 1, '2023-12-03 19:38:44', '81b0366a-0d23-49c9-70f7-08dbb3fec38d', '2023-12-03 19:38:44', NULL),
(16, 'Test ngành', 'TEST NGÀNH', 1, 1, '2024-01-20 18:11:46', '7eb66148-be65-4bfb-a65e-08dc19c26e41', '2024-01-20 18:11:46', NULL);

-- --------------------------------------------------------

--
-- Cấu trúc bảng cho bảng `user`
--

CREATE TABLE `user` (
  `id` int NOT NULL,
  `name` varchar(255) CHARACTER SET utf8mb4 COLLATE utf8mb4_unicode_ci NOT NULL,
  `password` varchar(128) CHARACTER SET utf8mb4 COLLATE utf8mb4_unicode_ci NOT NULL,
  `email` varchar(255) CHARACTER SET utf8mb4 COLLATE utf8mb4_unicode_ci NOT NULL,
  `phone` varchar(15) CHARACTER SET utf8mb4 COLLATE utf8mb4_unicode_ci DEFAULT NULL,
  `gender` varchar(10) CHARACTER SET utf8mb4 COLLATE utf8mb4_unicode_ci DEFAULT NULL,
  `dob` date DEFAULT NULL,
  `address` varchar(255) CHARACTER SET utf8mb4 COLLATE utf8mb4_unicode_ci DEFAULT NULL,
  `createdAt` datetime DEFAULT NULL,
  `updatedAt` datetime DEFAULT NULL,
  `lastSigninedTime` datetime DEFAULT NULL,
  `status` tinyint(1) NOT NULL DEFAULT '0',
  `role` varchar(255) CHARACTER SET utf8mb4 COLLATE utf8mb4_unicode_ci DEFAULT NULL
) ENGINE=InnoDB DEFAULT CHARSET=utf8mb4 COLLATE=utf8mb4_unicode_ci;

--
-- Đang đổ dữ liệu cho bảng `user`
--

INSERT INTO `user` (`id`, `name`, `password`, `email`, `phone`, `gender`, `dob`, `address`, `createdAt`, `updatedAt`, `lastSigninedTime`, `status`, `role`) VALUES
(1, 'Administrator', '$2y$13$5sd0Si3Pnab5Adav7RtkG.AwXWMhPv3YEHeFwhlEJJuXvrTV57cjy', 'administrator@gmail.com', '', 'FEMALE', NULL, NULL, '2020-10-27 10:40:41', '2023-07-03 03:03:21', '2023-07-03 10:03:21', 1, 'ROLE_ADMIN'),
(2, 'user', '$2a$12$4pGP92kC4jFPoeAyxSGfwuZ87BX9i8MrWKPXhgXwYTKOvr898lS6i', 'user@gmail.com', '0987654321', '0', NULL, NULL, '2024-07-27 09:31:00', '2024-07-27 09:31:00', NULL, 0, 'ROLE_USER'),
(3, 'Admin Bắc Hướng Hóa', '$2y$13$RxtJ25TACEYq/PfXwrAQPeI337tEN0hg9kKALaKmohSxl8s85FjeS', 'admin@bachuonghoa.com', '0978111003', 'MALE', NULL, NULL, '2021-10-29 13:49:05', '2023-08-04 05:38:55', '2023-08-04 12:38:55', 1, 'ROLE_ADMIN'),
(4, 'admin', '$2a$12$1fu4nQwmbmdBSIgDrueU7O1DrEpjSPHxT1I7QJPX0otoCjEi8XERO', 'admin@gmail.com', '0123456789', '0', NULL, NULL, '2024-07-27 09:29:22', '2024-07-27 09:29:22', NULL, 1, 'ROLE_ADMIN'),
(7, 'admin1', '$2a$12$qCbcUusCBZEK9rPBB6.gs.iaGGqjkOntPQPyslStMAvK8E8rzhl.K', 'string', 'string', 'string', '2024-07-31', 'string', '2024-07-31 16:38:29', '2024-07-31 16:38:29', '2024-07-31 09:38:13', 1, 'ROLE_ADMIN'),
(8, 'string', '$2a$12$7O17UZ4u3ydLw9DYGSdM/.4lThCA6Y8IqN7YNVWT6oSv4x6Sgy5AW', 'string1', 'string1', 'string', '2024-08-01', 'string', '2024-08-01 15:43:47', '2024-08-01 15:43:47', '2024-08-01 08:42:59', 1, 'ROLE_USER');

--
-- Chỉ mục cho các bảng đã đổ
--

--
-- Chỉ mục cho bảng `banner`
--
ALTER TABLE `banner`
  ADD PRIMARY KEY (`id`);

--
-- Chỉ mục cho bảng `bo`
--
ALTER TABLE `bo`
  ADD PRIMARY KEY (`id`),
  ADD KEY `FK_bo` (`idLop`);

--
-- Chỉ mục cho bảng `ho`
--
ALTER TABLE `ho`
  ADD PRIMARY KEY (`id`),
  ADD KEY `FK_ho` (`idBo`);

--
-- Chỉ mục cho bảng `introduce`
--
ALTER TABLE `introduce`
  ADD PRIMARY KEY (`id`);

--
-- Chỉ mục cho bảng `loai`
--
ALTER TABLE `loai`
  ADD PRIMARY KEY (`id`),
  ADD KEY `FK_loai` (`idHo`);

--
-- Chỉ mục cho bảng `lop`
--
ALTER TABLE `lop`
  ADD PRIMARY KEY (`id`),
  ADD KEY `FK_lop` (`idNganh`);

--
-- Chỉ mục cho bảng `nganh`
--
ALTER TABLE `nganh`
  ADD PRIMARY KEY (`id`);

--
-- Chỉ mục cho bảng `user`
--
ALTER TABLE `user`
  ADD PRIMARY KEY (`id`);

--
-- AUTO_INCREMENT cho các bảng đã đổ
--

--
-- AUTO_INCREMENT cho bảng `banner`
--
ALTER TABLE `banner`
  MODIFY `id` int NOT NULL AUTO_INCREMENT;

--
-- AUTO_INCREMENT cho bảng `bo`
--
ALTER TABLE `bo`
  MODIFY `id` int NOT NULL AUTO_INCREMENT, AUTO_INCREMENT=129;

--
-- AUTO_INCREMENT cho bảng `ho`
--
ALTER TABLE `ho`
  MODIFY `id` int NOT NULL AUTO_INCREMENT, AUTO_INCREMENT=275;

--
-- AUTO_INCREMENT cho bảng `introduce`
--
ALTER TABLE `introduce`
  MODIFY `id` int NOT NULL AUTO_INCREMENT;

--
-- AUTO_INCREMENT cho bảng `loai`
--
ALTER TABLE `loai`
  MODIFY `id` int NOT NULL AUTO_INCREMENT, AUTO_INCREMENT=1758;

--
-- AUTO_INCREMENT cho bảng `lop`
--
ALTER TABLE `lop`
  MODIFY `id` int NOT NULL AUTO_INCREMENT, AUTO_INCREMENT=22;

--
-- AUTO_INCREMENT cho bảng `nganh`
--
ALTER TABLE `nganh`
  MODIFY `id` int NOT NULL AUTO_INCREMENT, AUTO_INCREMENT=20;

--
-- AUTO_INCREMENT cho bảng `user`
--
ALTER TABLE `user`
  MODIFY `id` int NOT NULL AUTO_INCREMENT, AUTO_INCREMENT=9;

--
-- Các ràng buộc cho các bảng đã đổ
--

--
-- Các ràng buộc cho bảng `bo`
--
ALTER TABLE `bo`
  ADD CONSTRAINT `FK_bo` FOREIGN KEY (`idLop`) REFERENCES `lop` (`id`);

--
-- Các ràng buộc cho bảng `ho`
--
ALTER TABLE `ho`
  ADD CONSTRAINT `FK_ho` FOREIGN KEY (`idBo`) REFERENCES `bo` (`id`);

--
-- Các ràng buộc cho bảng `loai`
--
ALTER TABLE `loai`
  ADD CONSTRAINT `FK_loai` FOREIGN KEY (`idHo`) REFERENCES `ho` (`id`);

--
-- Các ràng buộc cho bảng `lop`
--
ALTER TABLE `lop`
  ADD CONSTRAINT `FK_lop` FOREIGN KEY (`idNganh`) REFERENCES `nganh` (`id`);
COMMIT;

/*!40101 SET CHARACTER_SET_CLIENT=@OLD_CHARACTER_SET_CLIENT */;
/*!40101 SET CHARACTER_SET_RESULTS=@OLD_CHARACTER_SET_RESULTS */;
/*!40101 SET COLLATION_CONNECTION=@OLD_COLLATION_CONNECTION */;
